city,month,temperature_celsius,humidity_percent,device_type,star_rating,usage_hours,energy_consumption_kwh
Mumbai,4,33.2,73.0,Desktop Computer,4,7.4,1.9513
Satara,1,20.8,41.5,Iron,5,1.0,0.9028
Mumbai,4,29.4,72.8,Washing Machine,3,0.5,0.2934
Satara,7,24.0,83.3,Ceiling Fan,3,7.4,0.6997
Mumbai,1,17.4,19.6,Microwave Oven,2,8.5,10.7289
Satara,8,37.8,56.1,LED TV,2,20.6,2.0933
Mumbai,11,31.5,73.1,Water Heater (Geyser),3,18.1,47.3335
Satara,6,29.2,40.3,Air Conditioner,5,7.3,13.1845
Mumbai,5,32.7,57.8,Washing Machine,3,1.2,0.6941
Mumbai,10,41.7,45.6,Ceiling Fan,2,14.5,2.0085
Mumbai,7,26.3,87.3,Iron,2,0.9,1.0634
Mumbai,3,28.3,69.3,Desktop Computer,1,4.9,1.7693
Mumbai,1,21.5,65.2,Iron,2,0.7,0.7897
Mumbai,3,27.5,61.7,LED TV,3,7.3,0.6309
Mumbai,11,26.9,61.4,Washing Machine,3,1.6,0.9144
Satara,5,31.3,46.0,Ceiling Fan,3,14.8,1.5136
Mumbai,1,14.9,76.2,Desktop Computer,3,0.5,0.1354
Satara,3,26.5,49.9,Air Conditioner,5,3.1,5.3833
Mumbai,5,31.2,75.5,Iron,4,0.5,0.5347
Mumbai,4,33.2,61.3,Room Heater,3,2.6,6.1357
Satara,10,31.8,60.8,Refrigerator,1,23.8,6.5093
Mumbai,3,27.3,62.4,Iron,4,0.5,0.509
Satara,7,24.5,82.6,Water Heater (Geyser),5,1.4,2.8161
Satara,8,24.2,83.8,Washing Machine,1,1.7,1.2535
Mumbai,4,29.6,69.8,LED TV,1,6.7,0.7357
Satara,8,26.4,77.7,Water Heater (Geyser),4,0.9,2.0773
Mumbai,6,31.2,87.7,Room Heater,2,2.8,7.2736
Mumbai,8,29.2,98.0,Washing Machine,1,1.2,0.9418
Satara,1,40.4,20.3,Ceiling Fan,2,13.7,1.7683
Mumbai,11,31.7,50.0,Air Conditioner,5,4.6,8.8335
Satara,11,27.5,52.8,Washing Machine,1,1.1,0.7845
Satara,3,25.8,28.7,Washing Machine,4,0.8,0.3715
Satara,12,23.6,43.7,Air Conditioner,1,10.5,27.4284
Satara,11,25.6,40.8,Refrigerator,3,20.4,3.8075
Satara,10,28.4,66.8,Iron,5,1.0,0.9536
Mumbai,10,36.7,69.3,Iron,5,13.4,13.5117
Satara,5,36.9,78.2,Iron,4,23.6,25.7036
Satara,7,25.4,81.9,Water Heater (Geyser),2,2.6,7.3125
Satara,5,31.9,51.8,Microwave Oven,5,1.3,1.4821
Mumbai,6,30.7,70.3,Ceiling Fan,4,12.7,1.0825
Mumbai,7,30.6,85.5,Ceiling Fan,4,12.9,1.1389
Satara,8,26.1,88.9,Refrigerator,4,23.3,4.0139
Satara,5,32.8,55.5,Washing Machine,2,1.7,1.1062
Satara,7,11.1,66.8,Water Heater (Geyser),3,3.0,6.36
Mumbai,8,11.8,71.3,Room Heater,2,23.5,48.2018
Mumbai,12,27.5,62.3,Microwave Oven,4,1.2,1.4977
Mumbai,11,21.3,62.8,Refrigerator,4,20.4,3.1777
Satara,12,14.4,68.1,Room Heater,2,14.5,30.7292
Satara,6,16.3,75.0,Room Heater,3,16.9,33.2178
Mumbai,3,25.7,71.0,Washing Machine,2,0.9,0.5788
Mumbai,8,29.2,84.4,Iron,5,0.6,0.607
Satara,11,31.3,60.2,Ceiling Fan,5,19.1,1.2794
Satara,4,19.4,32.6,Ceiling Fan,2,4.4,0.4198
Satara,10,25.2,54.5,LED TV,5,3.8,0.2682
Satara,9,28.2,84.7,LED TV,4,6.2,0.5079
Mumbai,4,30.4,62.1,LED TV,4,4.1,0.339
Mumbai,10,30.2,79.6,Refrigerator,3,20.7,4.2879
Satara,12,21.5,39.3,Air Conditioner,5,4.0,6.1529
Satara,10,23.4,37.1,Water Heater (Geyser),1,14.9,41.8655
Satara,11,24.4,49.9,Water Heater (Geyser),4,1.5,3.2126
Satara,4,32.9,52.0,Refrigerator,2,23.5,5.6921
Mumbai,12,24.2,67.2,Desktop Computer,1,2.6,0.8983
Mumbai,6,31.6,76.6,Refrigerator,4,23.6,4.2482
Mumbai,7,40.7,46.0,Air Conditioner,1,20.1,74.0976
Satara,9,24.3,80.1,Air Conditioner,5,4.0,6.8467
Mumbai,5,34.3,84.8,Refrigerator,4,10.1,1.9284
Satara,6,28.6,77.8,Desktop Computer,3,5.8,1.7007
Mumbai,9,32.8,71.4,Ceiling Fan,5,9.8,0.6721
Mumbai,1,30.6,65.7,Ceiling Fan,4,6.6,0.5693
Satara,8,23.8,89.1,Desktop Computer,2,9.1,2.9294
Mumbai,4,30.0,56.4,Washing Machine,5,0.8,0.3347
Satara,3,28.1,36.7,Room Heater,5,6.0,10.6497
Satara,10,13.5,87.8,Microwave Oven,3,8.2,10.7823
Mumbai,8,12.3,63.3,Washing Machine,1,23.2,15.4965
Mumbai,11,16.2,77.7,Iron,3,23.0,24.7833
Mumbai,2,28.5,56.9,Washing Machine,1,1.0,0.7276
Satara,6,30.9,62.3,Refrigerator,1,21.2,5.6422
Satara,12,25.9,62.6,Washing Machine,2,14.5,9.4325
Mumbai,4,45.1,83.1,Ceiling Fan,1,12.8,2.2491
Mumbai,12,29.8,73.2,Microwave Oven,2,0.7,1.0695
Mumbai,1,27.9,65.9,Desktop Computer,3,4.4,1.2436
Mumbai,9,27.9,74.7,Air Conditioner,3,10.3,25.0267
Satara,2,42.4,41.4,LED TV,4,19.7,1.6467
Mumbai,9,29.1,90.1,Ceiling Fan,1,13.0,1.8509
Satara,6,28.9,67.3,Microwave Oven,3,0.6,0.8249
Satara,6,30.3,81.6,Air Conditioner,2,8.6,25.1749
Satara,8,28.1,80.2,Ceiling Fan,5,23.7,1.5189
Mumbai,5,34.3,82.5,Water Heater (Geyser),3,0.9,2.5283
Satara,4,30.4,30.0,LED TV,5,3.1,0.2091
Mumbai,1,26.6,59.6,Refrigerator,3,20.9,4.0729
Mumbai,12,28.3,60.0,Washing Machine,3,1.5,0.847
Satara,10,29.0,51.7,Washing Machine,5,1.8,0.7271
Satara,9,23.8,59.7,LED TV,1,4.7,0.4852
Satara,12,41.0,31.6,Iron,1,1.4,1.7224
Satara,7,14.5,69.9,Ceiling Fan,4,19.2,1.2432
Mumbai,5,28.5,66.8,Air Conditioner,2,8.1,22.3391
Satara,8,24.4,78.8,Room Heater,4,1.7,3.4053
Satara,11,37.9,88.3,Microwave Oven,1,4.1,7.0729
Satara,2,24.0,42.7,Washing Machine,1,1.3,0.8864
Mumbai,9,31.1,81.4,Air Conditioner,3,4.1,10.8535
Satara,4,34.4,51.2,Water Heater (Geyser),1,0.6,1.9166
Satara,12,22.0,46.9,LED TV,5,3.0,0.2049
Satara,5,32.5,62.4,Iron,4,0.7,0.7255
Mumbai,8,42.1,43.4,Microwave Oven,1,10.3,16.9914
Mumbai,2,25.4,55.1,Washing Machine,5,1.3,0.5143
Mumbai,3,23.4,36.2,Microwave Oven,4,8.7,10.0869
Mumbai,12,27.0,62.8,Ceiling Fan,5,13.6,0.8432
Satara,6,28.8,69.1,LED TV,4,6.1,0.495
Satara,10,25.9,66.5,Ceiling Fan,2,10.5,1.1791
Mumbai,1,27.3,61.8,Ceiling Fan,5,14.3,0.9035
Satara,12,29.8,85.2,Microwave Oven,3,22.9,32.2032
Mumbai,2,25.5,66.6,Room Heater,2,3.8,8.9719
Mumbai,12,21.1,43.5,Desktop Computer,1,11.3,3.7067
Mumbai,9,28.3,83.3,Room Heater,3,2.8,6.4167
Satara,1,17.3,42.4,Microwave Oven,3,1.2,1.458
Mumbai,8,30.7,87.4,Iron,5,1.2,1.2104
Mumbai,9,29.9,85.8,Microwave Oven,4,1.0,1.3129
Mumbai,4,29.9,72.4,Washing Machine,4,1.1,0.553
Mumbai,9,30.9,86.2,Microwave Oven,1,1.4,2.2843
Mumbai,11,11.3,71.7,Air Conditioner,3,20.6,33.0018
Mumbai,4,42.3,64.3,Water Heater (Geyser),5,4.9,11.5157
Satara,7,26.3,81.5,Refrigerator,3,23.8,4.7243
Mumbai,11,32.5,58.6,Iron,2,2.6,3.0837
Satara,11,23.2,48.5,Ceiling Fan,3,10.4,0.9382
Satara,5,34.8,64.1,Iron,4,1.3,1.356
Mumbai,3,29.3,57.3,Ceiling Fan,3,19.5,1.9468
Mumbai,10,28.5,65.9,Ceiling Fan,2,5.9,0.6906
Mumbai,12,25.2,55.2,Desktop Computer,4,5.6,1.3758
Satara,8,22.5,85.0,Air Conditioner,3,10.6,23.4078
Mumbai,5,32.0,82.3,Air Conditioner,4,2.9,6.7819
Mumbai,7,29.5,85.2,Ceiling Fan,3,11.7,1.2292
Satara,11,25.1,45.3,Refrigerator,2,20.5,4.3181
Satara,12,19.3,36.0,Room Heater,3,5.0,9.9817
Mumbai,8,27.8,85.0,Room Heater,3,5.3,12.2326
Mumbai,9,33.2,90.2,Microwave Oven,2,0.9,1.4008
Mumbai,11,29.5,62.8,Water Heater (Geyser),5,1.8,3.6429
Mumbai,7,29.6,89.2,Washing Machine,2,0.9,0.611
Satara,8,23.1,76.7,Desktop Computer,3,7.2,2.0388
Mumbai,6,29.7,89.1,LED TV,5,6.0,0.447
Satara,5,33.1,49.2,Air Conditioner,5,6.8,13.426
Mumbai,9,28.5,74.6,Water Heater (Geyser),3,2.5,6.4132
Mumbai,1,25.5,47.6,Microwave Oven,3,2.1,2.7496
Mumbai,2,25.4,58.9,Ceiling Fan,3,13.2,1.2652
Satara,12,30.6,66.9,Ceiling Fan,2,23.4,2.87
Satara,1,42.5,24.6,Refrigerator,5,0.9,0.138
Mumbai,10,18.3,53.6,Iron,4,9.9,9.5774
Mumbai,7,27.6,88.3,Iron,4,0.8,0.8607
Satara,12,24.9,42.3,Iron,3,1.4,1.4591
Mumbai,5,35.2,58.4,Air Conditioner,4,11.9,28.2394
Satara,5,22.2,54.5,Microwave Oven,4,1.4,1.6386
Mumbai,2,24.0,61.7,Washing Machine,5,0.8,0.3141
Satara,7,21.5,85.5,Air Conditioner,4,10.7,20.5023
Satara,7,25.4,82.6,Ceiling Fan,5,9.5,0.5961
Mumbai,9,18.7,37.6,Desktop Computer,5,4.8,0.9428
Satara,11,27.8,36.9,Air Conditioner,2,8.3,21.4537
Satara,2,24.0,45.5,Washing Machine,5,0.8,0.3083
Satara,4,28.8,44.1,Air Conditioner,1,4.9,14.1542
Mumbai,7,20.8,65.3,Ceiling Fan,1,14.2,1.7329
Mumbai,7,27.0,91.7,Water Heater (Geyser),5,1.7,3.5519
Satara,1,21.2,48.5,Washing Machine,5,1.4,0.5488
Satara,5,33.3,48.7,Water Heater (Geyser),5,2.0,4.1209
Satara,4,26.5,71.0,Refrigerator,2,20.8,4.6737
Mumbai,7,45.7,40.3,Desktop Computer,4,19.3,5.2414
Satara,3,27.0,24.4,Ceiling Fan,2,4.4,0.4797
Satara,2,27.1,40.2,Room Heater,1,3.1,7.588
Mumbai,3,30.5,55.1,Water Heater (Geyser),2,2.9,8.1227
Mumbai,2,23.6,57.1,Ceiling Fan,5,15.4,0.9046
Mumbai,1,25.0,53.5,Air Conditioner,2,3.2,7.9405
Mumbai,12,28.4,49.0,Ceiling Fan,1,10.5,1.3855
Mumbai,5,32.3,70.3,Ceiling Fan,5,9.6,0.6594
Satara,2,25.1,51.3,Desktop Computer,3,8.8,2.4398
Mumbai,12,25.1,63.1,Desktop Computer,3,7.0,1.9585
Satara,7,23.0,77.1,Desktop Computer,2,4.8,1.507
Mumbai,6,31.7,73.2,Water Heater (Geyser),5,2.7,5.7929
Mumbai,10,41.3,83.9,Iron,1,2.0,2.6976
Satara,2,29.7,37.7,Washing Machine,3,0.8,0.4424
Mumbai,4,32.2,68.2,Desktop Computer,1,17.2,6.3067
Mumbai,5,34.2,71.2,Air Conditioner,3,5.2,14.3846
Mumbai,11,30.9,62.1,Microwave Oven,1,0.9,1.457
Mumbai,8,27.2,16.8,Air Conditioner,1,11.0,30.0033
Mumbai,3,13.5,62.1,Microwave Oven,2,13.0,17.5486
Mumbai,10,28.7,73.8,Water Heater (Geyser),2,1.8,5.1098
Mumbai,3,32.2,63.1,Microwave Oven,2,1.3,1.9464
Satara,7,24.0,84.1,Microwave Oven,3,0.4,0.5446
Satara,8,23.8,79.2,Water Heater (Geyser),4,2.1,4.6975
Mumbai,4,30.1,68.8,Desktop Computer,5,2.7,0.5901
Satara,4,28.3,43.2,Refrigerator,4,22.7,3.6098
Mumbai,4,37.9,49.5,Iron,3,11.0,12.3263
Satara,6,36.2,60.8,Washing Machine,3,15.1,9.1822
Mumbai,11,25.1,61.9,Microwave Oven,2,1.2,1.7311
Mumbai,7,27.1,90.2,Microwave Oven,2,1.1,1.662
Satara,2,27.3,41.7,Ceiling Fan,2,15.3,1.7487
Satara,3,37.4,43.2,Ceiling Fan,2,2.2,0.2884
Mumbai,11,28.0,52.4,Air Conditioner,5,3.6,6.4108
Mumbai,8,31.4,91.7,Microwave Oven,4,0.5,0.6671
Mumbai,7,29.2,90.7,Microwave Oven,3,1.3,1.7975
Mumbai,10,13.1,38.6,Refrigerator,1,23.7,4.7773
Satara,11,26.1,69.4,LED TV,5,3.9,0.276
Mumbai,7,26.1,68.1,Air Conditioner,5,2.2,3.8376
Mumbai,10,32.4,74.1,Room Heater,2,5.7,14.4905
Mumbai,5,17.3,20.5,Room Heater,4,20.9,36.1382
Mumbai,2,38.8,55.0,Room Heater,4,21.9,48.8338
Mumbai,11,33.2,60.6,Water Heater (Geyser),2,1.2,3.52
Satara,6,46.2,25.4,Air Conditioner,2,16.6,58.1834
Satara,10,41.7,65.1,Desktop Computer,1,12.5,4.8847
Mumbai,3,19.5,33.0,Desktop Computer,4,12.7,2.9089
Mumbai,8,29.1,89.5,Microwave Oven,1,0.8,1.3278
Mumbai,10,29.8,84.0,Ceiling Fan,1,14.0,2.0313
Mumbai,6,32.6,83.9,LED TV,3,7.3,0.6795
Mumbai,11,30.4,81.5,LED TV,4,5.3,0.4356
Mumbai,1,29.2,63.6,Iron,4,0.4,0.4199
Mumbai,12,28.8,72.1,Air Conditioner,2,7.8,21.5162
Mumbai,2,43.1,78.4,Air Conditioner,4,15.2,43.1933
Satara,4,29.3,50.0,Ceiling Fan,1,9.9,1.337
Satara,4,27.1,47.8,Ceiling Fan,1,9.9,1.2699
Satara,1,47.5,70.8,Refrigerator,4,8.1,1.7188
Mumbai,6,30.8,86.9,Iron,2,0.9,1.101
Mumbai,5,30.4,77.9,LED TV,4,6.0,0.4946
Satara,10,26.4,63.9,Iron,2,0.8,0.9228
Mumbai,9,30.8,85.9,LED TV,2,2.6,0.265
Mumbai,12,25.5,68.6,Washing Machine,2,1.8,1.1763
Satara,11,25.8,47.8,Washing Machine,1,0.7,0.4934
Satara,12,24.9,43.9,Refrigerator,1,22.6,5.5969
Satara,3,26.2,52.3,Refrigerator,5,21.2,2.8971
Satara,7,25.8,83.0,Room Heater,3,5.2,11.599
Satara,2,24.1,50.5,Washing Machine,2,1.2,0.7532
Mumbai,1,22.5,58.6,Washing Machine,1,1.4,0.9893
Satara,12,21.6,41.8,Water Heater (Geyser),3,1.3,3.0272
Mumbai,5,30.2,78.1,Washing Machine,2,1.0,0.6848
Satara,5,32.9,63.2,Water Heater (Geyser),1,1.5,4.7471
Satara,4,35.3,52.5,Room Heater,4,1.6,3.4442
Satara,7,19.3,44.3,Ceiling Fan,2,8.0,0.7938
Satara,6,28.1,78.8,Water Heater (Geyser),2,2.2,6.1176
Satara,7,26.0,85.6,Ceiling Fan,2,4.5,0.5273
Satara,12,23.9,38.0,Washing Machine,2,1.4,0.858
Mumbai,5,33.6,75.2,Desktop Computer,5,2.4,0.5512
Mumbai,7,28.8,88.2,Room Heater,2,5.6,14.1591
Mumbai,1,23.1,52.1,Washing Machine,2,1.5,0.9183
Mumbai,6,32.5,78.3,Ceiling Fan,2,7.5,0.9722
Satara,5,44.9,34.8,Air Conditioner,3,13.0,40.6311
Mumbai,8,41.1,71.7,Water Heater (Geyser),3,0.6,1.7318
Mumbai,10,30.5,87.6,Ceiling Fan,3,5.1,0.5492
Satara,10,34.5,57.6,Washing Machine,4,2.4,1.2132
Satara,7,23.6,86.1,LED TV,5,7.5,0.5389
Satara,12,22.9,27.7,Iron,5,0.4,0.3626
Satara,12,24.8,51.0,Water Heater (Geyser),1,1.1,3.1457
Satara,3,45.5,32.5,LED TV,4,2.1,0.174
Satara,12,41.5,41.8,Refrigerator,5,20.1,3.1712
Mumbai,4,30.6,59.8,LED TV,3,5.2,0.4578
Mumbai,3,37.4,70.0,LED TV,4,2.8,0.2369
Mumbai,4,29.2,21.9,Ceiling Fan,2,23.3,2.544
Mumbai,5,40.4,89.0,Room Heater,5,21.0,45.1101
Mumbai,12,12.6,75.2,LED TV,2,11.0,1.0147
Mumbai,6,33.2,94.7,Microwave Oven,3,14.5,21.2141
Mumbai,12,27.4,71.7,Desktop Computer,5,3.8,0.8403
Mumbai,7,32.9,89.4,Air Conditioner,2,20.6,63.6273
Mumbai,9,27.5,80.5,Refrigerator,5,22.1,3.175
Mumbai,7,38.2,85.4,Water Heater (Geyser),5,22.7,53.2556
Mumbai,1,23.5,72.1,Refrigerator,5,23.2,3.1169
Mumbai,7,29.7,88.6,Desktop Computer,1,7.7,2.8491
Satara,12,27.2,51.4,Refrigerator,3,11.2,2.1692
Satara,3,32.4,32.8,LED TV,4,4.2,0.3243
Mumbai,12,26.2,64.9,Room Heater,1,1.7,4.2843
Mumbai,7,29.5,86.5,Refrigerator,5,22.5,3.3282
Mumbai,7,32.6,88.6,Desktop Computer,2,8.1,2.8063
Satara,4,32.7,36.2,Ceiling Fan,4,15.3,1.2663
Satara,11,46.3,67.5,Air Conditioner,5,4.4,11.1296
Satara,8,30.5,51.5,Washing Machine,2,12.8,8.4405
Mumbai,3,33.1,38.1,Desktop Computer,2,4.3,1.3718
Satara,12,24.9,35.6,Water Heater (Geyser),5,2.9,5.4269
Satara,3,26.4,37.7,Room Heater,2,2.7,6.1151
Mumbai,3,26.1,70.5,Microwave Oven,3,0.9,1.236
Mumbai,5,31.8,69.6,Microwave Oven,2,0.8,1.2118
Mumbai,5,15.4,59.6,Refrigerator,1,4.8,1.0338
Mumbai,7,28.9,86.1,Ceiling Fan,5,6.0,0.3943
Mumbai,11,27.5,67.0,Air Conditioner,2,9.3,25.0622
Mumbai,10,28.4,72.1,Air Conditioner,1,8.2,25.0371
Satara,7,22.2,79.5,Desktop Computer,1,5.8,2.0057
Satara,8,24.7,78.0,Ceiling Fan,5,9.2,0.5662
Mumbai,9,31.7,92.6,Desktop Computer,1,5.1,1.9206
Mumbai,2,25.6,55.4,Microwave Oven,1,1.5,2.2758
Mumbai,11,30.5,67.4,LED TV,3,6.0,0.5396
Satara,10,25.4,64.8,Air Conditioner,5,5.5,9.5518
Satara,10,26.2,59.0,LED TV,1,6.9,0.7274
Mumbai,5,32.3,67.2,Room Heater,2,4.7,11.9834
Satara,8,25.2,81.6,Water Heater (Geyser),2,1.5,4.1427
Satara,5,32.8,54.2,Air Conditioner,4,8.5,19.5733
Mumbai,11,27.5,69.4,Refrigerator,2,22.0,5.1289
Mumbai,3,27.3,64.3,Washing Machine,1,1.1,0.7887
Satara,9,25.8,83.3,Ceiling Fan,3,4.9,0.4906
Satara,12,37.1,86.9,Room Heater,2,6.2,16.7046
Satara,6,27.6,76.9,Microwave Oven,5,0.5,0.5884
Satara,1,18.8,54.1,Iron,5,1.5,1.3795
Satara,8,21.7,81.3,Air Conditioner,2,2.9,6.8488
Mumbai,3,29.8,69.1,Water Heater (Geyser),3,1.5,3.9205
Mumbai,5,33.1,85.9,Iron,3,1.1,1.267
Mumbai,8,28.1,87.0,Desktop Computer,4,5.1,1.3221
Mumbai,1,22.3,49.0,Ceiling Fan,1,12.4,1.5008
Satara,2,29.1,75.7,Microwave Oven,5,5.0,5.8023
Mumbai,2,25.2,57.0,Washing Machine,3,1.9,1.072
Mumbai,10,14.3,66.7,Room Heater,2,23.6,50.2688
Mumbai,5,34.0,71.1,Microwave Oven,3,1.2,1.7177
Mumbai,2,24.9,60.2,Room Heater,2,2.2,5.0542
Mumbai,1,26.0,60.5,Room Heater,1,5.4,13.565
Satara,6,30.4,81.7,Desktop Computer,4,7.0,1.8528
Mumbai,11,35.3,47.8,Desktop Computer,1,17.2,6.1951
Mumbai,10,29.5,78.1,Ceiling Fan,5,4.7,0.3077
Satara,6,29.5,66.3,LED TV,5,4.2,0.3041
Satara,1,25.0,69.9,Microwave Oven,2,10.2,14.6056
Mumbai,1,25.1,92.6,Refrigerator,5,20.8,2.94
Mumbai,11,25.7,75.1,Refrigerator,5,21.8,3.0342
Mumbai,2,28.7,65.9,Microwave Oven,1,0.6,0.9518
Mumbai,12,29.9,73.7,Washing Machine,1,0.6,0.4594
Mumbai,1,26.8,61.6,Microwave Oven,4,0.8,1.0099
Mumbai,10,31.9,66.5,Water Heater (Geyser),4,0.7,1.6925
Mumbai,9,28.9,77.5,Air Conditioner,5,7.2,13.8627
Satara,8,26.1,57.2,Water Heater (Geyser),4,7.9,17.7896
Satara,4,41.5,47.3,Microwave Oven,4,10.2,13.3194
Satara,10,25.5,64.0,Water Heater (Geyser),4,1.2,2.7265
Satara,8,24.7,90.6,Desktop Computer,1,9.9,3.6618
Satara,5,36.1,38.5,Water Heater (Geyser),1,3.0,9.4311
Satara,1,19.0,64.2,Desktop Computer,2,2.5,0.7674
Satara,5,45.7,37.4,Room Heater,1,6.9,19.816
Mumbai,11,27.4,63.6,Microwave Oven,4,0.5,0.6314
Satara,10,47.0,73.4,Washing Machine,2,12.3,9.0892
Satara,9,23.4,80.5,Room Heater,4,4.3,8.7172
Satara,6,27.7,76.8,Washing Machine,3,0.7,0.4087
Satara,10,10.7,73.1,Desktop Computer,4,18.2,4.1241
Satara,9,30.0,81.0,Desktop Computer,5,13.2,3.0097
Mumbai,6,30.3,78.8,Washing Machine,4,1.5,0.7577
Satara,7,12.6,60.3,Desktop Computer,5,7.9,1.5574
Satara,8,22.1,80.9,Refrigerator,5,23.9,3.2331
Mumbai,1,25.5,66.1,Iron,2,1.0,1.1523
Satara,10,28.9,50.4,Refrigerator,2,20.6,4.738
Mumbai,1,31.9,63.5,Ceiling Fan,2,10.5,1.3094
Mumbai,4,33.8,77.8,Refrigerator,3,23.0,5.0248
Satara,4,34.2,54.4,Washing Machine,4,1.5,0.7499
Satara,6,29.2,80.8,Ceiling Fan,2,7.3,0.9141
Mumbai,1,28.3,65.4,Microwave Oven,1,0.4,0.6313
Mumbai,9,28.9,83.7,Room Heater,1,2.2,5.9306
Mumbai,8,17.5,87.6,Desktop Computer,1,22.4,7.7386
Mumbai,5,32.2,93.8,Air Conditioner,5,2.8,5.8569
Mumbai,11,29.2,81.0,Microwave Oven,2,0.9,1.3376
Mumbai,5,30.4,91.8,LED TV,1,7.0,0.7873
Satara,5,32.5,54.7,Ceiling Fan,3,7.8,0.837
Mumbai,9,29.2,83.2,Air Conditioner,5,3.6,6.8267
Mumbai,4,41.9,24.7,Iron,4,5.6,5.62
Mumbai,3,29.0,65.9,Desktop Computer,1,3.5,1.2407
Satara,10,27.6,59.7,Refrigerator,5,20.6,2.8951
Mumbai,12,21.6,66.1,Refrigerator,4,14.1,2.1849
Mumbai,1,23.3,68.7,Microwave Oven,5,1.2,1.3511
Mumbai,3,30.1,74.8,Air Conditioner,4,6.5,14.8421
Satara,10,29.7,75.5,Ceiling Fan,1,6.2,0.8685
Mumbai,4,39.3,85.0,Refrigerator,4,14.9,2.9679
Mumbai,8,29.7,85.9,LED TV,5,2.3,0.1701
Mumbai,11,47.7,46.0,Desktop Computer,3,22.6,6.9393
Mumbai,1,27.6,63.3,Microwave Oven,3,0.6,0.809
Satara,4,44.6,48.1,Room Heater,1,0.8,2.3613
Mumbai,5,29.4,74.7,Ceiling Fan,5,7.4,0.4913
Mumbai,9,19.0,46.6,Ceiling Fan,3,7.9,0.6511
Mumbai,5,25.0,89.4,Iron,1,15.2,18.9478
Satara,11,18.1,46.0,Water Heater (Geyser),3,16.5,35.8733
Mumbai,3,20.6,41.0,Refrigerator,1,22.7,5.1833
Mumbai,4,33.6,65.9,Water Heater (Geyser),4,0.7,1.6902
Satara,5,14.4,60.4,Washing Machine,1,21.8,14.7473
Mumbai,10,30.7,69.7,Room Heater,5,5.1,9.8591
Satara,9,26.7,76.4,Room Heater,2,1.5,3.6172
Satara,9,24.2,80.1,Water Heater (Geyser),4,2.9,6.5891
Mumbai,5,31.3,79.2,Washing Machine,5,1.9,0.8155
Satara,6,28.7,74.8,Ceiling Fan,1,14.0,1.9785
Satara,3,25.2,26.8,Water Heater (Geyser),4,9.9,20.4221
Satara,4,27.2,55.3,Room Heater,5,1.2,2.189
Mumbai,8,29.3,83.9,Room Heater,2,1.6,3.9963
Mumbai,7,26.5,80.4,Microwave Oven,3,1.1,1.5216
Mumbai,8,28.1,89.6,Desktop Computer,3,8.5,2.4968
Satara,8,24.7,85.8,Ceiling Fan,1,13.5,1.8039
Mumbai,6,32.0,80.5,Iron,2,0.8,0.9658
Satara,8,26.2,80.4,Microwave Oven,2,0.5,0.7574
Satara,4,28.8,47.8,Ceiling Fan,3,5.5,0.5352
Mumbai,3,25.3,66.1,Iron,5,0.5,0.4843
Satara,3,26.1,36.3,Iron,2,1.1,1.2134
Mumbai,12,22.5,63.2,Water Heater (Geyser),2,1.6,4.2115
Mumbai,8,30.8,89.9,Washing Machine,1,0.6,0.4698
Mumbai,8,39.3,23.9,Microwave Oven,5,10.2,11.6501
Satara,7,31.2,60.0,Room Heater,2,17.1,42.1276
Satara,1,23.3,45.2,Iron,2,0.5,0.5651
Mumbai,8,31.3,86.3,LED TV,2,6.6,0.6768
Mumbai,5,34.5,69.2,Refrigerator,4,22.7,4.1942
Satara,8,24.8,78.0,Room Heater,2,1.9,4.5161
Mumbai,9,28.8,75.5,Water Heater (Geyser),1,2.5,8.0244
Mumbai,5,32.0,63.3,Microwave Oven,1,0.5,0.7954
Mumbai,9,29.7,75.3,Microwave Oven,3,0.8,1.1257
Mumbai,2,23.8,58.3,Refrigerator,1,20.5,4.9684
Satara,3,23.8,49.7,Refrigerator,4,21.4,3.3478
Satara,3,24.1,41.5,Iron,1,0.6,0.6953
Satara,8,26.6,90.7,Refrigerator,3,20.6,4.2259
Mumbai,11,23.8,61.8,Air Conditioner,3,4.0,8.8353
Mumbai,2,30.1,69.3,LED TV,2,4.6,0.4596
Mumbai,8,30.1,84.6,Washing Machine,5,1.4,0.6125
Mumbai,1,11.0,92.0,Air Conditioner,5,20.1,25.4432
Satara,9,26.2,53.3,Refrigerator,2,18.5,4.0517
Satara,9,26.1,76.1,Air Conditioner,4,9.2,19.405
Satara,2,23.9,43.5,Room Heater,4,3.6,6.9432
Satara,12,45.0,35.7,Iron,1,22.8,28.7754
Mumbai,3,29.5,59.9,LED TV,3,7.2,0.6447
Satara,4,27.8,35.0,Ceiling Fan,1,6.3,0.812
Satara,10,35.2,58.2,Iron,2,18.7,22.2743
Mumbai,6,32.3,75.1,Iron,5,0.8,0.7912
Mumbai,4,30.3,70.5,Water Heater (Geyser),4,1.6,3.8391
Mumbai,10,33.3,67.9,Microwave Oven,3,1.2,1.6561
Mumbai,12,24.2,42.8,Room Heater,5,10.1,17.7139
Mumbai,5,34.4,62.8,Washing Machine,2,1.2,0.8154
Satara,9,27.9,79.0,Desktop Computer,5,6.5,1.4427
Mumbai,8,28.8,82.0,Desktop Computer,2,8.0,2.6682
Mumbai,7,28.9,93.6,Washing Machine,3,1.2,0.7207
Mumbai,11,35.8,91.7,Ceiling Fan,4,14.2,1.3615
Mumbai,11,30.0,71.7,Ceiling Fan,1,15.8,2.2099
Mumbai,9,27.8,68.4,Desktop Computer,3,12.1,3.5184
Mumbai,9,28.6,78.3,Room Heater,2,4.7,11.5319
Mumbai,7,46.0,60.9,Air Conditioner,1,12.4,49.2548
Satara,2,21.4,30.4,LED TV,4,6.0,0.4453
Mumbai,1,25.2,67.5,Washing Machine,5,1.8,0.7315
Satara,7,47.6,83.7,Microwave Oven,2,12.4,20.959
Mumbai,8,29.8,92.5,Air Conditioner,3,10.8,27.9575
Satara,8,47.0,69.8,Air Conditioner,4,1.6,4.7404
Satara,5,29.6,57.0,Ceiling Fan,5,9.7,0.6294
Satara,8,26.0,77.9,Microwave Oven,1,1.2,1.9023
Satara,4,28.5,37.2,LED TV,4,2.0,0.1566
Satara,10,30.5,69.9,Microwave Oven,2,0.7,1.0511
Mumbai,5,32.5,82.0,Air Conditioner,4,3.3,7.8317
Mumbai,3,29.7,61.4,Air Conditioner,3,8.2,20.4025
Mumbai,6,29.3,80.8,LED TV,4,3.9,0.3265
Satara,5,31.9,51.3,Ceiling Fan,4,11.6,1.0067
Satara,12,23.5,38.5,Ceiling Fan,3,14.0,1.2642
Satara,5,29.2,55.2,Ceiling Fan,2,7.8,0.9136
Satara,9,25.8,79.7,Water Heater (Geyser),1,1.9,5.8695
Mumbai,10,30.7,86.7,LED TV,5,6.8,0.496
Mumbai,5,32.1,74.8,Microwave Oven,3,0.8,1.1349
Mumbai,12,35.3,54.1,Room Heater,4,18.2,39.0533
Satara,10,30.9,56.7,LED TV,5,2.7,0.1952
Mumbai,10,28.8,82.6,Microwave Oven,2,1.4,2.1127
Satara,12,24.1,53.4,Washing Machine,1,1.7,1.1848
Mumbai,4,29.3,64.3,LED TV,5,4.6,0.3355
Satara,12,20.2,57.9,Refrigerator,5,21.0,2.6406
Satara,9,26.8,88.8,Room Heater,1,4.8,12.663
Mumbai,3,29.7,65.1,Iron,5,0.7,0.6856
Mumbai,8,28.9,86.2,Water Heater (Geyser),4,0.7,1.6855
Mumbai,8,25.7,89.1,LED TV,1,9.5,1.0422
Mumbai,8,30.1,84.9,LED TV,3,6.5,0.602
Satara,10,25.1,49.8,Desktop Computer,4,16.2,3.946
Satara,6,27.9,82.7,Refrigerator,2,23.4,5.6205
Satara,6,23.0,74.6,Refrigerator,3,20.6,3.8869
Satara,10,26.9,68.6,Ceiling Fan,2,11.9,1.3567
Mumbai,11,28.1,71.6,Water Heater (Geyser),2,0.7,1.9761
Mumbai,7,12.8,30.0,Desktop Computer,5,18.0,3.407
Mumbai,8,37.8,52.6,LED TV,3,17.2,1.5673
Satara,1,47.5,54.2,LED TV,4,19.0,1.6394
Satara,3,24.2,25.5,Desktop Computer,5,5.2,1.0622
Satara,2,21.0,40.1,Microwave Oven,3,0.8,1.0039
Mumbai,9,36.4,19.8,Iron,2,19.7,22.0479
Mumbai,9,27.5,85.3,Refrigerator,5,20.3,2.9586
Satara,3,29.5,36.6,Room Heater,4,4.3,8.3688
Mumbai,9,31.0,83.1,LED TV,1,3.9,0.4334
Satara,3,30.4,49.9,Ceiling Fan,4,11.0,0.9009
Mumbai,11,32.4,74.7,Washing Machine,2,1.7,1.1494
Mumbai,10,31.9,85.4,LED TV,4,2.9,0.2426
Mumbai,6,30.3,88.5,Ceiling Fan,3,4.9,0.5202
Satara,1,26.0,34.4,Microwave Oven,2,0.8,1.1084
Mumbai,6,32.9,82.5,Air Conditioner,4,8.4,20.2237
Mumbai,4,30.1,62.0,Air Conditioner,2,5.4,15.3214
Mumbai,9,29.0,85.4,Air Conditioner,1,5.5,17.3859
Mumbai,9,11.3,52.2,Iron,2,2.5,2.6182
Mumbai,3,33.3,47.3,Air Conditioner,2,11.8,34.5108
Satara,2,28.3,37.4,Air Conditioner,1,11.4,33.1078
Satara,11,26.0,63.5,Ceiling Fan,1,8.1,1.0643
Mumbai,5,21.4,67.9,Desktop Computer,3,16.8,4.6967
Mumbai,5,33.1,80.3,Refrigerator,1,23.4,6.6719
Satara,9,38.4,81.9,Room Heater,1,8.0,23.4846
Satara,4,30.4,38.3,Ceiling Fan,4,9.1,0.7431
Satara,1,21.6,48.7,Ceiling Fan,3,8.3,0.7255
Mumbai,12,29.8,71.0,Refrigerator,3,23.0,4.7818
Mumbai,2,25.0,63.4,Desktop Computer,1,6.1,2.136
Satara,11,18.2,90.1,Refrigerator,5,17.9,2.2858
Satara,4,40.8,89.8,LED TV,5,9.7,0.7638
Satara,5,30.3,57.3,Refrigerator,3,21.9,4.4639
Satara,6,21.0,56.7,Iron,4,1.1,1.0632
Satara,1,24.4,62.2,Room Heater,2,1.2,2.7963
Mumbai,1,47.1,47.6,Washing Machine,2,21.0,14.9239
Mumbai,6,36.4,20.7,Iron,4,7.2,7.044
Satara,7,24.2,86.6,Refrigerator,5,20.5,2.8083
Mumbai,7,30.9,81.9,Ceiling Fan,2,12.3,1.5601
Satara,3,28.7,38.5,Water Heater (Geyser),2,0.8,2.1915
Satara,11,27.6,59.2,Ceiling Fan,1,8.1,1.0757
Satara,1,21.3,34.4,LED TV,4,6.7,0.5036
Satara,10,25.1,76.9,Air Conditioner,5,7.6,13.3399
Satara,1,24.6,52.7,Iron,1,1.3,1.5214
Mumbai,1,26.1,71.2,Air Conditioner,2,9.7,24.7724
Mumbai,6,31.1,80.6,Room Heater,1,5.1,13.6888
Satara,12,16.7,58.7,Air Conditioner,2,3.5,7.2626
Mumbai,4,30.5,69.3,Washing Machine,1,0.9,0.6769
Mumbai,6,22.0,62.4,Washing Machine,1,8.9,6.3406
Mumbai,3,41.6,93.4,Room Heater,3,12.1,32.1298
Satara,9,26.3,74.7,Refrigerator,4,22.0,3.7434
Satara,9,46.6,90.5,Ceiling Fan,5,4.2,0.3608
Satara,5,25.9,67.2,Refrigerator,2,9.8,2.2083
Mumbai,11,34.6,92.4,Air Conditioner,3,16.4,46.7138
Mumbai,2,22.9,56.8,Air Conditioner,2,10.0,23.6775
Satara,9,27.2,92.1,Desktop Computer,5,10.0,2.2211
Mumbai,8,27.7,91.3,Air Conditioner,5,4.1,7.9023
Satara,12,36.0,89.7,Desktop Computer,5,5.5,1.3061
Satara,12,22.5,60.3,Room Heater,4,2.3,4.4634
Satara,9,40.9,34.3,Iron,1,11.9,14.6059
Mumbai,9,29.0,87.3,Desktop Computer,2,8.2,2.7613
Mumbai,12,16.8,48.3,Washing Machine,1,17.8,11.8204
Mumbai,5,33.9,69.9,Microwave Oven,4,1.5,1.9194
Mumbai,5,33.3,77.4,Ceiling Fan,1,6.5,0.972
Satara,2,22.4,41.0,Room Heater,4,4.2,7.8158
Satara,2,22.5,48.1,Desktop Computer,1,2.2,0.7339
Satara,4,33.8,42.9,Room Heater,5,4.7,9.1648
Satara,9,27.3,70.9,Refrigerator,5,21.9,3.0257
Satara,10,27.5,63.3,Room Heater,3,1.4,3.0815
Mumbai,4,11.9,41.8,Ceiling Fan,5,12.5,0.5772
Mumbai,1,37.1,34.0,Air Conditioner,4,8.1,19.4506
Mumbai,5,32.6,42.4,Washing Machine,3,5.8,3.2882
Satara,7,25.4,87.1,Water Heater (Geyser),5,2.1,4.3253
Satara,10,30.0,64.1,Air Conditioner,1,10.1,30.7371
Satara,3,26.9,30.7,LED TV,3,6.4,0.544
Mumbai,4,30.1,69.2,Water Heater (Geyser),5,0.6,1.2378
Mumbai,11,47.6,67.4,Microwave Oven,5,23.6,29.2299
Satara,3,27.5,23.6,LED TV,3,5.1,0.4236
Mumbai,2,26.1,65.5,LED TV,3,6.6,0.58
Mumbai,1,25.0,73.2,Refrigerator,1,20.4,5.0903
Mumbai,1,27.1,65.0,Iron,4,0.4,0.4115
Mumbai,4,29.1,68.3,Desktop Computer,3,2.7,0.7726
Satara,12,20.1,45.4,Water Heater (Geyser),3,1.6,3.5379
Satara,7,26.9,84.9,Washing Machine,3,1.0,0.5866
Satara,10,26.3,80.3,Air Conditioner,2,5.0,13.3428
Mumbai,2,23.9,82.5,Desktop Computer,3,5.1,1.4832
Mumbai,12,44.8,25.0,Air Conditioner,4,22.9,60.6488
Mumbai,10,32.5,75.5,Desktop Computer,2,2.2,0.7361
Satara,5,31.1,38.9,Iron,5,0.4,0.3757
Mumbai,4,14.2,30.0,Iron,1,12.3,13.4996
Satara,5,36.3,55.2,Refrigerator,3,24.0,5.2053
Mumbai,5,34.5,94.6,LED TV,2,0.8,0.0843
Satara,3,26.5,41.6,Refrigerator,2,21.3,4.6441
Mumbai,10,33.9,15.6,Desktop Computer,3,9.8,2.7302
Satara,5,33.1,63.9,Microwave Oven,4,0.7,0.8987
Mumbai,7,29.1,85.8,Air Conditioner,4,10.9,24.3364
Satara,12,25.0,57.8,Desktop Computer,2,8.4,2.6163
Satara,3,23.2,31.7,Refrigerator,2,23.6,4.7897
Satara,7,29.8,82.0,Room Heater,4,2.3,4.9465
Satara,4,29.3,47.8,Desktop Computer,1,9.9,3.506
Mumbai,10,30.9,76.6,Ceiling Fan,1,13.5,1.9615
Mumbai,5,42.7,41.4,Room Heater,5,9.2,18.9362
Mumbai,3,29.2,17.4,Room Heater,5,3.6,6.1584
Mumbai,6,32.3,69.9,Water Heater (Geyser),2,0.8,2.3834
Mumbai,9,29.1,78.7,Air Conditioner,5,9.0,17.2454
Mumbai,5,32.8,35.6,Washing Machine,4,8.3,4.0679
Mumbai,12,27.4,60.5,Washing Machine,2,1.3,0.8417
Satara,9,26.8,78.5,Ceiling Fan,2,13.3,1.5525
Satara,3,26.7,32.7,Desktop Computer,1,6.0,1.9913
Satara,4,26.8,59.9,Iron,4,12.5,13.0819
Satara,11,25.0,47.7,Washing Machine,3,1.7,0.9456
Mumbai,3,26.9,73.0,Desktop Computer,4,4.6,1.1548
Mumbai,3,29.0,77.9,Water Heater (Geyser),3,1.5,3.9389
Satara,4,26.2,35.4,Water Heater (Geyser),1,2.4,6.8042
Satara,9,24.8,84.7,LED TV,4,5.1,0.4115
Satara,2,46.9,34.1,Air Conditioner,2,11.0,38.3645
Mumbai,7,28.9,91.2,LED TV,1,7.5,0.8331
Mumbai,7,25.1,41.3,Microwave Oven,2,18.6,25.7074
Satara,10,38.5,46.6,Desktop Computer,1,8.9,3.2498
Mumbai,12,26.6,59.5,Ceiling Fan,4,12.0,0.9755
Mumbai,10,30.1,76.0,Washing Machine,1,2.0,1.5193
Mumbai,10,28.6,87.3,Room Heater,4,1.5,3.1727
Mumbai,7,31.4,47.8,Air Conditioner,5,18.7,36.2312
Satara,4,32.8,36.4,Room Heater,2,5.7,13.7726
Satara,11,22.8,52.4,LED TV,3,7.4,0.6314
Satara,8,23.8,50.3,Water Heater (Geyser),5,8.6,16.3423
Mumbai,12,25.8,67.3,Refrigerator,4,20.3,3.3223
Satara,4,29.8,36.7,Room Heater,1,2.5,6.3364
Mumbai,7,12.5,21.5,Water Heater (Geyser),4,3.5,6.242
Mumbai,5,28.6,74.7,Air Conditioner,2,3.1,8.5761
Satara,3,31.0,35.6,Refrigerator,5,22.2,3.1053
Mumbai,3,26.0,78.5,Iron,1,11.4,14.1109
Mumbai,3,28.6,60.7,Refrigerator,3,22.4,4.4212
Satara,1,24.8,35.6,Iron,2,13.4,14.4495
Satara,10,22.8,94.8,Air Conditioner,1,11.4,32.1245
Mumbai,1,26.2,66.7,Desktop Computer,4,7.8,1.952
Satara,3,25.0,38.1,LED TV,5,4.0,0.2713
Mumbai,2,31.4,60.7,Ceiling Fan,2,8.6,1.0486
Satara,12,18.3,45.5,Desktop Computer,3,5.8,1.5193
Mumbai,6,18.5,71.7,Iron,5,1.5,1.419
Satara,12,23.8,73.4,LED TV,2,17.4,1.7057
Mumbai,3,28.0,57.5,Ceiling Fan,2,15.5,1.8329
Satara,3,30.4,25.9,Washing Machine,5,1.5,0.5891
Satara,4,43.0,60.4,Washing Machine,1,12.2,9.6416
Satara,10,27.3,62.1,Water Heater (Geyser),5,2.3,4.5242
Mumbai,3,24.1,50.7,Water Heater (Geyser),4,0.7,1.4893
Mumbai,5,30.3,81.1,Iron,1,0.4,0.5088
Satara,10,19.3,44.7,Air Conditioner,2,4.7,10.1508
Satara,4,29.6,88.3,Microwave Oven,5,10.0,11.8777
Satara,12,15.3,71.5,Iron,1,12.7,14.852
Satara,2,16.0,37.0,Refrigerator,5,24.0,2.6522
Satara,5,16.2,31.8,Microwave Oven,2,20.7,27.061
Mumbai,2,36.5,66.4,Desktop Computer,2,18.9,6.4013
Mumbai,11,30.1,66.6,Water Heater (Geyser),4,1.5,3.5297
Mumbai,12,25.1,68.0,Room Heater,4,1.0,1.9976
Satara,7,18.5,60.0,Room Heater,3,13.4,26.6888
Mumbai,3,25.0,77.6,LED TV,5,3.5,0.2535
Satara,1,21.8,53.6,Microwave Oven,4,0.4,0.4778
Satara,8,24.9,76.8,Refrigerator,2,20.2,4.5616
Satara,4,23.2,56.7,Washing Machine,4,10.7,5.0986
Mumbai,6,32.5,72.5,Microwave Oven,3,0.4,0.5677
Satara,5,31.1,66.9,Room Heater,3,3.9,9.0875
Mumbai,12,32.2,26.9,Desktop Computer,1,3.4,1.1732
Satara,4,30.2,38.7,Iron,5,0.4,0.379
Mumbai,1,41.0,68.2,Ceiling Fan,1,12.8,2.1087
Mumbai,8,28.5,65.8,LED TV,4,2.9,0.2321
Mumbai,10,30.8,73.3,Ceiling Fan,1,13.2,1.8887
Satara,8,42.2,89.9,Iron,3,2.2,2.6297
Satara,11,24.7,59.3,Room Heater,4,5.7,11.3902
Satara,5,30.6,68.4,Refrigerator,5,22.1,3.1386
Satara,5,31.5,60.9,Washing Machine,2,1.4,0.908
Mumbai,2,47.9,17.0,Iron,2,20.1,23.0958
Satara,1,19.4,48.6,Washing Machine,5,22.2,8.6328
Mumbai,1,24.9,62.7,Washing Machine,2,0.5,0.3164
Mumbai,6,30.2,89.8,Iron,4,1.1,1.2105
Satara,3,22.2,43.9,Desktop Computer,5,2.4,0.4829
Mumbai,12,14.3,42.7,Refrigerator,3,8.6,1.3576
Satara,4,25.4,49.1,LED TV,5,6.7,0.4639
Satara,5,30.7,47.3,Iron,3,0.7,0.7626
Mumbai,10,29.8,76.3,Iron,1,0.5,0.6332
Mumbai,2,25.5,62.4,Air Conditioner,2,2.2,5.7068
Mumbai,11,17.2,37.2,Washing Machine,4,23.9,10.5555
Satara,2,27.2,47.2,Room Heater,3,4.3,9.3497
Mumbai,9,30.5,72.9,Iron,4,0.8,0.8429
Satara,1,43.8,58.0,Refrigerator,2,14.4,3.8989
Mumbai,2,43.7,89.7,Refrigerator,3,22.0,5.4819
Satara,2,28.6,88.6,Refrigerator,3,18.1,3.7454
Mumbai,1,25.7,62.3,Air Conditioner,4,10.8,21.5149
Mumbai,9,36.2,31.5,Washing Machine,2,8.5,5.5191
Mumbai,8,29.2,84.7,Desktop Computer,2,6.5,2.1779
Mumbai,4,29.7,78.2,Ceiling Fan,3,14.5,1.4869
Satara,3,25.5,47.6,Water Heater (Geyser),4,1.7,3.6841
Mumbai,3,31.7,79.8,Desktop Computer,2,2.6,0.8628
Mumbai,6,24.9,37.4,Refrigerator,2,5.9,1.2514
Satara,2,24.8,31.4,Room Heater,5,4.7,8.1296
Mumbai,5,10.2,71.5,Desktop Computer,1,22.5,7.2603
Satara,6,27.6,76.8,Room Heater,5,2.0,3.8502
Satara,6,40.1,48.4,Ceiling Fan,5,19.4,1.4282
Mumbai,11,34.2,71.2,Washing Machine,3,1.7,1.0209
Mumbai,7,29.6,83.2,Water Heater (Geyser),4,1.3,3.1275
Mumbai,11,30.7,63.1,Iron,3,0.5,0.5528
Mumbai,1,30.3,26.4,Room Heater,5,0.8,1.4152
Satara,3,28.5,45.2,Washing Machine,3,0.9,0.5002
Satara,3,28.4,38.6,Ceiling Fan,2,4.2,0.4806
Mumbai,6,33.2,80.1,Ceiling Fan,3,12.5,1.3663
Satara,8,21.3,81.6,Room Heater,5,5.9,10.5208
Mumbai,7,10.2,55.4,Room Heater,2,12.0,23.5796
Satara,4,29.9,45.0,Ceiling Fan,4,13.1,1.0761
Mumbai,7,30.1,91.9,Air Conditioner,5,3.3,6.5196
Satara,10,24.8,54.3,LED TV,3,7.5,0.6523
Mumbai,10,31.3,79.2,Iron,5,1.5,1.5012
Satara,3,32.9,84.2,Desktop Computer,3,14.3,4.4361
Mumbai,9,28.0,91.1,Air Conditioner,5,2.3,4.3703
Satara,7,14.7,94.6,Refrigerator,1,11.0,2.4727
Satara,12,22.6,53.2,Iron,5,1.0,0.9211
Mumbai,11,27.4,71.0,Air Conditioner,4,5.3,11.1611
Mumbai,10,32.0,77.4,Ceiling Fan,2,14.4,1.8376
Satara,12,30.1,31.0,Iron,1,22.6,26.6444
Mumbai,11,28.2,58.5,Room Heater,4,4.7,9.6178
Satara,8,22.5,87.4,Refrigerator,5,21.2,2.8432
Satara,12,19.0,60.2,Water Heater (Geyser),5,2.2,4.0674
Mumbai,11,32.1,86.7,Air Conditioner,2,13.6,41.1633
Satara,7,26.2,83.4,Air Conditioner,4,7.2,14.9385
Mumbai,2,17.2,51.9,Desktop Computer,4,7.2,1.666
Mumbai,10,27.3,70.2,Air Conditioner,4,5.3,11.2861
Mumbai,10,31.5,76.2,Room Heater,5,2.6,5.1502
Mumbai,7,30.0,90.2,Iron,2,0.6,0.7291
Satara,5,32.9,44.0,Refrigerator,2,20.3,4.8294
Mumbai,1,27.3,51.8,LED TV,3,8.0,0.6945
Satara,3,24.8,23.2,Room Heater,4,5.0,9.3281
Mumbai,8,29.5,82.6,Ceiling Fan,1,10.1,1.4446
Satara,5,39.2,43.9,Room Heater,1,23.9,66.8778
Satara,4,29.1,56.4,Air Conditioner,1,7.7,23.5443
Satara,10,37.7,17.7,Ceiling Fan,4,22.7,1.9483
Mumbai,3,38.9,16.3,Washing Machine,2,13.6,8.7168
Satara,5,35.5,52.7,Room Heater,2,2.8,7.0567
Satara,11,24.0,45.5,Microwave Oven,1,0.3,0.4462
Satara,3,28.9,50.7,Air Conditioner,2,6.8,18.3613
Satara,8,24.9,82.8,Room Heater,5,5.9,11.194
Mumbai,1,18.1,36.7,Iron,1,6.3,7.1701
Mumbai,11,27.2,65.8,Refrigerator,2,22.0,5.0002
Mumbai,3,28.1,62.9,LED TV,1,4.1,0.4411
Satara,8,24.8,86.9,Air Conditioner,2,6.8,17.986
Mumbai,7,29.6,83.3,Washing Machine,4,1.4,0.7097
Satara,8,31.5,40.5,Room Heater,4,21.2,43.8589
Mumbai,3,27.9,58.6,Washing Machine,2,0.8,0.5269
Satara,11,22.4,48.0,Ceiling Fan,4,8.0,0.5758
Satara,11,23.9,38.6,Iron,4,1.3,1.2698
Satara,12,21.0,62.2,Room Heater,5,5.8,10.158
Satara,4,28.5,44.3,Room Heater,4,4.9,9.6791
Satara,10,27.2,42.9,Ceiling Fan,3,11.0,1.0391
Satara,6,25.6,72.2,Desktop Computer,5,8.8,1.9088
Mumbai,2,29.0,59.4,Desktop Computer,4,5.1,1.2642
Mumbai,10,29.7,77.7,Washing Machine,3,0.8,0.4807
Mumbai,9,18.0,58.2,LED TV,5,11.3,0.7712
Mumbai,5,34.0,76.0,Washing Machine,4,1.5,0.7754
Mumbai,6,32.0,81.4,LED TV,1,7.1,0.7903
Mumbai,4,32.6,64.0,Iron,4,0.6,0.6299
Satara,6,26.4,85.8,Room Heater,1,4.6,12.1739
Mumbai,5,33.5,60.8,Iron,3,1.2,1.3377
Mumbai,3,27.4,73.5,Desktop Computer,4,8.3,2.0916
Satara,10,26.1,69.4,Microwave Oven,4,1.0,1.2483
Mumbai,11,30.4,62.8,Microwave Oven,2,1.2,1.7833
Mumbai,9,29.5,73.9,Air Conditioner,4,7.4,16.0684
Mumbai,5,18.3,35.6,Washing Machine,2,13.8,7.9929
Satara,11,25.9,38.9,Water Heater (Geyser),1,2.1,5.9707
Mumbai,1,22.5,75.5,Room Heater,1,12.7,31.815
Satara,6,41.0,41.6,Desktop Computer,5,17.5,3.9598
Satara,10,24.4,58.2,Water Heater (Geyser),2,0.5,1.3206
Mumbai,2,28.8,21.9,Iron,3,13.6,13.8022
Satara,9,20.6,26.0,Desktop Computer,3,1.1,0.2864
Mumbai,11,31.0,66.4,Desktop Computer,2,6.4,2.0862
Mumbai,1,11.1,39.6,Washing Machine,2,17.1,9.7143
Mumbai,4,28.9,64.3,Desktop Computer,4,9.8,2.5233
Satara,12,26.1,38.0,LED TV,5,6.4,0.4372
Mumbai,2,13.7,29.3,LED TV,1,19.2,1.8357
Satara,11,20.9,54.3,Washing Machine,1,1.0,0.6864
Satara,7,38.0,76.3,Room Heater,1,20.0,58.3454
Satara,9,27.0,76.7,Ceiling Fan,5,7.9,0.5159
Satara,5,36.0,31.9,Washing Machine,4,1.9,0.9453
Mumbai,8,28.7,89.2,Ceiling Fan,2,10.4,1.2636
Satara,2,20.9,33.0,Room Heater,2,4.6,9.7529
Satara,1,43.7,25.4,Air Conditioner,3,1.7,5.0949
Mumbai,7,38.8,62.6,Air Conditioner,2,14.8,48.8054
Satara,12,26.1,67.0,Desktop Computer,3,5.9,1.6935
Mumbai,6,29.6,79.0,Iron,3,0.9,0.9973
Satara,5,20.9,68.9,Ceiling Fan,1,1.7,0.2037
Mumbai,5,27.9,60.9,Room Heater,2,1.2,2.8461
Mumbai,3,32.0,52.3,Desktop Computer,3,7.0,1.9908
Mumbai,8,28.1,85.7,Air Conditioner,5,2.4,4.5451
Mumbai,3,26.5,72.6,Ceiling Fan,4,14.5,1.1826
Satara,8,24.3,78.7,Water Heater (Geyser),1,2.1,6.2554
Satara,2,16.2,31.3,Microwave Oven,1,1.4,1.9569
Satara,4,32.2,42.0,Water Heater (Geyser),5,1.8,3.6543
Satara,3,27.3,43.4,Washing Machine,5,1.2,0.4718
Mumbai,6,29.4,78.9,Microwave Oven,3,0.8,1.0998
Mumbai,2,27.7,68.3,Washing Machine,5,0.6,0.2464
Satara,11,23.7,40.1,Microwave Oven,1,1.2,1.7704
Satara,5,29.3,47.7,Microwave Oven,3,0.8,1.061
Mumbai,1,21.4,66.7,Microwave Oven,5,23.4,25.9188
Satara,2,23.2,53.2,Iron,4,15.6,15.5162
Satara,9,30.0,45.3,Desktop Computer,5,15.3,3.2366
Mumbai,1,11.3,39.3,Room Heater,3,15.8,28.9273
Mumbai,8,26.6,90.1,Ceiling Fan,2,11.7,1.4083
Satara,3,28.0,39.5,Room Heater,5,4.6,8.3296
Satara,9,24.8,86.9,Desktop Computer,5,2.6,0.5807
Mumbai,10,40.9,33.6,Ceiling Fan,1,8.9,1.3728
Satara,2,23.0,41.5,Ceiling Fan,1,8.3,0.9754
Mumbai,9,28.0,87.5,Refrigerator,5,23.9,3.4449
Satara,4,35.3,51.5,Refrigerator,4,10.0,1.8374
Satara,9,26.2,95.1,Desktop Computer,2,2.7,0.8869
Satara,11,16.3,73.5,Iron,3,15.8,16.8934
Mumbai,8,29.8,85.1,Microwave Oven,4,0.9,1.1764
Satara,11,22.9,60.0,LED TV,3,3.5,0.3026
Satara,7,22.3,88.1,LED TV,2,5.1,0.5094
Mumbai,2,25.3,60.8,Water Heater (Geyser),2,1.3,3.4893
Satara,2,36.8,44.5,LED TV,3,19.3,1.7301
Satara,1,23.7,48.6,LED TV,2,2.3,0.2144
Satara,12,24.0,47.7,Room Heater,4,4.0,7.7019
Satara,10,30.0,68.1,Desktop Computer,3,6.8,1.9894
Satara,8,32.7,61.2,Washing Machine,5,21.0,8.6428
Satara,5,39.2,44.6,Room Heater,3,21.9,52.3529
Mumbai,7,23.7,20.1,Air Conditioner,4,23.5,41.4659
Mumbai,11,31.6,68.2,Refrigerator,5,22.6,3.3566
Satara,1,20.3,59.0,Microwave Oven,1,0.5,0.7598
Satara,10,26.0,70.9,Washing Machine,5,2.0,0.8199
Mumbai,4,27.7,70.2,LED TV,2,7.5,0.7434
Mumbai,7,29.5,86.9,Ceiling Fan,4,11.8,1.0091
Satara,5,14.8,28.6,Ceiling Fan,3,21.1,1.5591
Mumbai,1,18.4,56.5,Iron,3,14.8,15.5221
Mumbai,8,29.3,91.3,Iron,5,1.1,1.1145
Satara,12,24.3,48.9,Air Conditioner,2,7.3,17.0846
Mumbai,7,28.0,90.1,Air Conditioner,3,9.9,24.7303
Satara,12,13.2,22.7,Washing Machine,2,2.5,1.3897
Mumbai,10,26.7,92.1,LED TV,3,15.2,1.3918
Mumbai,10,31.0,81.4,Ceiling Fan,5,14.5,0.988
Satara,9,29.4,85.4,Ceiling Fan,1,5.1,0.728
Satara,3,44.3,41.4,Refrigerator,2,23.7,6.2989
Satara,2,22.8,42.4,Water Heater (Geyser),4,1.5,3.1555
Mumbai,8,28.8,82.8,Room Heater,4,1.3,2.8122
Mumbai,6,30.4,77.2,Iron,5,1.3,1.2923
Mumbai,3,32.7,36.2,Microwave Oven,5,12.9,14.4905
Mumbai,10,27.4,70.5,Washing Machine,4,0.9,0.4483
Mumbai,3,32.2,62.8,Microwave Oven,1,1.1,1.7569
Satara,11,37.7,49.9,Water Heater (Geyser),1,12.6,40.7288
Mumbai,11,25.5,69.2,Microwave Oven,1,0.6,0.9412
Mumbai,11,31.2,24.2,Ceiling Fan,3,1.1,0.109
Mumbai,4,25.8,39.4,LED TV,5,22.3,1.499
Mumbai,1,25.9,63.7,Water Heater (Geyser),1,1.0,2.949
Mumbai,12,24.2,54.1,Air Conditioner,3,3.1,6.7591
Mumbai,4,30.7,73.2,Microwave Oven,4,0.4,0.52
Satara,9,27.3,84.5,Refrigerator,1,21.4,5.7516
Mumbai,10,31.1,80.8,Water Heater (Geyser),4,2.5,6.1372
Mumbai,11,27.1,67.2,Washing Machine,2,0.8,0.5263
Satara,6,26.1,71.1,LED TV,4,4.4,0.3567
Mumbai,12,26.8,73.6,Air Conditioner,5,3.9,7.0542
Satara,11,23.1,55.1,Microwave Oven,2,1.0,1.3893
Satara,4,33.0,43.1,Refrigerator,3,21.3,4.3251
Satara,8,26.8,47.6,Room Heater,1,4.3,10.6478
Satara,11,23.7,38.9,Room Heater,3,3.9,8.1886
Mumbai,6,31.3,91.7,Iron,4,0.6,0.6532
Mumbai,11,27.2,63.4,Ceiling Fan,4,10.9,0.8865
Satara,10,25.0,69.0,Room Heater,5,2.5,4.5138
Satara,5,35.4,52.9,Ceiling Fan,5,12.1,0.8411
Satara,9,35.7,67.3,Refrigerator,2,21.1,5.3194
Satara,3,26.9,41.4,Desktop Computer,2,7.8,2.4169
Mumbai,5,32.2,83.7,Desktop Computer,5,9.2,2.1656
Satara,6,26.4,85.1,Microwave Oven,5,0.6,0.6864
Satara,6,27.6,33.5,LED TV,2,8.3,0.771
Satara,2,46.4,17.2,Room Heater,1,0.5,1.3939
Satara,10,27.7,57.3,LED TV,4,6.4,0.5104
Satara,8,15.7,73.1,Water Heater (Geyser),4,15.9,32.1283
Satara,11,25.7,57.7,Water Heater (Geyser),5,1.9,3.6815
Satara,7,26.3,82.2,LED TV,1,4.3,0.4678
Mumbai,5,11.5,54.1,Iron,5,11.1,9.9269
Satara,7,24.0,75.7,Air Conditioner,1,6.6,18.5781
Satara,6,31.1,41.9,Room Heater,3,8.0,17.7226
Satara,9,28.7,78.8,Air Conditioner,5,3.8,7.2274
Satara,4,28.7,37.1,Room Heater,3,2.3,4.9929
Mumbai,10,33.1,86.1,Room Heater,2,5.9,15.3734
Satara,12,20.8,45.8,Ceiling Fan,4,10.7,0.7605
Mumbai,10,30.2,66.4,Air Conditioner,1,8.4,26.3493
Satara,7,25.5,79.9,Microwave Oven,5,1.2,1.3884
Mumbai,12,38.9,76.0,Iron,3,23.9,27.6261
Mumbai,5,16.9,65.6,Room Heater,3,15.0,29.3668
Mumbai,5,30.5,77.0,Microwave Oven,4,1.5,1.9596
Satara,5,35.2,51.4,Water Heater (Geyser),4,1.2,2.8479
Mumbai,8,41.0,42.5,LED TV,1,22.0,2.405
Mumbai,5,15.5,63.5,Iron,1,12.0,14.0025
Satara,7,18.1,78.3,Ceiling Fan,4,13.6,0.9724
Satara,4,30.5,66.0,LED TV,4,15.6,1.2541
Mumbai,12,33.9,55.8,Refrigerator,3,16.4,3.5264
Satara,7,16.6,78.6,Water Heater (Geyser),4,19.0,39.1323
Satara,4,36.6,20.7,Air Conditioner,3,20.1,53.9888
Mumbai,6,33.6,80.0,Room Heater,5,5.8,11.7902
Mumbai,7,29.8,87.3,Microwave Oven,4,1.0,1.2952
Satara,9,25.3,72.9,Ceiling Fan,2,14.2,1.6281
Satara,2,26.6,51.1,Refrigerator,2,20.9,4.5703
Mumbai,12,38.3,70.6,Refrigerator,2,19.4,5.103
Mumbai,11,29.3,65.0,Room Heater,4,2.0,4.1808
Mumbai,1,25.4,66.9,Washing Machine,5,1.4,0.5708
Mumbai,9,28.5,85.6,Ceiling Fan,3,11.7,1.2162
Mumbai,4,26.2,29.9,Water Heater (Geyser),5,3.1,5.8101
Mumbai,3,24.7,67.1,Iron,3,1.1,1.1626
Satara,9,23.9,73.5,Ceiling Fan,4,11.7,0.8974
Satara,12,25.3,68.7,Microwave Oven,2,0.7,1.0134
Mumbai,9,29.6,86.6,Air Conditioner,2,3.8,11.2213
Satara,9,11.8,90.5,LED TV,2,13.0,1.2597
Mumbai,2,22.0,57.7,Refrigerator,2,21.5,4.4568
Satara,3,22.9,45.8,Iron,4,0.6,0.5976
Satara,12,46.8,33.4,Desktop Computer,2,6.4,2.1874
Mumbai,7,29.1,94.4,Washing Machine,5,0.7,0.3019
Satara,6,22.1,80.5,Refrigerator,3,22.9,4.3495
Satara,7,24.8,87.6,Room Heater,3,4.0,8.9323
Satara,5,32.6,58.2,Desktop Computer,5,6.6,1.4335
Satara,9,33.7,65.4,Refrigerator,1,13.6,3.7694
Satara,6,25.7,79.7,Desktop Computer,2,7.9,2.4957
Satara,4,31.7,53.0,Water Heater (Geyser),2,1.0,2.8535
Mumbai,9,30.5,81.6,Ceiling Fan,5,8.1,0.5505
Mumbai,3,27.5,68.4,Air Conditioner,1,3.1,9.1279
Satara,1,20.6,70.1,Room Heater,5,6.1,10.829
Satara,1,32.4,93.8,Ceiling Fan,1,22.8,3.4274
Satara,10,27.6,56.2,Room Heater,4,3.8,7.5499
Satara,7,25.4,76.8,Ceiling Fan,5,13.8,0.8444
Mumbai,12,21.7,89.4,Room Heater,1,7.7,19.5679
Mumbai,2,43.2,33.9,Microwave Oven,2,5.5,8.2548
Mumbai,12,26.0,54.8,Ceiling Fan,2,6.2,0.6961
Satara,4,22.7,54.2,Water Heater (Geyser),1,7.4,20.7307
Mumbai,7,45.4,80.7,Refrigerator,3,15.5,3.8707
Mumbai,8,29.5,88.8,Microwave Oven,1,0.4,0.6623
Mumbai,6,28.5,79.4,Ceiling Fan,3,4.2,0.4273
Mumbai,2,24.9,70.8,Refrigerator,5,5.0,0.6683
Satara,5,33.3,45.2,Desktop Computer,1,9.0,3.1688
Mumbai,7,31.3,85.1,Water Heater (Geyser),4,1.9,4.5992
Mumbai,4,34.1,79.0,Microwave Oven,2,0.6,0.9095
Mumbai,11,30.0,70.3,Microwave Oven,5,1.3,1.4918
Mumbai,7,30.2,79.9,Iron,2,0.4,0.4873
Mumbai,12,25.5,68.6,Washing Machine,2,1.3,0.8478
Mumbai,1,23.2,72.0,LED TV,4,3.6,0.2886
Satara,4,41.6,42.3,Washing Machine,2,11.4,7.7778
Satara,6,27.5,75.1,Iron,5,0.5,0.4909
Satara,1,21.3,45.5,Room Heater,4,4.2,7.7129
Satara,1,31.4,47.4,Room Heater,4,8.6,17.8685
Mumbai,6,28.0,83.4,Water Heater (Geyser),1,1.3,4.044
Mumbai,1,25.7,53.8,Air Conditioner,4,4.4,8.6809
Satara,4,11.9,61.6,Refrigerator,2,8.8,1.5849
Mumbai,7,29.5,86.7,Room Heater,1,4.9,13.1349
Satara,6,26.0,68.7,Iron,1,0.7,0.8539
Mumbai,4,29.0,42.0,Water Heater (Geyser),2,7.5,20.2677
Mumbai,12,28.7,51.6,Air Conditioner,2,10.5,27.8118
Mumbai,9,29.2,83.0,Air Conditioner,3,4.3,11.0077
Satara,2,29.9,68.6,Room Heater,3,20.6,46.7998
Satara,3,29.5,43.3,Desktop Computer,5,1.1,0.2331
Satara,2,25.4,25.8,Desktop Computer,2,4.1,1.2068
Mumbai,4,27.8,67.0,Desktop Computer,1,4.7,1.6328
Satara,3,18.8,32.7,Ceiling Fan,2,7.9,0.7575
Satara,7,11.9,53.6,Microwave Oven,2,9.7,12.6861
Satara,2,19.6,44.0,Microwave Oven,4,1.0,1.1394
Satara,2,22.8,39.5,Iron,2,0.7,0.7755
Satara,7,24.8,81.1,Desktop Computer,5,2.6,0.5651
Mumbai,6,30.8,78.7,Desktop Computer,3,9.0,2.7143
Satara,8,38.1,19.6,LED TV,2,11.9,1.1337
Mumbai,5,30.0,70.7,LED TV,3,4.6,0.4142
Satara,4,45.7,42.0,Room Heater,3,9.4,23.2539
Mumbai,8,28.0,84.7,Iron,5,1.1,1.0868
Mumbai,11,26.0,88.8,Refrigerator,3,21.0,4.3015
Mumbai,2,26.0,57.6,Desktop Computer,1,8.2,2.8078
Satara,5,16.1,17.4,Room Heater,1,6.1,13.0869
Satara,2,20.8,25.1,Microwave Oven,3,8.9,11.1897
Satara,10,22.3,61.5,Ceiling Fan,5,5.2,0.3028
Satara,7,25.1,74.5,LED TV,4,2.6,0.2111
Satara,7,20.5,54.0,Iron,1,14.9,17.3895
Mumbai,7,30.0,23.6,Iron,3,5.2,5.3784
Mumbai,10,32.9,66.0,Microwave Oven,3,1.0,1.3963
Mumbai,3,46.5,40.0,Air Conditioner,1,2.8,10.9717
Satara,3,23.7,37.7,Refrigerator,1,23.6,5.5449
Mumbai,12,47.7,38.3,Room Heater,1,5.6,16.4444
Mumbai,9,29.3,89.4,Iron,5,0.6,0.6064
Mumbai,8,28.5,83.8,Microwave Oven,4,1.2,1.5771
Mumbai,1,29.7,60.1,Refrigerator,5,21.5,3.0731
Mumbai,12,25.4,60.1,Air Conditioner,3,3.7,8.4012
Satara,10,30.0,65.4,Iron,5,1.3,1.2548
Mumbai,5,32.5,76.4,LED TV,1,6.7,0.756
Satara,1,19.8,55.2,Washing Machine,4,1.6,0.7334
Satara,5,29.9,53.9,Washing Machine,5,1.1,0.4487
Satara,7,25.6,83.0,Desktop Computer,4,5.6,1.4325
Satara,1,16.9,60.7,Refrigerator,3,20.1,3.4766
Mumbai,3,30.7,67.3,Desktop Computer,2,2.3,0.7492
Mumbai,7,33.3,39.3,Washing Machine,4,17.9,8.6792
Satara,10,38.4,88.9,LED TV,3,21.8,2.1097
Mumbai,7,28.7,91.5,Air Conditioner,1,4.6,14.567
Satara,3,28.3,43.3,Washing Machine,2,2.0,1.2743
Mumbai,4,21.8,87.0,LED TV,1,16.7,1.7774
Satara,4,25.2,84.2,Desktop Computer,4,15.5,4.0004
Satara,8,27.6,86.7,Ceiling Fan,2,4.4,0.5322
Satara,10,28.8,62.8,Air Conditioner,4,11.6,24.6844
Satara,2,25.5,43.6,Iron,2,1.1,1.2163
Mumbai,6,30.7,84.9,Desktop Computer,3,4.6,1.3701
Mumbai,4,27.3,62.3,Air Conditioner,1,3.7,10.9493
Satara,3,25.2,38.6,Room Heater,1,5.0,12.2626
Satara,4,16.3,76.8,Room Heater,5,22.1,37.5053
Satara,4,20.2,47.6,Washing Machine,3,13.1,7.0129
Satara,8,23.9,85.1,Ceiling Fan,5,10.7,0.6666
Mumbai,3,29.5,62.8,Desktop Computer,3,3.6,1.052
Satara,2,25.5,31.5,Refrigerator,5,21.7,2.7278
Satara,4,38.5,25.4,Washing Machine,5,16.9,7.1036
Satara,6,19.1,60.4,Air Conditioner,2,19.1,41.6782
Satara,4,27.9,50.9,Refrigerator,4,22.2,3.6439
Mumbai,6,44.8,46.0,Water Heater (Geyser),3,12.3,35.784
Satara,10,30.1,49.9,Room Heater,5,1.1,2.0311
Satara,7,25.6,87.5,Room Heater,1,1.1,2.8467
Satara,9,25.2,73.7,Refrigerator,2,21.4,4.6845
Satara,4,30.0,43.6,Air Conditioner,2,2.3,6.2939
Mumbai,1,24.1,62.9,Desktop Computer,1,7.0,2.4363
Mumbai,3,31.0,57.2,Iron,3,1.0,1.0749
Satara,3,28.9,29.3,Room Heater,5,4.6,8.2656
Satara,9,24.6,72.4,Air Conditioner,4,5.5,10.8363
Satara,10,16.3,18.2,Room Heater,1,18.1,38.7733
Mumbai,4,30.5,61.4,Washing Machine,5,0.7,0.2928
Mumbai,11,42.9,55.3,Ceiling Fan,3,6.9,0.8368
Mumbai,9,29.3,90.6,Refrigerator,4,21.5,3.8644
Satara,2,23.5,49.4,Washing Machine,4,1.0,0.4668
Satara,4,33.7,44.0,Refrigerator,1,21.7,5.9517
Satara,5,45.5,67.0,Washing Machine,5,10.9,4.9932
Satara,2,43.6,51.9,Ceiling Fan,3,3.5,0.4255
Mumbai,7,28.3,87.2,Air Conditioner,4,2.5,5.5086
Satara,10,45.9,26.8,Room Heater,2,1.9,4.9872
Mumbai,8,27.8,87.7,Iron,3,0.5,0.5709
Mumbai,4,10.3,72.3,Ceiling Fan,1,8.6,0.848
Satara,9,25.3,76.4,Ceiling Fan,2,13.3,1.5038
Mumbai,8,14.9,42.0,LED TV,5,18.6,1.201
Satara,3,27.8,56.6,Iron,5,1.0,0.9382
Mumbai,5,31.9,57.5,Iron,2,1.4,1.631
Satara,11,35.7,83.9,Desktop Computer,4,18.1,4.8393
Mumbai,5,27.2,67.0,Desktop Computer,2,6.0,1.9116
Mumbai,9,20.4,32.8,Washing Machine,2,8.3,4.918
Mumbai,7,30.1,80.1,Desktop Computer,2,5.8,1.9389
Satara,7,23.7,83.7,Microwave Oven,4,1.1,1.3936
Satara,11,21.4,58.4,Refrigerator,2,24.0,4.9747
Satara,6,26.3,87.0,Air Conditioner,5,9.6,17.6076
Satara,5,29.5,41.7,Room Heater,4,1.4,2.7643
Satara,2,23.7,38.6,Refrigerator,3,23.8,4.2721
Mumbai,7,45.8,64.7,Microwave Oven,3,20.4,30.9436
Mumbai,12,31.0,68.3,Water Heater (Geyser),3,1.1,2.9277
Satara,8,21.5,78.4,Desktop Computer,1,7.6,2.6477
Mumbai,8,37.8,68.8,Iron,1,11.6,14.9044
Mumbai,6,30.1,84.5,Water Heater (Geyser),1,2.2,7.0058
Mumbai,3,27.4,62.7,Desktop Computer,4,5.9,1.4661
Mumbai,7,45.9,55.6,Ceiling Fan,1,22.3,3.7608
Satara,3,29.8,45.1,Iron,2,1.2,1.3499
Satara,10,32.6,64.8,Water Heater (Geyser),4,1.3,3.1241
Mumbai,3,28.8,64.0,Refrigerator,2,23.6,5.4366
Mumbai,9,17.9,42.3,Room Heater,2,5.9,12.604
Mumbai,8,28.9,83.2,Iron,1,1.1,1.4026
Mumbai,4,41.0,39.0,Room Heater,5,4.0,8.0762
Satara,12,21.4,44.5,Refrigerator,5,23.3,2.8925
Mumbai,11,34.0,47.7,Air Conditioner,3,18.4,48.9585
Satara,7,25.6,59.0,Air Conditioner,1,14.6,41.1604
Mumbai,12,25.8,64.7,Air Conditioner,1,9.6,27.465
Satara,3,12.6,72.8,Water Heater (Geyser),1,8.8,22.7281
Mumbai,1,25.9,65.9,Room Heater,4,5.1,10.334
Mumbai,7,39.7,64.3,Refrigerator,4,7.9,1.5543
Mumbai,12,24.7,58.3,Air Conditioner,1,10.1,27.5082
Mumbai,6,32.0,85.0,LED TV,3,5.9,0.5473
Mumbai,6,30.3,69.8,Desktop Computer,2,11.0,3.6243
Satara,5,32.0,60.5,Iron,5,0.5,0.4887
Mumbai,7,17.3,55.7,Ceiling Fan,2,5.3,0.5077
Satara,3,26.1,30.7,Air Conditioner,3,2.9,6.4486
Satara,2,17.4,93.2,Room Heater,4,17.9,34.1811
Satara,12,15.4,38.1,LED TV,3,6.6,0.5294
Satara,9,24.0,71.6,Air Conditioner,4,2.3,4.5847
Satara,1,15.5,32.6,Water Heater (Geyser),3,13.4,28.4029
Satara,8,27.1,88.8,Desktop Computer,3,3.2,0.9466
Mumbai,4,27.5,70.8,LED TV,2,2.7,0.2704
Satara,9,27.2,71.8,Iron,2,8.6,10.103
Satara,5,34.3,44.7,Ceiling Fan,4,7.8,0.6849
Satara,9,28.9,41.2,Ceiling Fan,3,12.8,1.2345
Mumbai,1,27.0,70.6,Air Conditioner,5,8.5,15.3989
Mumbai,7,29.6,89.6,Washing Machine,1,0.9,0.6927
Satara,10,26.5,53.8,Iron,4,1.5,1.5276
Mumbai,11,29.6,62.6,Refrigerator,3,21.9,4.4036
Mumbai,1,26.8,69.5,Room Heater,2,4.1,9.8199
Mumbai,5,35.0,67.0,Water Heater (Geyser),1,1.4,4.6817
Satara,3,24.9,32.7,Water Heater (Geyser),4,2.7,5.7561
Satara,2,26.5,54.3,Microwave Oven,2,0.5,0.7162
Satara,12,20.2,40.3,Room Heater,3,2.9,5.7713
Satara,9,10.2,32.5,Refrigerator,3,4.8,0.6927
Mumbai,5,35.0,78.1,Iron,3,1.0,1.1576
Satara,1,20.7,40.5,Ceiling Fan,5,4.7,0.2558
Satara,1,19.0,42.4,Ceiling Fan,1,15.5,1.7641
Satara,3,22.0,44.8,Room Heater,1,3.8,8.9494
Satara,5,32.2,51.6,Microwave Oven,1,1.3,2.0471
Satara,2,21.2,51.7,Air Conditioner,4,11.7,20.5951
Mumbai,1,45.2,54.4,Refrigerator,4,6.6,1.349
Satara,1,22.5,70.9,Desktop Computer,5,2.8,0.595
Mumbai,3,30.3,80.9,Washing Machine,2,2.9,1.9808
Mumbai,3,41.6,76.3,Air Conditioner,4,8.7,23.5788
Mumbai,12,25.7,74.2,Room Heater,3,2.2,4.9005
Mumbai,11,29.4,62.9,Air Conditioner,3,5.6,14.0229
Mumbai,6,32.5,77.2,Room Heater,1,4.8,13.2979
Satara,11,22.8,63.7,Refrigerator,4,21.3,3.381
Mumbai,7,29.6,87.2,Desktop Computer,2,8.3,2.8068
Satara,4,29.4,60.3,Washing Machine,2,1.8,1.1677
Satara,9,27.2,84.1,Air Conditioner,2,10.8,29.7086
Mumbai,8,28.8,87.4,Iron,1,1.2,1.5338
Satara,6,27.0,75.9,Refrigerator,3,21.7,4.2939
Mumbai,7,28.6,85.3,Refrigerator,2,21.6,5.1464
Satara,12,21.3,50.0,Air Conditioner,4,8.8,15.8545
Mumbai,11,27.4,65.5,Room Heater,5,1.8,3.3863
Satara,12,23.9,42.5,Room Heater,1,3.7,8.7089
Satara,9,25.3,18.8,Air Conditioner,4,3.2,5.9507
Satara,7,24.7,80.1,Refrigerator,1,21.5,5.4137
Mumbai,10,41.9,30.0,Ceiling Fan,3,23.5,2.7314
Mumbai,9,28.3,83.8,Refrigerator,1,23.8,6.4231
Mumbai,3,28.1,57.8,LED TV,2,6.9,0.6703
Satara,11,36.4,45.7,Desktop Computer,4,3.5,0.8965
Mumbai,2,26.2,55.3,Iron,1,0.4,0.4845
Satara,9,28.8,84.3,Microwave Oven,1,0.4,0.6536
Mumbai,6,31.7,85.1,Microwave Oven,2,1.5,2.3445
Mumbai,1,25.4,66.8,Iron,2,0.4,0.4621
Satara,7,15.6,42.6,Iron,1,23.9,27.7252
Mumbai,11,29.2,58.2,Microwave Oven,4,1.0,1.2508
Satara,4,26.5,53.5,Ceiling Fan,5,13.5,0.8329
Satara,5,33.0,52.4,Desktop Computer,4,8.7,2.2241
Mumbai,2,23.4,59.6,Microwave Oven,2,1.1,1.5638
Satara,2,27.0,52.4,Room Heater,2,1.0,2.3506
Satara,12,45.0,90.2,Desktop Computer,5,20.5,5.0803
Satara,10,13.8,37.5,Iron,3,13.7,13.3549
Mumbai,7,24.1,23.2,Ceiling Fan,1,21.6,2.5908
Mumbai,10,11.9,21.9,LED TV,5,19.3,1.1883
Satara,12,28.1,46.2,LED TV,2,4.2,0.3986
Satara,1,20.3,50.0,Iron,3,1.4,1.476
Satara,10,30.5,63.2,Room Heater,5,1.7,3.2463
Mumbai,11,25.0,76.7,Air Conditioner,3,8.7,20.1844
Satara,6,24.5,77.6,Iron,3,0.8,0.8844
Satara,10,41.4,72.6,Air Conditioner,3,13.4,41.8471
Satara,4,31.0,29.7,Microwave Oven,1,0.4,0.604
Mumbai,10,42.5,18.6,Ceiling Fan,1,8.9,1.3758
Satara,4,31.7,40.3,Ceiling Fan,1,9.5,1.3039
Satara,3,26.1,54.0,LED TV,5,7.2,0.5056
Mumbai,10,11.4,54.7,LED TV,3,5.6,0.4435
Mumbai,11,29.5,62.9,Room Heater,3,1.1,2.5178
Satara,9,20.8,74.9,Desktop Computer,5,4.6,0.9789
Satara,11,16.8,22.5,Refrigerator,1,12.1,2.5031
Satara,12,20.4,47.5,Desktop Computer,1,4.4,1.4671
Mumbai,11,26.2,64.4,Ceiling Fan,2,5.9,0.6762
Satara,2,39.6,47.3,Room Heater,4,12.8,28.1541
Mumbai,6,31.3,84.7,Iron,1,0.6,0.7706
Mumbai,10,31.7,74.8,Room Heater,5,3.9,7.5697
Satara,3,27.5,36.2,Washing Machine,4,0.6,0.2794
Satara,8,20.3,83.0,Ceiling Fan,3,10.7,0.9841
Satara,11,28.8,56.0,LED TV,3,2.9,0.259
Mumbai,4,31.2,76.1,LED TV,2,6.0,0.61
Satara,8,10.8,92.1,Ceiling Fan,3,10.9,0.8355
Mumbai,3,28.6,61.1,Ceiling Fan,5,13.0,0.8388
Satara,1,18.2,49.4,Air Conditioner,4,3.1,5.1221
Mumbai,10,30.2,72.6,Refrigerator,4,21.6,3.8915
Satara,11,23.8,51.6,Water Heater (Geyser),3,1.2,2.8306
Satara,12,20.5,46.1,Water Heater (Geyser),4,2.2,4.5075
Mumbai,10,28.6,74.9,Washing Machine,5,0.8,0.3384
Mumbai,11,26.6,60.8,Air Conditioner,4,8.7,17.5141
Satara,2,38.7,66.2,Washing Machine,2,5.4,3.8147
Mumbai,6,30.1,76.0,Washing Machine,5,0.6,0.2567
Satara,9,36.1,41.8,Microwave Oven,5,12.0,13.8386
Mumbai,9,27.7,87.1,Ceiling Fan,4,15.2,1.2627
Satara,7,22.9,83.6,Washing Machine,4,1.3,0.6346
Satara,2,24.4,39.5,Room Heater,4,3.3,6.3203
Satara,10,24.3,53.4,Room Heater,4,2.7,5.2274
Mumbai,5,26.4,45.3,Iron,4,15.4,15.042
Satara,2,23.6,34.0,Microwave Oven,3,1.3,1.6582
Mumbai,5,29.6,73.3,Microwave Oven,4,0.4,0.5116
Satara,6,27.9,79.8,Room Heater,5,3.9,7.4504
Mumbai,2,27.5,58.6,Air Conditioner,5,11.6,20.8217
Satara,7,24.6,86.0,Water Heater (Geyser),4,1.0,2.2498
Mumbai,7,30.2,84.0,Room Heater,3,3.0,7.0414
Satara,9,14.1,66.6,Refrigerator,4,3.0,0.4214
Mumbai,6,11.7,27.0,Iron,5,9.5,8.158
Mumbai,12,29.6,58.5,Ceiling Fan,4,4.3,0.3558
Satara,2,23.4,63.3,Microwave Oven,4,1.3,1.5736
Mumbai,5,30.6,61.3,Room Heater,5,4.4,8.3068
Mumbai,4,32.7,67.7,Room Heater,4,1.8,3.8915
Satara,4,24.1,88.1,Room Heater,5,17.9,33.5641
Mumbai,6,40.3,66.3,Ceiling Fan,2,21.1,2.953
Satara,6,27.5,75.4,LED TV,5,5.7,0.4087
Satara,2,22.9,52.1,Iron,5,0.8,0.7371
Mumbai,3,17.7,50.4,Iron,5,1.8,1.6348
Satara,5,36.3,56.2,Room Heater,5,3.0,6.0436
Mumbai,2,24.5,49.5,Washing Machine,4,2.0,0.9415
Mumbai,9,30.8,78.5,Refrigerator,5,23.3,3.4788
Mumbai,12,27.2,69.4,Refrigerator,2,20.7,4.7314
Satara,9,25.4,78.2,Water Heater (Geyser),5,1.7,3.4074
Mumbai,5,30.7,66.5,Room Heater,1,2.7,7.2301
Satara,11,20.3,54.1,Ceiling Fan,1,8.0,0.9481
Mumbai,6,33.8,37.5,Ceiling Fan,2,12.4,1.5492
Satara,9,41.4,90.4,Room Heater,1,22.9,68.334
Mumbai,11,30.3,74.8,Refrigerator,2,21.3,5.1212
Satara,2,22.9,35.7,Refrigerator,1,20.3,4.7249
Satara,12,18.8,35.8,Iron,2,0.3,0.3285
Satara,1,15.0,21.8,Iron,2,7.6,7.8678
Mumbai,9,29.9,80.1,Washing Machine,4,1.1,0.5634
Mumbai,12,24.7,55.0,Washing Machine,4,1.0,0.4823
Satara,9,23.4,75.5,Desktop Computer,4,5.9,1.4465
Satara,9,25.6,80.9,LED TV,3,5.1,0.4591
Satara,12,20.0,57.4,Room Heater,1,2.7,6.3029
Satara,2,20.8,42.9,Microwave Oven,1,20.1,29.5827
Mumbai,10,31.7,78.2,Iron,1,0.4,0.511
Satara,1,15.7,36.8,Refrigerator,3,20.0,3.1228
Satara,7,25.4,98.0,Microwave Oven,5,1.2,1.4354
Mumbai,9,29.1,81.9,LED TV,4,2.9,0.2427
Satara,11,24.2,57.2,Iron,5,1.3,1.236
Mumbai,2,16.8,54.4,Desktop Computer,1,2.4,0.7827
Satara,4,29.1,48.8,Microwave Oven,3,1.2,1.6203
Mumbai,12,26.6,57.5,Room Heater,4,5.0,10.0085
Satara,10,22.8,58.4,Air Conditioner,5,9.8,16.0448
Satara,11,24.2,56.3,Desktop Computer,4,5.5,1.3497
Satara,4,30.6,40.7,Desktop Computer,5,5.0,1.0534
Mumbai,7,30.4,89.4,LED TV,4,6.0,0.5096
Satara,10,44.3,43.5,Water Heater (Geyser),5,23.9,55.242
Mumbai,9,28.8,77.2,Washing Machine,1,0.7,0.5261
Satara,6,23.8,74.1,Desktop Computer,2,4.6,1.4527
Mumbai,12,26.7,71.7,Air Conditioner,1,8.8,25.7205
Satara,8,29.9,27.1,Iron,2,11.2,12.5506
Satara,7,20.1,73.9,Desktop Computer,4,20.9,5.104
Mumbai,1,27.1,58.9,LED TV,1,2.2,0.2315
Mumbai,8,27.1,85.2,LED TV,4,5.2,0.4293
Satara,2,20.6,43.1,LED TV,2,3.8,0.3484
Mumbai,7,31.8,87.0,Iron,1,18.8,24.1201
Mumbai,7,30.7,88.0,Refrigerator,5,20.2,3.033
Mumbai,11,31.3,58.3,LED TV,5,6.6,0.4728
Satara,9,24.6,73.2,Ceiling Fan,2,8.5,0.9565
Satara,10,28.5,50.9,Desktop Computer,4,3.9,0.9845
Mumbai,8,27.5,87.0,Washing Machine,3,1.9,1.1071
Mumbai,8,29.5,83.1,Iron,1,1.1,1.4003
Satara,10,25.7,61.7,Water Heater (Geyser),2,2.5,6.841
Satara,5,31.2,45.5,Ceiling Fan,1,4.8,0.6655
Mumbai,2,27.2,57.1,Washing Machine,1,0.8,0.5772
Mumbai,9,12.8,46.0,Refrigerator,2,20.3,3.682
Mumbai,6,43.0,37.7,Iron,5,18.9,18.6341
Satara,9,29.6,80.9,Water Heater (Geyser),2,2.7,7.8307
Mumbai,9,30.7,80.7,LED TV,5,2.6,0.1932
Mumbai,4,28.5,68.6,Ceiling Fan,4,11.1,0.9271
Mumbai,12,27.6,68.3,Ceiling Fan,5,11.6,0.7211
Satara,3,23.3,63.2,Water Heater (Geyser),5,15.7,29.6724
Satara,3,25.5,30.4,Microwave Oven,3,0.6,0.7644
Mumbai,1,10.9,66.6,Air Conditioner,4,4.7,6.548
Mumbai,5,31.7,75.9,Refrigerator,1,20.6,5.6717
Mumbai,11,29.0,67.1,Air Conditioner,1,10.3,31.5441
Mumbai,8,30.2,85.0,Water Heater (Geyser),3,2.2,5.9077
Mumbai,4,28.8,72.0,Washing Machine,5,1.0,0.4269
Mumbai,9,29.2,90.4,Refrigerator,3,21.5,4.5847
Mumbai,10,43.8,94.3,Air Conditioner,2,8.9,33.085
Satara,2,24.2,57.8,Iron,3,0.5,0.5307
Mumbai,1,30.7,71.7,Desktop Computer,3,4.4,1.3007
Satara,12,26.7,58.2,Refrigerator,5,6.0,0.8157
Mumbai,7,26.8,20.0,Air Conditioner,2,21.0,50.44
Mumbai,12,42.9,72.8,Air Conditioner,5,20.1,48.8547
Satara,4,28.1,51.4,Ceiling Fan,4,4.4,0.3528
Satara,9,27.1,76.4,Air Conditioner,1,7.4,21.9812
Mumbai,9,28.6,91.8,Ceiling Fan,3,14.3,1.496
Mumbai,9,28.6,78.1,Ceiling Fan,2,10.6,1.299
Mumbai,6,30.4,77.7,Ceiling Fan,2,10.1,1.2607
Mumbai,9,31.9,90.3,Air Conditioner,3,11.4,30.9482
Mumbai,4,48.0,28.7,Ceiling Fan,3,18.6,2.3302
Satara,6,26.1,83.2,Air Conditioner,1,11.4,33.6945
Mumbai,3,43.2,21.0,Microwave Oven,5,6.3,7.2917
Mumbai,9,29.1,80.4,Iron,2,0.5,0.6048
Satara,10,37.4,18.3,Water Heater (Geyser),1,8.6,26.7792
Mumbai,5,33.9,59.8,Washing Machine,1,1.9,1.4331
Mumbai,9,26.9,84.5,Ceiling Fan,5,14.3,0.9109
Mumbai,2,31.1,38.3,Washing Machine,1,10.3,7.4464
Satara,7,27.5,84.0,Air Conditioner,2,10.7,29.3053
Satara,4,27.5,44.7,LED TV,3,2.6,0.2284
Mumbai,3,32.4,61.0,Microwave Oven,1,1.0,1.5743
Mumbai,6,44.0,42.3,LED TV,4,7.8,0.6513
Satara,8,15.4,78.8,Microwave Oven,5,9.5,10.4527
Mumbai,2,24.4,55.0,Ceiling Fan,1,11.9,1.4947
Satara,12,24.1,46.0,Air Conditioner,3,2.0,4.3328
Satara,10,25.9,59.6,Room Heater,2,5.8,13.8109
Satara,10,29.6,63.7,Air Conditioner,2,8.9,24.3306
Satara,9,27.2,38.3,LED TV,5,7.6,0.5085
Satara,4,13.4,46.9,Water Heater (Geyser),5,2.3,3.8223
Mumbai,3,13.2,53.6,Room Heater,3,12.6,23.8355
Satara,7,24.4,81.0,Iron,4,0.5,0.5266
Mumbai,4,29.7,63.8,Refrigerator,5,22.1,3.1732
Mumbai,4,30.1,66.9,Air Conditioner,2,8.3,23.6598
Mumbai,2,29.2,59.2,Water Heater (Geyser),1,1.2,3.7026
Satara,10,25.8,54.2,Ceiling Fan,5,7.8,0.4694
Mumbai,8,35.5,52.6,Desktop Computer,1,10.8,3.9128
Satara,6,33.1,57.5,Water Heater (Geyser),5,14.4,30.2871
Satara,12,27.5,31.2,Desktop Computer,1,22.6,7.6022
Satara,1,21.7,42.8,Air Conditioner,2,4.4,9.9905
Mumbai,10,33.1,75.5,Washing Machine,4,1.7,0.8744
Mumbai,10,19.7,36.0,Microwave Oven,2,13.9,18.4937
Mumbai,1,25.8,60.7,Microwave Oven,5,0.8,0.9113
Mumbai,2,25.5,52.8,Desktop Computer,4,9.6,2.3253
Mumbai,9,29.5,75.5,Air Conditioner,1,4.1,12.7181
Mumbai,2,10.7,81.1,Air Conditioner,5,12.8,15.5451
Satara,11,34.6,88.8,Room Heater,4,6.1,13.7283
Satara,6,27.9,84.9,Ceiling Fan,4,5.6,0.4686
Satara,12,37.5,23.5,Washing Machine,2,13.0,8.2531
Satara,1,19.3,57.2,Ceiling Fan,4,10.1,0.7021
Mumbai,9,28.5,70.6,Air Conditioner,4,7.4,16.1769
Mumbai,4,45.0,75.1,LED TV,4,14.4,1.2622
Mumbai,5,31.9,63.1,Ceiling Fan,3,15.7,1.6348
Mumbai,5,33.1,76.1,Water Heater (Geyser),4,1.4,3.4136
Mumbai,10,33.2,77.8,LED TV,4,3.5,0.29
Mumbai,4,28.1,76.3,Washing Machine,5,1.8,0.757
Mumbai,1,24.9,69.2,Microwave Oven,2,1.2,1.7404
Satara,7,29.1,44.2,Desktop Computer,4,8.3,2.0482
Satara,11,35.8,36.7,Iron,2,21.8,24.7993
Satara,5,47.2,36.6,Iron,4,18.3,19.4555
Mumbai,7,30.5,93.5,Water Heater (Geyser),2,2.3,6.8439
Mumbai,12,28.3,68.4,Iron,1,0.6,0.7283
Mumbai,6,27.7,84.4,Washing Machine,1,0.6,0.4574
Satara,8,26.9,86.1,LED TV,4,4.5,0.3729
Mumbai,1,26.8,65.7,Refrigerator,2,20.4,4.6465
Mumbai,5,33.5,60.4,LED TV,4,7.0,0.5815
Satara,9,27.5,76.6,Iron,1,1.5,1.8711
Mumbai,10,31.9,66.7,Water Heater (Geyser),3,12.9,34.1544
Mumbai,10,30.7,42.9,Microwave Oven,4,17.0,21.0355
Satara,9,41.6,94.5,Refrigerator,5,10.8,1.8502
Satara,5,31.1,58.2,Refrigerator,1,23.5,6.3132
Satara,9,22.6,17.1,Washing Machine,4,21.0,9.2847
Satara,4,31.0,46.8,Washing Machine,4,0.8,0.3951
Satara,4,33.2,35.8,LED TV,2,2.4,0.2334
Satara,1,13.3,45.6,Washing Machine,5,3.7,1.3842
Mumbai,6,31.4,81.1,Room Heater,2,3.2,8.0948
Mumbai,8,31.8,82.9,Iron,3,0.7,0.8025
Mumbai,1,24.1,87.2,Desktop Computer,3,19.5,5.5952
Satara,7,24.8,34.3,Washing Machine,5,20.1,7.8327
Satara,7,24.5,82.9,Room Heater,4,1.6,3.264
Satara,1,44.7,42.7,Microwave Oven,1,2.5,4.1783
Satara,8,19.0,54.6,Washing Machine,4,9.1,4.1173
Mumbai,10,30.8,77.0,Washing Machine,1,0.7,0.5322
Mumbai,12,24.9,60.2,Water Heater (Geyser),3,1.3,3.1655
Mumbai,9,26.5,90.9,Room Heater,4,2.1,4.4295
Satara,12,17.9,31.3,Ceiling Fan,1,14.3,1.5397
Satara,4,31.2,41.7,LED TV,3,7.2,0.6268
Mumbai,2,24.2,58.0,LED TV,3,6.0,0.5135
Satara,12,18.6,36.7,Microwave Oven,4,23.0,26.1507
Satara,2,28.7,47.8,Microwave Oven,2,0.8,1.1638
Satara,11,26.6,62.2,Ceiling Fan,5,6.5,0.4084
Satara,3,27.9,38.4,Refrigerator,3,23.4,4.5178
Satara,9,23.1,85.2,Iron,3,0.9,1.0166
Satara,10,28.2,57.5,Microwave Oven,1,1.4,2.1877
Satara,1,22.2,56.6,LED TV,3,2.5,0.2177
Mumbai,5,31.6,74.3,Air Conditioner,1,8.8,28.9557
Satara,3,23.1,30.1,Ceiling Fan,3,7.6,0.6669
Satara,2,23.9,25.9,Room Heater,4,22.2,40.2513
Mumbai,12,27.0,68.9,Refrigerator,2,21.5,4.8597
Satara,7,26.1,85.9,Refrigerator,5,20.8,2.9554
Satara,6,28.4,17.6,Iron,4,20.4,19.6492
Satara,6,11.2,43.7,Microwave Oven,4,3.9,4.2947
Mumbai,5,47.6,44.1,Water Heater (Geyser),5,20.4,48.0135
Satara,5,28.3,65.5,Desktop Computer,5,6.8,1.4892
Mumbai,7,30.0,88.1,Air Conditioner,2,7.0,20.4108
Mumbai,2,27.1,63.0,Washing Machine,5,0.8,0.3292
Mumbai,1,26.3,61.2,Air Conditioner,1,9.3,26.6341
Mumbai,10,30.0,59.3,Ceiling Fan,2,4.9,0.5915
Mumbai,6,17.7,17.5,Air Conditioner,2,12.6,24.9806
Mumbai,9,28.9,79.7,Room Heater,3,1.6,3.7142
Satara,9,25.9,74.3,Iron,4,0.5,0.5225
Mumbai,12,27.3,71.9,Water Heater (Geyser),2,1.0,2.7968
Mumbai,11,28.5,72.7,Microwave Oven,4,0.6,0.7613
Mumbai,10,30.8,75.5,LED TV,4,4.8,0.3974
Satara,2,25.1,36.6,Air Conditioner,4,7.8,14.7581
Satara,6,28.3,75.7,Washing Machine,4,1.9,0.9596
Mumbai,11,28.3,67.1,Refrigerator,1,22.8,5.9575
Mumbai,11,28.7,67.9,Ceiling Fan,3,6.5,0.6712
Satara,1,33.5,90.5,Ceiling Fan,1,17.5,2.6953
Satara,6,29.1,80.7,LED TV,2,4.7,0.4747
Mumbai,9,28.2,87.7,Room Heater,4,2.4,5.1935
Mumbai,11,31.8,80.0,Washing Machine,2,0.6,0.4179
Satara,1,21.9,73.4,Microwave Oven,1,0.7,1.0885
Mumbai,11,28.5,51.5,Microwave Oven,5,0.6,0.6752
Mumbai,7,12.1,90.8,Iron,3,0.6,0.6477
Satara,7,25.9,87.6,Desktop Computer,3,8.9,2.5993
Satara,8,40.7,81.1,Refrigerator,4,19.7,3.9774
Mumbai,5,16.9,65.2,Desktop Computer,5,15.6,3.2374
Mumbai,10,46.9,79.8,Ceiling Fan,1,21.2,3.738
Satara,9,26.1,77.6,Room Heater,5,4.6,8.5394
Satara,11,23.3,49.5,Washing Machine,4,0.8,0.3771
Mumbai,7,39.1,19.7,Washing Machine,1,20.2,14.7118
Mumbai,4,14.1,49.2,Air Conditioner,4,2.8,4.1282
Satara,1,26.7,39.8,Microwave Oven,3,0.5,0.6479
Mumbai,9,29.1,87.4,Air Conditioner,3,10.6,26.7368
Mumbai,1,27.3,65.4,Washing Machine,2,1.6,1.0557
Mumbai,8,29.0,88.4,Ceiling Fan,3,7.0,0.7411
Satara,1,21.6,34.2,Desktop Computer,3,6.1,1.6032
Mumbai,2,26.5,67.4,Desktop Computer,3,7.2,2.0459
Mumbai,2,24.4,65.4,Microwave Oven,2,1.3,1.863
Satara,1,32.1,57.9,Ceiling Fan,5,22.7,1.5258
Satara,8,26.0,91.6,Refrigerator,2,20.8,4.8025
Mumbai,1,43.9,58.1,Air Conditioner,2,19.5,69.0344
Mumbai,9,29.1,86.7,Washing Machine,3,1.7,1.0324
Satara,12,21.4,55.4,Water Heater (Geyser),1,1.6,4.5019
Satara,11,24.5,57.5,Washing Machine,3,1.2,0.6619
Satara,1,24.0,52.6,Iron,2,0.9,1.0064
Mumbai,6,24.3,40.4,Air Conditioner,1,13.1,34.5869
Satara,11,16.2,38.3,Iron,3,16.3,16.4456
Mumbai,10,29.4,75.7,Room Heater,1,1.7,4.5362
Satara,7,47.3,34.7,Refrigerator,1,18.4,5.646
Satara,10,29.4,71.5,Room Heater,1,4.0,10.6953
Satara,2,23.5,39.0,LED TV,4,4.1,0.3088
Mumbai,5,37.2,81.1,LED TV,2,8.0,0.8258
Mumbai,2,29.0,62.5,Water Heater (Geyser),5,1.4,2.9027
Satara,11,24.8,39.1,Water Heater (Geyser),5,2.4,4.5276
Satara,11,37.8,44.4,LED TV,1,3.8,0.411
Mumbai,5,30.2,72.4,Room Heater,2,2.4,5.9989
Mumbai,4,32.3,64.2,Refrigerator,2,21.7,5.3479
Satara,2,28.8,43.7,Water Heater (Geyser),2,0.8,2.1727
Satara,9,20.8,80.2,Room Heater,1,5.4,13.3292
Mumbai,5,27.7,72.2,Room Heater,5,1.9,3.6121
Satara,3,21.8,29.8,Washing Machine,5,1.3,0.4976
Satara,9,47.7,49.2,Refrigerator,4,9.5,1.9766
Mumbai,6,33.2,75.5,Desktop Computer,2,5.4,1.8249
Satara,4,30.5,55.1,Water Heater (Geyser),3,0.8,2.0479
Mumbai,8,29.8,87.3,Water Heater (Geyser),4,2.6,6.1948
Satara,11,25.9,46.6,Air Conditioner,1,3.6,10.0221
Satara,10,27.6,55.1,Iron,2,0.9,1.0241
Mumbai,7,32.3,87.0,Iron,4,11.6,12.8963
Mumbai,2,46.2,41.3,LED TV,4,16.1,1.3417
Satara,3,28.4,33.4,Air Conditioner,1,9.2,26.42
Satara,1,21.5,68.8,Iron,4,1.1,1.1358
Satara,10,46.1,42.6,Microwave Oven,2,1.9,2.927
Mumbai,2,47.2,92.3,Refrigerator,3,9.8,2.5404
Satara,11,21.0,46.6,Ceiling Fan,5,13.1,0.7262
Mumbai,6,30.8,92.5,Iron,2,1.2,1.4767
Satara,11,18.3,76.6,Iron,3,11.7,12.7234
Satara,4,28.7,38.4,LED TV,2,7.4,0.6975
Satara,2,25.9,45.5,Water Heater (Geyser),1,1.5,4.2593
Satara,2,35.8,83.4,Air Conditioner,3,4.2,11.854
Mumbai,2,32.1,76.3,Water Heater (Geyser),2,10.1,30.0364
Mumbai,11,26.3,61.0,Water Heater (Geyser),2,2.3,6.3093
Satara,6,29.6,81.2,Iron,5,1.0,0.997
Satara,10,26.5,59.4,Water Heater (Geyser),5,1.6,3.1342
Mumbai,3,29.2,64.5,Iron,1,0.8,0.9933
Mumbai,4,20.8,80.5,Ceiling Fan,2,2.4,0.263
Mumbai,9,29.8,75.7,Desktop Computer,5,6.2,1.3956
Satara,2,23.1,29.4,Refrigerator,2,23.0,4.7579
Mumbai,5,33.2,68.3,Water Heater (Geyser),1,2.1,6.8105
Satara,9,26.0,84.2,Air Conditioner,2,11.7,31.4993
Mumbai,6,14.1,26.2,Refrigerator,3,12.5,1.9121
Satara,2,20.8,33.3,Air Conditioner,3,11.5,22.6431
Mumbai,6,32.4,86.9,Ceiling Fan,2,5.4,0.7048
Mumbai,12,29.0,63.5,Refrigerator,4,20.9,3.5165
Mumbai,9,28.8,87.6,Microwave Oven,5,0.7,0.8281
Satara,2,21.2,45.5,Refrigerator,5,22.2,2.7701
Satara,6,46.7,77.4,Water Heater (Geyser),3,1.9,5.9
Satara,8,24.9,83.1,Water Heater (Geyser),3,2.4,6.0355
Satara,5,30.7,63.7,Ceiling Fan,2,10.1,1.2156
Mumbai,4,37.1,71.2,Room Heater,1,14.9,42.7475
Satara,2,22.2,39.9,Refrigerator,4,20.2,3.071
Satara,10,46.5,31.9,Desktop Computer,1,22.0,8.152
Satara,9,27.3,76.4,Water Heater (Geyser),3,3.0,7.762
Mumbai,12,26.3,72.2,Washing Machine,2,1.4,0.9252
Mumbai,8,30.3,82.4,Air Conditioner,4,10.2,23.3421
Mumbai,3,30.9,56.2,Air Conditioner,5,11.3,21.708
Mumbai,8,28.1,87.8,Microwave Oven,1,1.3,2.0819
Mumbai,10,29.8,69.9,Iron,3,0.9,0.9922
Mumbai,11,31.2,72.6,Air Conditioner,1,8.4,26.5732
Mumbai,1,25.9,65.6,LED TV,3,2.6,0.2306
Satara,3,43.0,76.2,Air Conditioner,3,5.6,17.8977
Mumbai,1,26.6,61.0,LED TV,2,4.0,0.3885
Satara,6,23.6,74.8,Microwave Oven,2,0.8,1.1646
Satara,4,27.9,42.1,Desktop Computer,1,8.8,2.9858
Satara,6,26.3,73.3,Refrigerator,1,23.8,6.0563
Mumbai,8,35.8,44.8,Desktop Computer,5,20.9,4.6797
Mumbai,3,39.2,85.8,Water Heater (Geyser),3,5.7,16.4205
Satara,3,26.5,52.5,LED TV,1,6.4,0.6692
Mumbai,2,26.2,65.6,Iron,2,0.4,0.4639
Mumbai,6,31.9,78.5,Air Conditioner,5,8.9,18.0026
Mumbai,10,30.4,82.7,Washing Machine,2,0.7,0.4728
Satara,4,28.2,55.2,Desktop Computer,5,9.6,2.1175
Mumbai,2,28.4,65.1,Microwave Oven,4,1.1,1.3826
Satara,9,22.3,61.7,Desktop Computer,4,6.4,1.5405
Mumbai,6,44.4,60.5,Air Conditioner,3,18.8,59.513
Mumbai,2,24.4,67.0,Water Heater (Geyser),5,1.1,2.1488
Satara,12,21.9,52.8,Room Heater,5,5.2,8.919
Satara,5,29.4,58.8,Room Heater,4,4.5,9.388
Mumbai,9,30.7,90.1,Air Conditioner,4,6.7,15.4218
Mumbai,4,34.1,44.1,Refrigerator,5,20.5,2.9486
Mumbai,6,31.2,82.2,Air Conditioner,4,11.7,27.0017
Mumbai,6,24.6,64.9,Microwave Oven,4,10.8,13.4378
Satara,1,25.1,54.5,Iron,5,0.6,0.5638
Satara,2,19.6,66.0,Water Heater (Geyser),2,20.0,51.6011
Mumbai,8,28.1,79.1,Ceiling Fan,1,9.0,1.2576
Mumbai,9,31.4,18.9,Desktop Computer,2,21.0,6.421
Mumbai,10,35.0,45.8,Water Heater (Geyser),4,21.0,49.1197
Mumbai,9,28.0,78.6,Washing Machine,3,1.1,0.6486
Satara,2,24.6,56.3,Refrigerator,1,21.9,5.4712
Mumbai,8,27.9,89.4,LED TV,3,3.6,0.3385
Mumbai,3,12.1,23.3,LED TV,2,10.6,0.9032
Mumbai,8,29.4,81.7,Microwave Oven,4,1.2,1.5772
Satara,8,24.8,77.6,Ceiling Fan,3,6.3,0.6046
Mumbai,9,28.8,80.6,Iron,4,0.6,0.6395
Satara,9,25.4,85.7,Microwave Oven,3,1.3,1.7724
Satara,5,31.1,57.1,Iron,1,0.9,1.1012
Satara,4,30.0,38.0,Iron,5,0.9,0.8294
Mumbai,2,26.3,56.5,Refrigerator,4,21.6,3.4772
Mumbai,4,33.4,87.2,Refrigerator,3,23.1,5.0925
Mumbai,11,34.7,74.7,Microwave Oven,5,16.4,19.5091
Satara,2,22.1,33.4,Iron,5,1.0,0.8983
Satara,10,21.5,68.1,LED TV,2,2.7,0.2511
Satara,11,16.1,50.4,Air Conditioner,5,17.5,23.7378
Mumbai,6,31.9,93.2,Iron,1,19.8,26.0745
Satara,4,29.2,41.1,Air Conditioner,2,4.2,11.1884
Satara,6,32.9,74.6,LED TV,4,2.2,0.1833
Mumbai,6,30.9,82.9,Refrigerator,4,22.7,4.0787
Mumbai,3,28.1,68.2,Ceiling Fan,5,4.1,0.2634
Satara,6,45.5,74.6,Washing Machine,2,10.8,7.8279
Satara,8,23.4,78.2,Ceiling Fan,2,14.1,1.5902
Satara,8,23.0,83.2,Air Conditioner,1,2.2,6.0895
Mumbai,10,29.6,79.7,Refrigerator,2,23.9,5.7416
Satara,11,24.8,57.2,Iron,4,1.3,1.3186
Mumbai,11,29.8,16.5,Air Conditioner,2,17.6,45.3716
Satara,11,27.4,55.1,Ceiling Fan,1,14.0,1.8647
Mumbai,6,32.8,79.6,Air Conditioner,4,8.2,19.6051
Satara,7,24.2,88.2,Room Heater,1,5.1,13.2061
Satara,5,14.4,59.6,Room Heater,5,1.6,2.5695
Mumbai,7,40.5,33.7,Water Heater (Geyser),2,11.5,34.5541
Satara,6,32.3,55.4,Iron,4,15.8,16.1206
Mumbai,11,28.7,63.0,Ceiling Fan,1,4.8,0.6532
Satara,8,23.2,84.6,Washing Machine,3,0.7,0.4044
Satara,4,32.5,47.0,Microwave Oven,3,0.5,0.6754
Mumbai,6,28.7,89.1,LED TV,3,2.3,0.213
Satara,11,26.9,56.7,LED TV,4,2.9,0.2321
Satara,9,25.4,73.7,Water Heater (Geyser),2,0.7,1.9181
Satara,11,25.3,45.1,Microwave Oven,5,1.4,1.5387
Satara,9,24.5,84.3,Iron,3,1.2,1.313
Mumbai,1,25.5,56.8,Ceiling Fan,1,4.8,0.6147
Satara,11,18.8,42.5,Washing Machine,2,1.3,0.7541
Satara,7,25.4,79.2,Washing Machine,4,0.7,0.3492
Satara,8,25.6,83.5,Air Conditioner,3,10.1,23.91
Mumbai,11,29.6,57.7,Desktop Computer,2,6.0,1.904
Mumbai,7,31.5,87.0,Washing Machine,4,1.1,0.5588
Mumbai,12,45.7,91.7,Washing Machine,1,19.6,16.5091
Mumbai,11,26.4,74.3,Water Heater (Geyser),2,0.9,2.4625
Satara,10,26.8,52.3,Iron,5,0.6,0.5634
Satara,1,22.6,57.5,Air Conditioner,5,11.5,18.3727
Mumbai,7,29.1,87.2,Microwave Oven,1,0.4,0.6484
Satara,8,39.3,26.4,Iron,5,16.4,15.2529
Satara,1,21.4,42.7,Room Heater,1,4.1,9.7004
Satara,5,32.3,38.3,Washing Machine,3,1.1,0.6208
Satara,6,26.3,69.3,Air Conditioner,2,9.5,24.9255
Mumbai,1,37.7,54.7,Water Heater (Geyser),5,10.8,23.1553
Satara,5,15.3,92.7,LED TV,2,17.8,1.7091
Satara,7,23.8,79.3,Washing Machine,5,1.1,0.4588
Satara,10,27.7,53.3,Ceiling Fan,5,10.7,0.6597
Mumbai,11,28.6,75.3,Ceiling Fan,5,9.6,0.626
Mumbai,6,30.6,76.8,Ceiling Fan,1,10.8,1.5387
Mumbai,8,38.6,15.4,Washing Machine,3,7.7,4.2278
Satara,5,23.3,31.6,Water Heater (Geyser),3,16.1,36.9654
Satara,4,30.1,47.2,LED TV,3,7.5,0.6593
Satara,5,29.9,60.1,Desktop Computer,5,2.0,0.437
Mumbai,8,29.4,86.1,Water Heater (Geyser),5,0.8,1.7124
Mumbai,8,27.6,87.5,Ceiling Fan,5,6.3,0.414
Mumbai,12,23.3,61.5,Water Heater (Geyser),2,2.8,7.3017
Mumbai,8,27.8,86.1,Washing Machine,5,1.1,0.467
Mumbai,5,31.9,65.2,Washing Machine,4,0.9,0.4597
Mumbai,6,32.3,77.4,Air Conditioner,2,2.8,8.4465
Satara,2,25.4,40.9,Microwave Oven,5,1.5,1.6193
Satara,12,21.4,48.4,Desktop Computer,1,2.7,0.8834
Satara,8,25.5,76.7,Water Heater (Geyser),2,2.4,6.6393
Satara,2,25.7,44.6,Iron,1,0.5,0.5909
Mumbai,4,37.0,83.4,Washing Machine,2,16.6,11.9239
Mumbai,10,31.7,72.4,Washing Machine,1,1.8,1.3744
Mumbai,2,24.5,69.0,Refrigerator,3,22.7,4.3508
Satara,9,27.1,77.5,LED TV,4,5.7,0.4585
Mumbai,4,32.7,64.9,Air Conditioner,2,5.9,17.8515
Satara,1,23.0,40.2,Ceiling Fan,4,12.0,0.8837
Satara,11,25.0,42.8,Desktop Computer,1,5.3,1.7891
Satara,1,42.3,80.5,LED TV,1,7.7,0.8994
Mumbai,5,29.5,63.8,Washing Machine,4,5.0,2.5039
Mumbai,12,23.9,64.1,LED TV,1,6.7,0.7009
Satara,8,32.1,19.4,Air Conditioner,4,22.6,48.3266
Mumbai,8,29.4,83.5,Water Heater (Geyser),1,1.8,5.7787
Satara,8,42.6,81.4,Room Heater,3,15.8,41.4664
Satara,10,17.3,34.8,LED TV,4,11.9,0.8601
Mumbai,9,13.1,15.8,Iron,1,13.8,14.718
Satara,1,22.5,74.7,Desktop Computer,2,3.4,1.0613
Mumbai,4,45.2,63.3,Water Heater (Geyser),2,5.3,17.5561
Mumbai,10,29.5,75.9,Microwave Oven,2,1.1,1.6866
Mumbai,2,26.6,67.7,Ceiling Fan,3,4.5,0.4425
Satara,5,26.1,48.3,Iron,4,0.7,0.7021
Satara,4,31.9,45.7,LED TV,1,2.7,0.2909
Mumbai,8,27.9,69.1,Room Heater,4,22.3,45.6426
Satara,11,26.4,48.8,Washing Machine,1,1.5,1.0651
Mumbai,12,25.6,68.4,Ceiling Fan,2,12.3,1.3983
Mumbai,10,29.0,92.0,Air Conditioner,4,1.0,2.2509
Satara,3,27.0,33.4,Microwave Oven,2,1.2,1.6382
Mumbai,11,31.7,71.8,Washing Machine,3,1.6,0.9437
Mumbai,1,13.7,67.8,Water Heater (Geyser),2,18.5,44.4327
Mumbai,2,25.0,56.2,Room Heater,4,2.7,5.3585
Satara,5,28.7,50.1,Water Heater (Geyser),4,1.0,2.241
Mumbai,6,27.7,15.3,Desktop Computer,2,9.9,2.904
Satara,11,26.8,57.5,Room Heater,2,16.6,38.9503
Mumbai,3,19.6,79.9,Water Heater (Geyser),4,22.8,49.3974
Satara,9,28.0,78.4,Air Conditioner,1,3.0,9.055
Satara,11,23.0,38.4,Iron,5,1.2,1.0893
Mumbai,9,28.4,82.4,LED TV,5,2.7,0.1985
Satara,1,20.3,85.6,Room Heater,5,20.6,37.0625
Satara,9,27.2,83.1,Room Heater,3,5.0,11.514
Satara,12,19.0,55.8,Iron,1,0.6,0.698
Satara,7,25.7,81.7,Iron,3,1.2,1.3212
Satara,8,45.4,16.7,Microwave Oven,5,0.7,0.8259
Mumbai,11,25.7,65.5,Desktop Computer,4,4.9,1.2282
Satara,12,26.5,39.8,Refrigerator,2,23.8,5.1534
Satara,10,22.1,48.7,Microwave Oven,1,1.3,1.9236
Mumbai,3,27.5,54.1,Microwave Oven,5,1.0,1.1084
Mumbai,1,25.3,69.0,Water Heater (Geyser),1,1.7,5.018
Satara,9,25.2,83.8,Room Heater,3,3.1,6.9607
Mumbai,4,30.0,70.8,LED TV,3,3.0,0.2719
Satara,4,17.2,17.7,Desktop Computer,3,21.7,5.2952
Satara,2,22.0,38.2,Iron,3,18.8,19.3114
Satara,5,31.7,37.8,Water Heater (Geyser),2,2.7,7.4412
Mumbai,2,25.6,54.3,Water Heater (Geyser),1,0.7,2.0491
Mumbai,10,29.3,75.6,Water Heater (Geyser),1,2.0,6.237
Satara,5,30.3,57.1,Washing Machine,5,0.6,0.2509
Satara,12,18.1,56.1,Air Conditioner,4,7.8,12.9662
Satara,5,33.6,59.9,Microwave Oven,4,1.1,1.4049
Satara,8,39.6,52.1,Air Conditioner,1,11.2,41.1383
Mumbai,9,13.8,50.1,Washing Machine,2,13.7,7.9404
Mumbai,10,28.9,67.9,Microwave Oven,5,1.0,1.1617
Satara,9,26.0,71.9,Washing Machine,4,1.0,0.4943
Satara,9,17.9,35.0,Iron,1,2.8,3.1637
Satara,6,29.5,68.3,LED TV,3,3.7,0.3347
Mumbai,2,41.2,66.9,LED TV,5,10.3,0.7697
Satara,9,28.1,81.2,LED TV,4,6.3,0.5183
Satara,5,10.9,43.1,Refrigerator,3,5.5,0.8247
Satara,5,28.4,52.4,LED TV,3,5.5,0.4783
Satara,8,26.2,76.7,Microwave Oven,3,0.3,0.4097
Mumbai,8,29.4,87.1,Refrigerator,3,21.4,4.512
Satara,1,22.8,49.5,Refrigerator,5,23.9,3.0486
Satara,7,23.4,89.2,Refrigerator,3,20.8,4.0391
Satara,6,26.4,71.2,Microwave Oven,4,0.8,1.0025
Satara,4,31.1,30.7,Washing Machine,1,0.9,0.6343
Mumbai,12,27.3,55.4,Washing Machine,4,0.6,0.2902
Mumbai,5,30.4,77.4,Air Conditioner,1,10.8,34.4646
Satara,1,21.0,93.5,Room Heater,2,21.4,50.8528
Satara,12,21.1,53.7,Air Conditioner,5,7.2,11.1661
Mumbai,11,32.2,81.4,Microwave Oven,3,1.3,1.861
Satara,12,29.4,57.3,Washing Machine,3,21.0,12.041
Mumbai,9,28.3,77.2,Ceiling Fan,2,12.4,1.4917
Satara,1,22.7,54.3,Microwave Oven,2,0.5,0.7069
Satara,9,37.7,47.8,Iron,2,5.3,6.0189
Satara,12,35.0,41.6,Air Conditioner,3,23.8,63.0268
Satara,3,28.0,21.3,Washing Machine,1,0.6,0.4046
Mumbai,7,28.7,88.5,LED TV,2,5.3,0.537
Mumbai,10,27.4,73.9,Room Heater,3,3.1,6.9529
Satara,1,19.9,50.1,Ceiling Fan,2,14.5,1.4542
Mumbai,8,29.3,84.2,Microwave Oven,4,1.3,1.6967
Mumbai,8,43.9,30.8,Desktop Computer,5,17.8,4.0172
Mumbai,3,27.8,64.5,Washing Machine,4,0.8,0.3988
Mumbai,6,30.6,89.8,Iron,5,1.2,1.2225
Satara,4,30.6,42.1,LED TV,3,5.5,0.4781
Mumbai,6,10.4,70.9,Water Heater (Geyser),1,7.1,17.8029
Satara,10,25.1,85.1,Room Heater,4,1.2,2.4734
Satara,6,27.9,75.5,Room Heater,1,6.0,15.6821
Satara,3,27.1,29.5,Ceiling Fan,4,5.4,0.4159
Satara,11,19.4,75.1,Washing Machine,5,13.0,5.2008
Satara,11,21.2,49.1,Microwave Oven,4,1.0,1.1711
Mumbai,4,28.1,71.7,Iron,2,1.0,1.1734
Satara,6,30.0,80.2,Air Conditioner,1,4.2,13.4566
Satara,10,23.3,74.7,Room Heater,3,20.3,44.2185
Satara,10,41.7,24.7,Washing Machine,3,8.6,4.932
Mumbai,2,19.8,25.9,Room Heater,2,6.6,13.7732
Satara,11,30.3,65.0,Microwave Oven,2,10.4,15.473
Satara,11,28.8,45.7,Desktop Computer,5,5.2,1.103
Satara,4,30.8,32.0,Washing Machine,5,0.7,0.2772
Mumbai,6,31.3,77.2,Air Conditioner,5,3.0,6.0759
Mumbai,12,25.0,65.9,Washing Machine,3,1.7,0.9607
Satara,1,20.7,56.7,Refrigerator,4,22.7,3.4322
Satara,4,29.8,31.1,Air Conditioner,5,6.5,11.4468
Mumbai,3,29.9,60.3,Refrigerator,2,21.9,5.126
Mumbai,12,29.4,70.4,Desktop Computer,3,6.9,1.9938
Satara,5,32.6,48.6,Water Heater (Geyser),4,2.3,5.3006
Mumbai,3,26.6,56.6,Water Heater (Geyser),1,7.4,21.8219
Mumbai,2,23.9,58.5,Iron,1,1.4,1.6879
Satara,7,25.6,85.8,Ceiling Fan,4,6.1,0.501
Satara,9,25.6,81.4,Refrigerator,5,20.0,2.759
Mumbai,10,30.5,75.1,Water Heater (Geyser),5,1.0,2.1374
Satara,4,25.9,46.2,Microwave Oven,1,13.5,20.4942
Mumbai,3,30.7,63.0,Ceiling Fan,2,12.4,1.4978
Satara,3,25.9,35.3,Iron,1,0.5,0.5859
Satara,8,21.4,81.9,Refrigerator,3,23.7,4.5054
Mumbai,4,28.8,71.0,Iron,1,0.5,0.6221
Mumbai,9,15.5,73.0,Refrigerator,1,1.5,0.3358
Satara,9,23.8,85.4,Desktop Computer,3,9.6,2.7548
Mumbai,9,21.6,42.7,Refrigerator,4,13.6,2.0819
Satara,2,21.6,58.0,LED TV,4,5.5,0.4271
Mumbai,4,31.5,74.0,Washing Machine,2,1.4,0.9497
Mumbai,9,30.7,91.9,Desktop Computer,1,8.0,3.0491
Mumbai,9,26.7,85.6,Washing Machine,4,1.6,0.8083
Satara,6,27.2,63.7,Ceiling Fan,5,17.3,1.0993
Satara,10,28.4,54.0,Refrigerator,2,20.3,4.6528
Mumbai,5,32.4,72.8,Room Heater,4,18.7,40.6759
Mumbai,7,30.3,93.1,Air Conditioner,3,8.0,20.9921
Satara,6,27.6,70.7,Desktop Computer,1,5.5,1.9631
Mumbai,8,29.5,86.5,Ceiling Fan,5,8.8,0.5921
Mumbai,5,32.3,75.5,Desktop Computer,2,10.2,3.3863
Satara,8,47.7,42.1,Refrigerator,2,7.1,2.0001
Mumbai,9,30.4,94.3,Desktop Computer,5,9.8,2.2506
Satara,12,21.3,63.2,Water Heater (Geyser),3,1.6,3.7929
Mumbai,6,31.7,78.6,Washing Machine,2,1.7,1.1486
Mumbai,3,30.1,68.8,Refrigerator,1,20.9,5.6792
Mumbai,3,46.3,32.9,Ceiling Fan,5,22.2,1.7327
Mumbai,9,29.2,78.4,Iron,1,1.3,1.617
Mumbai,7,31.0,84.9,Desktop Computer,5,12.5,2.8683
Mumbai,8,31.2,87.0,LED TV,1,4.2,0.4721
Satara,1,33.4,70.4,Washing Machine,5,16.0,6.9281
Mumbai,8,28.2,85.7,Microwave Oven,5,0.9,1.0563
Mumbai,1,11.7,41.0,Air Conditioner,1,9.6,18.6898
Satara,3,25.9,24.1,LED TV,1,3.2,0.3184
Mumbai,7,44.3,61.4,Desktop Computer,5,3.4,0.7986
Mumbai,8,30.1,86.2,LED TV,4,7.9,0.6624
Satara,1,33.3,69.4,Microwave Oven,4,2.5,3.2071
Mumbai,1,25.5,56.8,Refrigerator,5,22.3,2.9476
Mumbai,3,28.8,68.1,Iron,1,1.5,1.8845
Mumbai,4,27.0,66.5,Iron,3,1.2,1.3293
Mumbai,1,26.6,55.1,Desktop Computer,3,7.9,2.1733
Mumbai,6,30.7,85.5,Iron,1,0.7,0.8956
Mumbai,8,31.3,47.0,Microwave Oven,5,18.6,20.9645
Satara,10,17.4,67.3,LED TV,3,3.8,0.3244
Mumbai,8,29.2,92.0,Water Heater (Geyser),3,1.5,4.0076
Satara,10,28.3,67.1,Refrigerator,4,23.9,4.1776
Satara,10,28.2,71.1,Washing Machine,5,1.0,0.4267
Mumbai,11,29.9,73.7,Microwave Oven,4,0.4,0.5136
Satara,10,47.5,94.0,Washing Machine,1,4.3,3.6679
Mumbai,12,27.4,64.8,Ceiling Fan,4,6.1,0.4933
Mumbai,2,30.7,48.0,Iron,3,1.3,1.4204
Mumbai,12,29.0,60.5,Microwave Oven,1,1.1,1.7174
Mumbai,3,28.1,52.8,Air Conditioner,5,10.8,19.4499
Satara,3,28.9,40.1,Washing Machine,2,1.9,1.2039
Satara,10,24.9,20.4,Ceiling Fan,5,12.2,0.6826
Satara,9,25.8,76.2,Microwave Oven,5,0.5,0.5766
Mumbai,7,27.6,85.9,Water Heater (Geyser),3,2.7,7.1716
Mumbai,4,30.9,15.1,Iron,2,8.1,8.7163
Mumbai,6,46.9,60.9,LED TV,3,3.5,0.3397
Mumbai,8,25.9,50.6,Washing Machine,2,21.9,13.7776
Mumbai,6,18.3,89.1,Microwave Oven,5,13.9,15.4204
Satara,2,26.9,38.3,Washing Machine,1,1.8,1.2502
Mumbai,12,45.9,35.5,Washing Machine,5,20.0,8.666
Satara,12,21.5,46.0,LED TV,4,3.6,0.2728
Mumbai,2,24.5,58.4,Refrigerator,4,20.1,3.1883
Satara,12,38.5,55.7,Water Heater (Geyser),5,18.2,40.1216
Satara,9,11.4,65.7,Washing Machine,3,14.0,7.2726
Mumbai,7,28.3,89.5,Room Heater,2,1.2,2.9866
Satara,2,44.7,41.4,Microwave Oven,1,17.7,29.6212
Satara,12,18.9,47.2,Room Heater,3,1.3,2.5806
Satara,3,24.9,57.6,Refrigerator,2,21.2,4.617
Mumbai,1,22.7,59.4,Air Conditioner,1,5.7,14.9773
Mumbai,12,25.8,56.0,Water Heater (Geyser),5,1.5,2.918
Mumbai,1,34.3,68.3,Desktop Computer,2,4.3,1.4614
Mumbai,4,28.8,73.6,Washing Machine,4,0.7,0.3507
Satara,8,25.6,85.6,Room Heater,1,3.2,8.3879
Satara,5,10.2,27.3,Water Heater (Geyser),2,12.1,25.4726
Satara,9,24.2,89.3,Room Heater,5,1.8,3.4408
Satara,10,37.0,80.9,Room Heater,5,20.2,41.6838
Satara,1,16.8,46.1,Air Conditioner,3,5.8,10.6617
Mumbai,1,24.0,64.8,Water Heater (Geyser),2,1.8,4.7779
Mumbai,11,29.3,66.1,Refrigerator,5,22.7,3.2197
Mumbai,1,23.8,66.2,Desktop Computer,4,7.4,1.8167
Satara,12,41.6,70.0,Washing Machine,1,17.6,14.0936
Satara,12,18.7,51.8,Washing Machine,3,0.8,0.4292
Mumbai,10,28.8,70.6,Air Conditioner,5,6.4,12.001
Mumbai,12,27.0,65.1,Water Heater (Geyser),4,2.1,4.7953
Mumbai,3,27.7,53.3,Ceiling Fan,1,8.6,1.1222
Satara,11,25.0,53.7,Desktop Computer,1,3.5,1.2166
Mumbai,12,27.4,61.8,Microwave Oven,4,0.5,0.625
Satara,2,23.3,44.3,Water Heater (Geyser),4,0.6,1.2712
Mumbai,1,17.3,18.3,Refrigerator,4,4.5,0.6059
Mumbai,6,30.0,76.9,Iron,3,0.4,0.4552
Mumbai,11,29.5,71.1,Ceiling Fan,3,14.7,1.5187
Satara,4,31.5,52.4,Iron,2,0.7,0.7942
Mumbai,5,32.2,68.1,Ceiling Fan,3,5.1,0.5513
Mumbai,8,18.0,59.7,Refrigerator,3,22.8,3.8745
Satara,4,30.2,35.7,Microwave Oven,3,1.0,1.3349
Mumbai,1,29.2,82.3,Water Heater (Geyser),3,17.7,47.8359
Mumbai,3,28.9,51.5,Water Heater (Geyser),4,1.2,2.696
Mumbai,8,18.2,71.0,Water Heater (Geyser),1,18.6,50.8444
Mumbai,5,32.0,51.4,Refrigerator,3,23.0,4.8014
Satara,12,25.5,59.9,Washing Machine,4,1.7,0.8202
Satara,4,31.6,46.8,Room Heater,3,1.1,2.4741
Satara,10,28.1,62.6,Desktop Computer,3,7.8,2.2111
Satara,1,24.5,35.0,Desktop Computer,4,7.1,1.7027
Mumbai,7,28.0,91.7,Room Heater,2,1.0,2.504
Satara,1,21.1,45.7,Ceiling Fan,1,4.9,0.5777
Satara,5,27.8,50.5,Microwave Oven,3,1.3,1.7445
Satara,1,16.3,78.8,LED TV,5,17.0,1.1682
Satara,10,30.2,66.0,Iron,4,0.4,0.4151
Mumbai,9,29.0,82.0,Desktop Computer,4,4.9,1.273
Mumbai,1,27.8,70.5,Desktop Computer,2,9.3,2.9905
Satara,3,24.5,19.3,Desktop Computer,2,7.6,2.2238
Mumbai,5,36.2,72.7,Washing Machine,2,1.0,0.6992
Satara,11,27.0,40.3,Desktop Computer,3,9.5,2.6474
Satara,10,24.3,70.5,Room Heater,5,1.1,2.0034
Mumbai,5,31.6,93.7,Ceiling Fan,3,15.5,1.7001
Satara,1,22.1,48.5,Room Heater,5,4.3,7.3503
Mumbai,9,28.6,83.2,Room Heater,2,4.3,10.5564
Satara,11,25.4,48.1,Refrigerator,3,20.3,3.7627
Satara,3,28.9,40.3,LED TV,4,6.3,0.4884
Mumbai,2,27.0,53.9,Washing Machine,2,0.8,0.5182
Satara,3,29.8,59.0,Desktop Computer,1,2.3,0.8233
Mumbai,7,31.0,85.1,Desktop Computer,2,3.2,1.0692
Mumbai,11,30.4,74.9,Iron,2,0.5,0.5894
Mumbai,1,26.1,62.3,Desktop Computer,1,4.1,1.4399
Mumbai,7,45.4,90.9,Refrigerator,1,22.8,7.5963
Satara,8,27.6,79.8,Microwave Oven,3,0.3,0.4203
Satara,6,27.1,85.9,Desktop Computer,4,2.6,0.661
Satara,2,28.2,61.2,Water Heater (Geyser),2,2.3,6.3227
Mumbai,10,27.1,74.9,Refrigerator,5,20.0,2.7472
Mumbai,9,31.4,61.7,Desktop Computer,2,14.1,4.6012
Mumbai,8,29.7,93.1,Microwave Oven,1,0.5,0.8225
Satara,5,39.7,84.6,LED TV,2,2.2,0.2345
Satara,12,22.2,49.3,Water Heater (Geyser),2,2.3,5.815
Mumbai,12,29.9,62.7,Microwave Oven,4,0.5,0.634
Mumbai,7,30.0,85.7,Washing Machine,1,1.2,0.909
Mumbai,6,28.5,73.2,LED TV,1,3.6,0.3986
Mumbai,11,41.7,55.7,Washing Machine,4,13.6,7.2356
Mumbai,4,31.4,71.0,Iron,4,1.3,1.3833
Satara,4,42.5,48.6,Room Heater,4,8.8,20.2179
Mumbai,8,11.1,86.4,Microwave Oven,3,17.5,22.4891
Satara,5,32.0,49.7,Water Heater (Geyser),3,1.5,3.8808
Satara,3,28.9,40.5,Desktop Computer,1,9.3,3.175
Mumbai,4,29.6,70.1,Air Conditioner,3,4.1,10.1101
Satara,12,22.9,50.5,Refrigerator,1,23.0,5.5347
Satara,7,24.8,86.5,Refrigerator,4,20.3,3.4766
Mumbai,12,30.4,73.6,LED TV,3,7.4,0.6721
Mumbai,3,24.2,58.3,Ceiling Fan,2,5.7,0.6079
Satara,9,24.3,69.1,Refrigerator,3,23.9,4.5138
Mumbai,3,26.8,53.2,Desktop Computer,1,9.0,3.1586
Satara,5,30.1,61.8,Washing Machine,4,0.8,0.3964
Mumbai,7,12.6,62.6,Air Conditioner,4,17.5,25.4806
Satara,7,25.0,71.3,Desktop Computer,1,3.0,1.0651
Satara,12,24.3,42.6,Microwave Oven,4,1.0,1.2067
Mumbai,8,30.9,87.1,Desktop Computer,2,5.1,1.7288
Satara,5,24.4,16.2,Water Heater (Geyser),2,12.5,30.8661
Mumbai,10,29.0,66.5,Refrigerator,2,20.6,4.7607
Satara,1,17.9,44.7,Refrigerator,4,20.5,2.9222
Satara,10,21.0,65.0,LED TV,1,6.0,0.6195
Satara,10,29.9,66.0,Room Heater,4,5.5,11.1918
Satara,12,23.7,37.2,Refrigerator,3,20.9,3.7303
Satara,11,25.0,23.7,Air Conditioner,5,6.4,10.2285
Mumbai,10,26.8,80.5,Microwave Oven,5,22.4,26.179
Satara,12,19.9,17.6,Washing Machine,5,20.0,7.2402
Mumbai,2,27.8,61.3,Ceiling Fan,4,5.0,0.4105
Satara,11,34.4,63.8,Ceiling Fan,4,8.5,0.7749
Satara,6,25.1,84.2,Desktop Computer,4,9.6,2.4421
Mumbai,9,39.3,70.6,Ceiling Fan,3,9.0,1.0657
Mumbai,10,33.0,70.2,Room Heater,1,2.7,7.4539
Satara,1,23.4,41.6,Washing Machine,2,1.9,1.1419
Satara,4,27.0,44.9,Desktop Computer,3,4.3,1.1793
Mumbai,1,44.1,16.0,Ceiling Fan,4,2.5,0.2336
Satara,10,27.9,67.3,LED TV,5,6.6,0.4763
Mumbai,1,25.1,63.4,Iron,1,1.4,1.6921
Satara,4,28.3,41.7,Air Conditioner,3,3.1,7.1506
Satara,7,46.6,71.4,Desktop Computer,5,16.7,4.146
Satara,7,25.9,80.6,Microwave Oven,4,0.9,1.1412
Satara,10,25.8,61.6,Microwave Oven,3,0.6,0.8041
Mumbai,2,24.4,72.6,Water Heater (Geyser),3,2.3,5.6677
Mumbai,11,30.1,78.3,Air Conditioner,4,10.3,23.3157
Mumbai,1,26.2,74.4,Room Heater,2,1.4,3.3264
Mumbai,11,29.5,71.2,LED TV,2,4.4,0.4408
Mumbai,8,30.5,89.4,Refrigerator,5,23.8,3.6232
Mumbai,8,30.7,77.3,Room Heater,4,3.0,6.4276
Mumbai,8,32.6,25.5,LED TV,5,9.9,0.6821
Mumbai,5,46.7,26.9,Refrigerator,2,19.8,5.2654
Mumbai,1,27.2,55.1,Iron,2,0.9,1.0139
Mumbai,8,29.3,90.6,Room Heater,5,3.7,7.1364
Mumbai,3,26.6,71.1,Microwave Oven,1,0.5,0.7818
Satara,6,10.8,89.5,LED TV,1,22.5,2.3452
Mumbai,9,24.6,94.4,Microwave Oven,5,13.9,16.0975
Satara,2,23.9,39.1,Iron,1,0.7,0.8301
Satara,10,25.6,50.5,Desktop Computer,5,6.0,1.2522
Mumbai,1,23.8,62.2,Washing Machine,5,1.5,0.6011
Mumbai,2,28.4,67.8,Iron,5,0.7,0.6766
Mumbai,2,27.5,51.7,Washing Machine,4,1.8,0.8708
Satara,10,16.0,77.6,Air Conditioner,3,1.2,2.2703
Mumbai,6,31.5,89.4,Iron,1,0.4,0.5136
Mumbai,7,39.6,61.5,Room Heater,5,23.4,49.3702
Mumbai,10,29.6,37.2,Iron,4,13.7,13.494
Mumbai,8,27.7,78.6,Washing Machine,1,1.7,1.2724
Satara,8,20.3,63.7,Refrigerator,4,17.5,2.7088
Mumbai,2,24.9,59.5,Refrigerator,2,21.9,4.7468
Mumbai,4,19.5,86.6,Washing Machine,3,17.3,9.8726
Mumbai,10,29.6,79.7,Water Heater (Geyser),3,2.6,6.8058
Mumbai,7,29.8,88.1,Air Conditioner,1,9.4,30.3367
Mumbai,11,27.3,90.8,Water Heater (Geyser),1,18.6,58.9241
Mumbai,4,17.9,67.9,Refrigerator,3,21.9,3.7734
Mumbai,1,27.6,43.3,Refrigerator,3,14.2,2.7032
Satara,10,26.2,65.0,Desktop Computer,1,9.4,3.275
Mumbai,5,30.9,75.4,Washing Machine,4,0.7,0.3577
Mumbai,8,47.0,68.2,Air Conditioner,3,11.1,37.0278
Mumbai,12,18.5,15.5,LED TV,2,16.3,1.4044
Mumbai,6,43.6,46.9,Microwave Oven,4,9.9,12.9566
Satara,2,22.1,30.6,Microwave Oven,1,1.1,1.5512
Satara,2,28.5,19.4,Air Conditioner,1,24.0,67.5465
Mumbai,12,12.3,94.4,Microwave Oven,5,20.9,23.2922
Satara,5,29.3,53.4,Desktop Computer,5,9.7,2.1111
Mumbai,1,26.5,55.6,Refrigerator,3,23.8,4.586
Satara,1,23.8,65.4,Desktop Computer,3,9.1,2.5409
Satara,9,37.6,73.6,Desktop Computer,4,15.0,4.0378
Mumbai,5,31.4,77.5,LED TV,1,4.2,0.4721
Mumbai,2,10.3,66.9,Water Heater (Geyser),5,12.5,20.7246
Satara,6,11.1,57.9,Refrigerator,1,14.1,2.8679
Satara,3,23.3,32.3,Refrigerator,4,7.4,1.1289
Mumbai,7,29.9,78.5,Refrigerator,5,21.9,3.1659
Satara,10,23.7,34.2,Ceiling Fan,1,15.7,1.8597
Mumbai,6,31.7,90.2,Air Conditioner,2,11.6,35.7615
Satara,12,19.6,38.4,Ceiling Fan,1,12.6,1.4272
Mumbai,12,24.7,59.8,LED TV,5,4.7,0.3325
Satara,3,27.0,52.3,Washing Machine,2,1.1,0.708
Satara,8,11.3,23.2,Microwave Oven,1,7.4,9.9245
Mumbai,6,24.6,58.5,Washing Machine,2,14.9,9.436
Mumbai,11,31.3,75.1,Washing Machine,3,0.8,0.4768
Satara,4,29.9,35.6,Water Heater (Geyser),4,2.1,4.7193
Satara,9,17.3,42.2,Iron,4,7.1,6.8938
Satara,1,29.5,60.9,Refrigerator,2,3.9,0.8968
Mumbai,1,24.6,54.0,Room Heater,4,15.8,31.0588
Mumbai,9,28.6,79.7,Desktop Computer,2,3.6,1.1719
Satara,9,24.3,78.5,Washing Machine,1,1.3,0.9633
Satara,5,26.5,26.9,Desktop Computer,2,23.1,6.8544
Satara,9,17.9,31.9,Ceiling Fan,2,1.9,0.1801
Mumbai,3,28.4,60.8,Refrigerator,4,21.8,3.7022
Mumbai,12,25.9,65.7,Iron,4,0.7,0.7196
Mumbai,3,37.3,69.4,Iron,3,20.0,22.6402
Mumbai,1,23.1,67.0,Iron,1,0.3,0.3662
Mumbai,4,32.0,76.8,Microwave Oven,1,0.8,1.3157
Satara,9,38.8,60.5,LED TV,4,2.2,0.1884
Mumbai,8,28.3,84.1,Washing Machine,5,1.7,0.7327
Satara,9,39.6,53.2,Desktop Computer,2,15.2,5.2064
Mumbai,7,27.5,92.2,Room Heater,3,4.9,11.2991
Mumbai,1,20.7,35.9,Water Heater (Geyser),5,6.3,11.2719
Mumbai,3,26.7,60.2,Water Heater (Geyser),1,1.0,2.9704
Mumbai,3,27.9,63.4,Ceiling Fan,5,13.1,0.828
Mumbai,5,10.8,46.6,Iron,1,22.6,25.1609
Satara,1,24.6,55.7,LED TV,3,3.1,0.2659
Mumbai,8,47.8,33.8,Air Conditioner,2,6.1,21.8957
Satara,3,25.7,45.9,Air Conditioner,2,10.1,25.4949
Mumbai,4,30.5,74.3,Iron,1,0.5,0.632
Satara,9,26.2,86.5,Desktop Computer,1,8.4,3.0241
Satara,12,19.5,53.1,Air Conditioner,1,2.9,7.1032
Satara,5,32.8,60.0,Room Heater,2,4.7,11.7368
Satara,1,22.6,50.6,Microwave Oven,5,0.3,0.3215
Satara,10,26.0,72.9,Refrigerator,1,23.9,6.0914
Mumbai,2,25.6,63.0,Microwave Oven,1,1.3,2.0063
Mumbai,3,27.9,72.5,Iron,5,1.4,1.3374
Mumbai,6,29.3,73.1,Microwave Oven,1,1.3,2.1114
Mumbai,9,28.9,83.7,Room Heater,5,3.9,7.5525
Satara,3,15.0,47.3,Desktop Computer,2,12.7,3.6705
Satara,10,16.0,49.5,Air Conditioner,2,21.6,42.3347
Mumbai,4,31.1,70.0,Room Heater,1,2.8,7.6381
Satara,6,27.7,62.1,Air Conditioner,4,4.4,9.2383
Satara,2,37.1,69.5,Washing Machine,4,23.6,12.6172
Satara,9,26.5,77.7,Microwave Oven,3,0.6,0.813
Satara,3,20.8,91.1,Refrigerator,4,16.2,2.561
Satara,10,27.9,71.0,Room Heater,4,4.4,9.1102
Mumbai,1,47.5,26.4,LED TV,4,12.2,1.0188
Mumbai,3,28.2,67.8,Ceiling Fan,3,5.8,0.5697
Satara,11,10.7,77.1,Microwave Oven,2,7.0,9.4844
Satara,12,18.5,51.5,Desktop Computer,3,6.3,1.6711
Satara,2,16.8,78.4,Refrigerator,4,7.0,1.0507
Satara,12,23.0,53.3,Iron,5,1.0,0.9501
Satara,7,44.0,46.8,Desktop Computer,1,9.5,3.6037
Satara,2,23.3,49.3,Water Heater (Geyser),1,1.3,3.5783
Mumbai,8,30.3,85.7,Washing Machine,1,1.9,1.4768
Satara,2,12.3,59.4,Water Heater (Geyser),2,23.1,52.6406
Mumbai,11,45.2,84.8,Water Heater (Geyser),5,7.7,19.1791
Mumbai,4,39.5,53.9,Refrigerator,5,5.8,0.9098
Satara,12,20.6,19.2,Washing Machine,4,0.7,0.3078
Mumbai,6,29.1,84.5,Refrigerator,4,23.5,4.1795
Mumbai,2,26.7,62.2,Air Conditioner,1,4.5,13.1449
Mumbai,8,19.6,44.4,Refrigerator,5,2.1,0.2524
Mumbai,1,24.6,52.4,Water Heater (Geyser),5,2.7,5.2074
Mumbai,11,33.2,86.7,Microwave Oven,3,13.6,19.6169
Satara,12,21.6,41.7,Washing Machine,2,1.5,0.9085
Satara,10,28.0,46.2,Water Heater (Geyser),5,1.0,1.9832
Mumbai,6,29.7,83.3,Desktop Computer,4,6.1,1.6015
Mumbai,8,17.9,92.0,Refrigerator,2,23.0,4.7772
Mumbai,10,28.1,80.0,Iron,3,1.3,1.4524
Mumbai,11,15.5,36.8,Water Heater (Geyser),3,14.5,30.2162
Satara,6,29.7,82.2,Air Conditioner,3,3.0,7.6287
Mumbai,7,29.7,91.3,Iron,2,1.1,1.3408
Mumbai,2,20.6,57.4,Refrigerator,5,21.3,2.6298
Mumbai,8,20.7,88.1,LED TV,4,21.7,1.795
Satara,6,35.5,63.4,Ceiling Fan,1,23.7,3.5587
Mumbai,5,30.1,65.2,Water Heater (Geyser),3,1.3,3.338
Satara,3,29.3,48.5,Desktop Computer,5,10.2,2.1937
Mumbai,12,39.4,32.9,Room Heater,3,2.7,6.4178
Mumbai,6,31.6,78.5,Water Heater (Geyser),2,1.7,5.0587
Mumbai,3,27.7,60.1,Refrigerator,5,22.2,3.1232
Mumbai,6,29.9,80.0,Water Heater (Geyser),3,1.1,2.9424
Mumbai,7,28.0,80.0,Water Heater (Geyser),1,2.3,7.0795
Mumbai,11,31.1,71.8,Refrigerator,1,20.9,5.7302
Satara,5,32.4,30.1,Air Conditioner,1,3.8,11.919
Mumbai,2,29.2,62.7,Water Heater (Geyser),3,1.6,4.1137
Satara,7,24.3,90.7,Desktop Computer,4,3.5,0.8866
Mumbai,1,42.7,72.8,Water Heater (Geyser),5,2.1,5.0584
Satara,8,27.6,71.9,Microwave Oven,4,1.2,1.5239
Mumbai,3,38.9,93.8,Refrigerator,5,22.7,3.7902
Mumbai,3,27.4,69.5,LED TV,5,7.8,0.5571
Satara,5,28.9,43.0,LED TV,4,6.9,0.5405
Mumbai,11,27.2,75.1,Iron,2,0.8,0.944
Satara,6,29.4,78.7,Washing Machine,5,1.8,0.7703
Mumbai,2,26.9,63.3,Air Conditioner,4,3.8,7.8106
Mumbai,7,29.8,83.0,Water Heater (Geyser),2,1.5,4.395
Mumbai,2,26.1,46.5,Iron,3,0.9,0.9462
Satara,11,34.9,75.7,Microwave Oven,4,6.9,8.958
Mumbai,9,30.1,82.9,Refrigerator,4,20.2,3.6375
Mumbai,3,28.6,60.2,Ceiling Fan,2,12.0,1.4202
Mumbai,8,22.8,18.5,Washing Machine,1,21.8,14.6755
Satara,2,21.7,29.4,Washing Machine,2,0.6,0.3548
Mumbai,4,35.8,33.5,Refrigerator,5,12.5,1.8335
Mumbai,5,34.2,73.4,Microwave Oven,5,0.4,0.4693
Satara,4,32.1,62.8,Desktop Computer,3,7.6,2.2204
Mumbai,12,28.3,66.1,Microwave Oven,4,0.9,1.1313
Satara,3,27.1,46.5,Room Heater,1,3.9,9.6983
Mumbai,12,22.8,61.2,Washing Machine,3,1.0,0.5562
Mumbai,3,29.3,60.7,Refrigerator,4,20.2,3.4443
Mumbai,12,27.7,69.4,Ceiling Fan,5,7.0,0.4395
Mumbai,7,29.7,91.6,Desktop Computer,5,4.6,1.0542
Satara,12,27.2,71.7,LED TV,4,6.7,0.5396
Satara,5,33.8,33.6,LED TV,3,2.6,0.2231
Satara,6,32.1,78.4,Microwave Oven,2,1.4,2.1439
Mumbai,5,44.0,83.9,Air Conditioner,3,4.4,14.1531
Satara,8,25.5,85.9,Washing Machine,4,1.3,0.6514
Mumbai,4,24.9,27.3,Room Heater,1,9.4,22.3695
Satara,12,22.9,75.1,Ceiling Fan,4,8.4,0.6419
Mumbai,9,19.0,71.0,Refrigerator,5,21.9,2.7364
Mumbai,10,31.5,64.1,Microwave Oven,4,1.5,1.9068
Satara,6,47.6,81.1,Refrigerator,2,13.9,4.1254
Mumbai,6,26.7,80.9,Water Heater (Geyser),1,2.9,8.9048
Mumbai,4,31.7,68.9,Ceiling Fan,5,6.0,0.4059
Satara,9,25.7,82.6,Microwave Oven,2,0.5,0.7552
Satara,6,23.7,22.6,Water Heater (Geyser),1,14.3,38.9544
Satara,6,25.4,68.5,LED TV,2,4.0,0.397
Satara,3,26.5,35.4,Iron,4,0.7,0.6696
Mumbai,10,29.7,69.8,Ceiling Fan,5,15.3,1.012
Satara,5,32.0,54.0,Water Heater (Geyser),2,1.1,3.1494
Mumbai,11,27.0,58.6,Microwave Oven,4,1.1,1.3817
Satara,7,26.9,87.4,Microwave Oven,2,0.4,0.6027
Mumbai,5,33.2,67.3,Refrigerator,4,23.3,4.2768
Mumbai,9,42.6,73.6,Air Conditioner,1,9.4,37.0312
Mumbai,1,29.3,65.8,Air Conditioner,5,9.3,17.1587
Satara,10,21.0,41.3,Water Heater (Geyser),4,12.1,24.6682
Mumbai,3,35.3,21.3,Ceiling Fan,5,14.7,0.9658
Satara,7,24.8,82.2,LED TV,4,2.5,0.2012
Satara,7,27.3,73.9,Room Heater,4,5.5,11.5161
Mumbai,2,24.2,79.3,Microwave Oven,5,0.6,0.685
Satara,11,12.6,78.3,Water Heater (Geyser),2,15.6,37.2274
Satara,4,27.2,48.2,Washing Machine,3,1.3,0.7207
Mumbai,2,25.5,64.4,Water Heater (Geyser),2,1.6,4.315
Satara,7,24.0,83.6,Desktop Computer,1,8.7,3.1173
Satara,11,37.8,68.6,Ceiling Fan,5,20.7,1.5598
Satara,4,31.1,39.0,Iron,1,1.2,1.447
Mumbai,8,29.7,92.3,Refrigerator,3,22.4,4.6935
Mumbai,6,32.1,85.0,Desktop Computer,4,2.1,0.567
Mumbai,4,27.0,59.0,Refrigerator,2,23.1,5.1941
Satara,12,19.1,29.5,Microwave Oven,1,1.3,1.8579
Satara,8,25.0,86.0,Air Conditioner,2,2.5,6.5983
Mumbai,3,27.9,60.4,Washing Machine,1,0.7,0.5075
Mumbai,11,29.2,59.0,Water Heater (Geyser),2,0.9,2.547
Mumbai,8,28.2,88.5,Water Heater (Geyser),1,2.7,8.4557
Mumbai,11,29.5,63.7,Room Heater,4,3.5,7.1636
Satara,11,23.5,52.3,Air Conditioner,3,2.6,5.629
Mumbai,7,30.9,86.0,Air Conditioner,4,5.4,12.6416
Satara,10,25.6,44.1,Refrigerator,4,21.4,3.3611
Mumbai,2,21.9,62.9,Refrigerator,2,20.5,4.317
Satara,5,34.7,59.2,Microwave Oven,5,0.9,1.0459
Mumbai,6,29.1,75.5,Ceiling Fan,2,6.9,0.8289
Satara,6,25.5,74.6,Iron,1,1.0,1.2218
Mumbai,9,28.6,84.5,LED TV,5,2.8,0.2036
Mumbai,10,31.0,70.6,Desktop Computer,3,6.6,1.9455
Mumbai,3,27.1,58.9,Air Conditioner,2,8.8,22.9708
Satara,12,20.5,42.2,Air Conditioner,4,6.4,11.0877
Satara,1,19.6,33.5,Microwave Oven,5,0.6,0.6182
Satara,12,20.5,46.9,Water Heater (Geyser),5,2.8,5.0816
Mumbai,7,28.5,86.7,Desktop Computer,3,3.7,1.1009
Satara,4,29.4,46.9,Air Conditioner,5,5.3,9.8206
Satara,6,29.5,82.3,Washing Machine,4,1.7,0.8601
Satara,10,16.1,60.5,Ceiling Fan,1,4.5,0.505
Mumbai,5,17.8,34.1,Ceiling Fan,1,5.8,0.6394
Mumbai,6,30.8,77.9,Room Heater,2,1.1,2.8089
Satara,7,25.1,90.1,Washing Machine,1,0.5,0.3768
Mumbai,5,37.2,93.4,Microwave Oven,5,19.4,24.2364
Satara,12,22.9,54.5,Microwave Oven,1,1.1,1.6589
Mumbai,12,27.9,59.4,Refrigerator,4,21.6,3.6377
Mumbai,5,33.2,71.5,Ceiling Fan,2,4.8,0.6131
Satara,8,26.0,81.6,Desktop Computer,5,9.2,2.0236
Satara,1,20.8,52.3,Microwave Oven,3,1.2,1.5298
Mumbai,12,32.7,71.7,Room Heater,4,9.6,20.6305
Satara,6,27.7,78.6,Ceiling Fan,3,4.5,0.4553
Satara,9,24.0,76.6,LED TV,3,7.3,0.6488
Satara,9,11.3,41.0,Microwave Oven,3,10.5,12.6506
Satara,1,29.1,62.9,Air Conditioner,1,6.7,20.4353
Satara,10,29.5,65.6,LED TV,1,3.8,0.4121
Mumbai,10,29.4,80.3,Desktop Computer,2,3.3,1.0911
Satara,4,20.7,21.2,Room Heater,3,13.2,25.1292
Mumbai,3,28.3,68.1,Room Heater,5,5.8,10.7559
Mumbai,3,18.6,53.5,Desktop Computer,5,12.2,2.4473
Mumbai,6,31.8,48.2,Ceiling Fan,3,3.3,0.336
Satara,6,28.3,77.3,Microwave Oven,1,0.6,0.9664
Mumbai,1,26.7,55.3,Refrigerator,4,22.5,3.7106
Mumbai,11,28.3,61.2,Desktop Computer,3,2.6,0.7447
Mumbai,5,29.6,73.4,Desktop Computer,1,7.2,2.6211
Mumbai,1,15.3,37.1,Room Heater,4,23.3,39.5953
Mumbai,6,32.3,85.6,Microwave Oven,3,0.7,1.0066
Satara,1,16.7,83.4,LED TV,1,17.1,1.7903
Mumbai,8,26.8,91.0,Microwave Oven,5,0.8,0.953
Mumbai,4,30.8,72.3,Refrigerator,3,22.5,4.6615
Satara,5,43.3,29.7,Washing Machine,2,12.6,8.4468
Mumbai,8,29.4,88.5,Desktop Computer,5,4.0,0.9214
Mumbai,5,11.9,85.2,Ceiling Fan,1,2.4,0.2505
Satara,9,24.6,75.7,Washing Machine,5,1.8,0.7436
Mumbai,4,30.1,63.2,Air Conditioner,1,2.5,7.6968
Mumbai,4,41.0,81.0,Microwave Oven,5,6.1,7.6378
Satara,8,32.6,61.2,LED TV,1,10.0,1.0829
Satara,4,27.2,51.4,Room Heater,3,1.5,3.2444
Satara,8,21.8,84.5,Desktop Computer,2,5.9,1.8681
Satara,1,21.4,42.0,Air Conditioner,5,5.0,7.827
Mumbai,4,27.7,57.9,Room Heater,5,1.9,3.4888
Mumbai,1,26.8,53.1,Ceiling Fan,2,5.7,0.6528
Mumbai,1,16.3,15.2,Iron,3,17.4,16.8641
Satara,8,24.9,90.1,Air Conditioner,5,3.1,5.5028
Satara,3,25.3,53.2,Room Heater,3,5.5,11.7023
Satara,2,45.6,29.8,Water Heater (Geyser),3,21.5,61.2811
Satara,6,30.2,76.4,Water Heater (Geyser),5,0.7,1.4866
Satara,7,39.7,49.8,Air Conditioner,2,18.2,59.0861
Satara,8,10.3,40.3,Iron,4,10.6,9.8341
Mumbai,3,26.0,86.6,LED TV,4,23.6,1.9442
Satara,2,23.6,38.7,Refrigerator,5,22.5,2.8195
Satara,3,29.0,20.0,Refrigerator,3,2.6,0.4956
Mumbai,7,28.0,90.9,Desktop Computer,4,2.6,0.6927
Mumbai,5,39.4,34.2,Room Heater,2,17.6,44.5143
Satara,7,23.0,79.8,Refrigerator,2,21.4,4.6374
Satara,11,19.3,79.2,Air Conditioner,5,5.9,9.1218
Satara,3,23.0,26.8,Room Heater,2,1.7,3.6821
Mumbai,9,23.4,25.1,Room Heater,5,13.2,22.4142
Mumbai,6,33.6,76.2,LED TV,5,4.0,0.2962
Satara,6,30.2,81.3,Room Heater,1,2.9,7.9741
Satara,6,12.2,65.2,Refrigerator,5,23.6,2.5633
Mumbai,12,30.4,34.5,Air Conditioner,3,11.1,26.94
Mumbai,6,31.9,91.9,Microwave Oven,4,0.8,1.0558
Mumbai,5,32.4,50.5,LED TV,4,11.0,0.8631
Mumbai,12,25.7,49.1,Water Heater (Geyser),3,1.3,3.1737
Mumbai,9,31.0,83.1,Microwave Oven,5,1.2,1.4175
Satara,9,22.0,83.7,Water Heater (Geyser),3,2.5,6.1776
Satara,9,27.1,75.4,Microwave Oven,4,1.1,1.3897
Satara,1,22.4,44.9,Air Conditioner,3,11.5,24.2003
Satara,7,25.3,87.6,Air Conditioner,4,5.5,11.3786
Satara,7,29.9,69.2,Desktop Computer,3,6.0,1.776
Mumbai,3,40.2,22.9,LED TV,5,6.9,0.4796
Mumbai,1,26.6,57.6,Air Conditioner,5,2.5,4.4105
Mumbai,8,26.8,98.0,Ceiling Fan,5,15.4,1.0348
Satara,8,23.4,93.3,Washing Machine,4,0.7,0.3502
Satara,7,24.3,84.0,Iron,3,0.9,0.9956
Mumbai,4,33.4,69.4,Refrigerator,3,20.6,4.4395
Mumbai,7,21.0,39.5,Ceiling Fan,4,4.3,0.2991
Satara,5,34.2,54.9,Water Heater (Geyser),4,1.2,2.8674
Mumbai,7,30.8,86.1,Desktop Computer,3,9.8,2.9103
Mumbai,4,32.9,53.8,Refrigerator,4,21.8,3.8395
Mumbai,9,40.0,35.8,LED TV,4,19.7,1.6109
Mumbai,12,28.1,57.7,Iron,3,0.4,0.4365
Satara,9,23.7,22.6,Iron,2,20.4,22.0361
Mumbai,7,30.8,87.8,Room Heater,4,2.7,5.9339
Satara,2,17.7,46.6,Water Heater (Geyser),2,2.0,4.825
Satara,11,35.9,74.3,Washing Machine,3,21.7,13.6081
Satara,9,19.1,31.5,Ceiling Fan,3,23.6,1.9142
Mumbai,1,26.0,60.2,Room Heater,2,5.1,11.7233
Satara,9,28.1,79.8,Water Heater (Geyser),4,1.8,4.2978
Satara,2,20.0,49.4,Ceiling Fan,3,9.9,0.8388
Satara,2,27.7,45.1,Air Conditioner,4,4.5,9.3848
Satara,7,25.0,90.6,Microwave Oven,2,1.3,1.9583
Mumbai,5,25.5,54.9,Ceiling Fan,5,13.0,0.7815
Satara,2,20.7,33.7,Air Conditioner,1,3.1,7.5803
Satara,9,23.4,71.1,Air Conditioner,5,6.5,10.8572
Mumbai,12,24.1,69.2,Microwave Oven,2,0.6,0.8758
Mumbai,11,29.1,72.3,LED TV,5,4.5,0.3306
Satara,2,33.7,53.6,LED TV,2,16.2,1.5823
Mumbai,11,29.0,87.9,LED TV,3,3.5,0.3268
Satara,7,34.5,88.5,Air Conditioner,3,4.4,12.4925
Mumbai,3,28.8,57.6,Refrigerator,3,23.3,4.7341
Satara,7,23.3,89.8,Washing Machine,2,1.7,1.1414
Satara,4,28.6,34.3,Ceiling Fan,3,14.4,1.3874
Mumbai,12,25.6,73.8,Ceiling Fan,1,13.5,1.7873
Satara,8,26.3,80.4,Iron,2,0.8,0.9613
Satara,9,26.4,75.9,Desktop Computer,4,2.5,0.624
Mumbai,1,24.4,62.2,Desktop Computer,1,9.8,3.4141
Mumbai,8,25.9,91.8,Water Heater (Geyser),4,1.6,3.6843
Mumbai,7,28.4,87.5,Desktop Computer,5,3.8,0.8575
Mumbai,2,42.1,53.7,Refrigerator,3,12.6,2.938
Satara,6,29.0,80.9,Ceiling Fan,1,13.9,1.9155
Mumbai,12,38.8,42.4,Refrigerator,3,1.7,0.3774
Satara,3,36.4,35.8,LED TV,5,8.0,0.5582
Mumbai,2,39.0,23.7,Washing Machine,2,23.6,15.1952
Satara,7,26.7,87.7,Iron,2,1.2,1.4242
Mumbai,12,25.3,60.5,Microwave Oven,3,0.9,1.1921
Mumbai,3,28.7,68.9,Refrigerator,4,22.1,3.7592
Mumbai,7,30.3,84.5,Washing Machine,5,1.6,0.6899
Satara,5,16.5,35.6,Iron,3,2.3,2.2988
Satara,6,21.0,23.0,Water Heater (Geyser),2,18.7,44.7391
Mumbai,5,32.1,71.8,Washing Machine,2,1.8,1.2224
Mumbai,3,28.5,63.1,Iron,1,0.8,0.9698
Mumbai,10,33.4,76.4,Refrigerator,4,21.0,3.8095
Mumbai,5,29.5,77.8,Desktop Computer,3,4.0,1.2037
Mumbai,6,32.0,80.3,Microwave Oven,1,1.2,1.9824
Mumbai,2,45.6,81.0,Microwave Oven,4,19.1,26.8493
Mumbai,4,25.1,36.7,Washing Machine,2,24.0,14.8395
Mumbai,8,28.5,86.4,Iron,4,1.1,1.1756
Satara,12,19.3,55.0,Desktop Computer,2,7.4,2.1937
Satara,7,25.9,96.6,Ceiling Fan,1,8.3,1.1552
Mumbai,10,31.6,60.5,Washing Machine,2,9.3,6.11
Satara,12,22.8,35.6,LED TV,5,5.5,0.3663
Mumbai,5,33.9,78.6,Desktop Computer,1,9.3,3.5034
Mumbai,8,29.2,78.6,Microwave Oven,4,1.1,1.4255
Satara,12,20.2,44.4,Room Heater,4,4.3,7.7914
Mumbai,7,24.9,92.7,Refrigerator,2,8.8,2.0001
Satara,12,24.0,55.6,Ceiling Fan,2,10.6,1.1675
Mumbai,7,30.9,86.5,Microwave Oven,1,1.3,2.1591
Satara,7,23.1,86.7,Ceiling Fan,3,5.7,0.5412
Satara,10,40.6,90.7,Iron,5,9.2,9.7348
Mumbai,4,34.6,29.6,Refrigerator,5,18.1,2.6465
Satara,2,20.6,45.2,LED TV,1,6.2,0.6259
Mumbai,8,29.8,92.2,Air Conditioner,3,5.1,13.3937
Satara,3,28.9,36.5,Microwave Oven,4,0.6,0.7297
Satara,8,26.3,79.7,LED TV,1,3.1,0.3405
Mumbai,10,27.8,72.2,LED TV,1,5.7,0.6056
Satara,10,28.5,55.3,Room Heater,3,2.7,5.9533
Mumbai,3,27.4,47.6,LED TV,4,4.2,0.3242
Satara,6,28.4,72.4,Air Conditioner,1,4.4,13.3594
Satara,5,29.1,70.0,LED TV,2,12.2,1.2031
Mumbai,12,37.9,90.4,Ceiling Fan,3,8.3,1.0077
Satara,4,31.1,40.5,Air Conditioner,2,4.1,11.3204
Satara,6,27.3,63.3,Room Heater,3,5.5,12.3761
Mumbai,10,31.2,77.4,Water Heater (Geyser),3,2.1,5.6495
Satara,3,22.4,48.3,Ceiling Fan,5,10.6,0.603
Mumbai,10,32.0,78.6,Washing Machine,3,0.8,0.4744
Mumbai,6,32.3,84.1,Ceiling Fan,4,4.1,0.3674
Satara,6,30.3,90.6,Room Heater,2,10.2,25.9554
Satara,5,30.4,59.3,Iron,3,1.3,1.4249
Mumbai,9,30.0,84.4,Microwave Oven,4,0.6,0.7956
Mumbai,6,41.7,61.7,Desktop Computer,1,3.9,1.4894
Satara,10,27.2,77.1,Refrigerator,4,21.5,3.6782
Mumbai,5,30.2,85.7,Room Heater,3,2.3,5.4252
Mumbai,6,30.8,84.6,Water Heater (Geyser),2,2.4,7.1494
Mumbai,4,33.0,67.4,LED TV,5,6.5,0.4807
Mumbai,9,28.5,84.7,LED TV,5,4.4,0.3266
Mumbai,1,16.7,54.9,Ceiling Fan,3,10.3,0.83
Satara,10,26.0,64.4,Refrigerator,1,21.9,5.5126
Mumbai,4,29.3,59.4,Iron,1,19.9,24.5781
Satara,6,28.1,74.5,Ceiling Fan,5,8.5,0.5474
Mumbai,11,38.5,60.3,Iron,4,14.2,15.295
Satara,1,22.3,32.0,Ceiling Fan,1,10.7,1.2393
Satara,6,26.0,68.0,Room Heater,3,5.3,11.7066
Mumbai,5,30.0,78.8,Microwave Oven,5,1.2,1.441
Satara,4,25.7,30.0,Room Heater,1,21.2,50.5749
Satara,2,25.4,39.9,LED TV,5,2.6,0.1762
Mumbai,7,28.1,32.2,Desktop Computer,1,7.2,2.4261
Satara,5,31.1,46.1,Room Heater,1,5.7,14.6418
Mumbai,9,30.4,92.0,Refrigerator,3,21.6,4.6256
Satara,9,24.9,80.4,Air Conditioner,1,4.2,11.9843
Satara,3,33.1,45.0,Refrigerator,4,6.2,1.073
Mumbai,10,29.4,71.1,Ceiling Fan,5,6.0,0.3898
Mumbai,10,36.6,20.1,Room Heater,3,20.9,47.9173
Satara,12,20.7,48.0,Washing Machine,5,0.9,0.3454
Mumbai,4,30.8,62.2,Microwave Oven,5,1.2,1.3679
Mumbai,11,27.3,68.3,Air Conditioner,5,8.8,15.6192
Satara,2,23.8,42.3,Water Heater (Geyser),1,0.9,2.5518
Mumbai,1,44.4,26.1,Water Heater (Geyser),5,13.0,28.962
Satara,11,22.3,54.8,Iron,1,1.0,1.191
Mumbai,5,31.9,77.7,Water Heater (Geyser),1,1.8,5.867
Satara,9,26.3,70.0,Water Heater (Geyser),4,0.8,1.8159
Mumbai,5,35.8,61.3,Microwave Oven,1,1.5,2.493
Mumbai,4,33.7,43.6,Water Heater (Geyser),4,20.3,47.3871
Satara,8,25.0,73.1,Iron,1,0.9,1.101
Mumbai,1,18.4,62.9,Water Heater (Geyser),4,17.8,35.9914
Mumbai,12,29.3,57.6,Washing Machine,4,1.8,0.8896
Mumbai,4,30.6,73.0,Water Heater (Geyser),1,0.8,2.5324
Mumbai,9,31.1,90.1,Water Heater (Geyser),2,0.9,2.6923
Mumbai,3,43.5,49.7,Water Heater (Geyser),4,10.2,26.5474
Satara,12,22.4,36.4,Room Heater,5,5.3,8.9887
Mumbai,11,28.9,83.9,Air Conditioner,1,2.5,7.7394
Satara,9,22.8,73.6,Ceiling Fan,4,10.1,0.7646
Satara,3,10.7,88.5,Microwave Oven,2,8.8,12.1881
Mumbai,12,14.3,48.0,Iron,5,14.5,13.057
Satara,12,19.7,46.5,Air Conditioner,5,2.9,4.2556
Satara,5,33.1,53.0,Microwave Oven,2,0.5,0.7362
Satara,2,20.1,54.7,Refrigerator,2,23.7,4.831
Satara,6,18.3,19.6,Room Heater,2,18.5,38.0825
Mumbai,2,27.0,48.5,Air Conditioner,5,6.7,11.7227
Mumbai,6,30.0,80.5,Ceiling Fan,1,15.5,2.2229
Mumbai,6,30.7,85.1,Ceiling Fan,3,6.2,0.6652
Mumbai,9,30.6,30.9,Washing Machine,4,2.5,1.1966
Mumbai,12,24.9,65.6,Water Heater (Geyser),5,1.3,2.5748
Satara,5,14.0,34.4,Washing Machine,1,15.2,9.6679
Mumbai,11,28.1,59.4,Washing Machine,4,1.7,0.8223
Satara,1,19.9,48.5,Room Heater,3,3.0,6.0903
Satara,10,24.3,85.9,Air Conditioner,2,17.1,43.8596
Mumbai,7,30.5,83.7,Iron,4,0.6,0.6405
Satara,10,28.7,63.7,Microwave Oven,1,1.1,1.7423
Satara,5,36.3,53.0,Ceiling Fan,5,13.7,0.9665
Mumbai,9,29.0,84.2,Room Heater,4,4.2,9.0327
Mumbai,12,25.5,68.1,Ceiling Fan,4,5.3,0.4157
Satara,12,24.3,49.8,Ceiling Fan,1,11.4,1.4086
Satara,8,25.0,83.5,LED TV,3,5.8,0.5252
Mumbai,7,29.1,91.1,Refrigerator,3,21.6,4.5395
Satara,8,25.1,81.3,Microwave Oven,1,0.4,0.6371
Satara,8,26.5,88.4,Iron,2,0.5,0.6037
Mumbai,12,25.2,60.2,Iron,1,0.8,0.9768
Mumbai,12,40.9,71.2,LED TV,1,18.6,2.1161
Satara,2,21.1,52.3,Water Heater (Geyser),5,0.8,1.4381
Satara,2,23.1,64.5,Washing Machine,5,11.1,4.4634
Mumbai,7,25.4,41.8,Refrigerator,4,8.6,1.3664
Mumbai,3,26.8,56.7,Room Heater,1,5.3,13.3229
Mumbai,8,29.4,85.3,Refrigerator,3,21.2,4.4376
Mumbai,12,26.4,67.8,Ceiling Fan,2,9.0,1.0346
Mumbai,7,23.7,64.8,Air Conditioner,3,5.9,13.1549
Satara,2,35.1,89.0,Water Heater (Geyser),3,15.0,42.3127
Satara,4,32.6,48.4,Room Heater,3,3.5,7.9985
Satara,7,42.9,46.0,Washing Machine,3,1.0,0.6119
Satara,8,24.4,81.3,Ceiling Fan,3,13.8,1.3461
Satara,12,23.4,38.7,Iron,1,22.7,26.3703
Satara,3,23.2,44.0,Microwave Oven,4,1.1,1.2808
Satara,5,25.9,47.6,Washing Machine,1,0.6,0.4233
Satara,12,19.4,57.3,Water Heater (Geyser),3,2.6,5.9451
Satara,7,25.2,80.7,Desktop Computer,4,9.7,2.4969
Mumbai,7,30.2,95.8,Washing Machine,1,1.0,0.7789
Satara,10,24.0,62.5,LED TV,2,5.5,0.5242
Satara,4,32.0,30.6,Washing Machine,3,1.7,0.9491
Mumbai,6,32.4,78.2,Air Conditioner,3,4.9,13.1061
Satara,4,26.7,41.4,Washing Machine,1,1.6,1.1073
Mumbai,6,34.5,88.5,Refrigerator,4,21.6,4.1269
Mumbai,6,30.9,76.8,Ceiling Fan,4,7.2,0.6324
Satara,3,25.5,40.0,Refrigerator,3,20.4,3.804
Mumbai,1,21.8,35.0,Iron,2,12.6,13.7829
Satara,1,31.0,65.0,LED TV,4,20.7,1.7236
Satara,3,27.0,34.1,Room Heater,2,13.1,30.0579
Satara,7,24.9,94.4,Air Conditioner,2,8.7,23.2279
Mumbai,1,12.5,74.3,Ceiling Fan,1,14.0,1.4579
Satara,3,24.5,26.3,Washing Machine,1,1.9,1.2693
Satara,10,24.4,67.4,Refrigerator,5,23.4,3.1388
Satara,2,25.7,48.5,Water Heater (Geyser),3,0.8,1.9356
Mumbai,11,30.5,71.7,Water Heater (Geyser),1,1.5,4.7173
Mumbai,1,26.0,60.1,Desktop Computer,2,2.1,0.6612
Mumbai,12,28.1,64.2,Room Heater,1,4.7,12.2385
Satara,9,23.8,77.2,Room Heater,1,1.0,2.5515
Satara,9,25.4,81.7,Ceiling Fan,5,6.2,0.3859
Mumbai,7,30.7,84.2,Iron,2,0.7,0.8508
Satara,7,26.0,93.6,LED TV,5,6.6,0.4753
Mumbai,12,25.2,54.3,LED TV,2,7.4,0.7094
Satara,9,11.4,86.1,LED TV,2,11.5,1.0867
Satara,8,24.1,87.5,Iron,2,0.9,1.0808
Mumbai,9,29.0,81.3,Refrigerator,5,20.9,3.035
Satara,2,24.1,48.5,Washing Machine,4,1.0,0.4665
Mumbai,11,28.4,62.8,Ceiling Fan,5,10.0,0.6404
Mumbai,12,47.7,48.2,Washing Machine,2,22.3,15.7909
Satara,2,21.0,35.4,Ceiling Fan,5,6.2,0.3383
Satara,7,21.6,85.2,Iron,4,1.4,1.4545
Satara,8,21.0,23.8,Water Heater (Geyser),3,19.7,42.5716
Mumbai,4,17.9,76.2,Microwave Oven,2,22.8,32.4494
Satara,11,25.7,42.3,Ceiling Fan,4,10.2,0.7771
Satara,7,12.5,58.3,Refrigerator,1,11.2,2.2953
Mumbai,10,30.1,71.3,Room Heater,4,5.3,11.2947
Satara,8,24.7,91.6,Ceiling Fan,3,12.6,1.2304
Satara,7,24.5,77.5,Air Conditioner,3,9.3,21.3975
Satara,6,35.0,26.7,Air Conditioner,1,2.1,6.8984
Mumbai,1,23.0,65.1,Air Conditioner,3,10.9,23.7086
Satara,9,24.3,72.5,LED TV,1,6.3,0.6701
Satara,11,25.9,35.2,Room Heater,3,2.2,4.6566
Mumbai,8,32.7,84.4,Desktop Computer,4,16.6,4.5197
Mumbai,2,25.8,55.1,Refrigerator,2,20.5,4.512
Mumbai,11,27.5,78.1,LED TV,3,8.0,0.7167
Mumbai,11,29.1,39.2,Desktop Computer,1,12.4,4.2394
Mumbai,3,29.6,68.1,Washing Machine,5,1.2,0.5109
Mumbai,12,28.7,60.3,LED TV,4,5.4,0.4266
Satara,11,23.3,36.6,Iron,1,4.0,4.5906
Mumbai,3,26.9,67.2,Iron,1,0.5,0.623
Satara,3,30.7,47.1,Microwave Oven,3,0.3,0.4105
Mumbai,4,35.9,90.3,Room Heater,4,16.1,37.5431
Mumbai,1,25.2,48.6,Room Heater,2,5.1,11.71
Mumbai,1,27.0,60.0,Ceiling Fan,1,8.7,1.128
Mumbai,7,29.9,90.1,Ceiling Fan,2,8.6,1.0658
Satara,7,27.3,83.8,Water Heater (Geyser),2,1.7,4.8415
Satara,2,20.5,47.6,Microwave Oven,4,0.7,0.8281
Satara,7,25.5,88.2,Air Conditioner,2,5.1,13.9099
Satara,12,30.5,56.7,LED TV,3,17.2,1.537
Satara,12,33.1,19.7,Washing Machine,4,16.0,7.4993
Satara,4,30.4,40.9,Washing Machine,2,0.7,0.4487
Mumbai,6,29.4,90.5,LED TV,2,4.8,0.4916
Mumbai,6,33.6,74.8,LED TV,4,2.7,0.2233
Satara,5,32.1,40.4,LED TV,4,3.7,0.2883
Mumbai,8,29.4,79.9,LED TV,1,5.8,0.6322
Satara,8,23.3,84.6,Iron,1,1.5,1.8637
Mumbai,6,25.2,21.0,Refrigerator,4,13.3,2.0357
Satara,5,22.3,77.4,Refrigerator,5,20.9,2.698
Satara,6,15.4,47.8,Room Heater,5,23.6,37.7986
Mumbai,10,28.9,83.1,Microwave Oven,1,0.5,0.8137
Mumbai,10,30.7,71.4,Iron,1,1.4,1.7415
Satara,4,19.4,59.4,Air Conditioner,2,21.6,47.1762
Mumbai,7,29.4,84.7,Room Heater,5,2.2,4.3928
Mumbai,2,25.0,52.0,Iron,3,0.7,0.7463
Mumbai,10,30.9,72.1,Desktop Computer,2,7.0,2.3266
Satara,7,26.2,94.3,LED TV,3,3.1,0.2899
Satara,5,45.8,58.4,Room Heater,4,1.0,2.334
Mumbai,7,30.2,89.4,Water Heater (Geyser),4,1.4,3.4269
Mumbai,10,31.5,77.9,LED TV,5,7.5,0.5483
Satara,7,10.5,74.5,Microwave Oven,3,8.4,10.6848
Mumbai,12,36.7,36.3,Desktop Computer,2,4.5,1.4488
Mumbai,3,22.3,58.5,Microwave Oven,3,0.5,0.6538
Satara,10,25.7,63.5,Washing Machine,2,0.6,0.3861
Satara,6,30.7,61.0,Microwave Oven,3,18.3,25.2825
Satara,9,25.5,75.6,Desktop Computer,3,2.0,0.5783
Satara,12,21.6,33.6,Microwave Oven,1,1.1,1.5698
Mumbai,1,24.2,65.7,Air Conditioner,2,2.1,5.297
Mumbai,10,35.4,88.0,Water Heater (Geyser),5,16.9,38.3843
Mumbai,5,31.1,74.0,Desktop Computer,4,7.2,1.9058
Mumbai,3,23.9,62.8,Desktop Computer,3,3.9,1.1001
Satara,8,42.9,39.3,LED TV,5,5.7,0.418
Satara,1,26.9,86.6,Refrigerator,1,13.5,3.5544
Satara,8,20.0,80.2,Refrigerator,3,8.3,1.5298
Mumbai,2,29.2,65.8,Washing Machine,2,1.0,0.6582
Mumbai,10,11.9,56.4,Air Conditioner,4,8.7,12.3934
Satara,10,29.7,60.0,LED TV,1,7.9,0.848
Mumbai,12,26.3,70.5,LED TV,4,7.5,0.5959
Mumbai,2,10.0,18.1,Washing Machine,4,23.5,9.4347
Satara,1,24.5,93.9,Iron,3,4.3,4.8829
Mumbai,8,29.2,82.1,Air Conditioner,3,3.6,9.2744
Satara,4,33.2,39.6,Microwave Oven,4,0.6,0.7578
Mumbai,5,31.7,80.9,Ceiling Fan,5,10.3,0.7118
Mumbai,11,28.8,59.4,LED TV,1,6.4,0.682
Mumbai,10,29.7,80.5,Water Heater (Geyser),2,1.3,3.8376
Mumbai,2,17.1,17.6,Desktop Computer,1,18.0,5.671
Mumbai,10,31.4,70.5,Air Conditioner,3,10.0,26.1442
Mumbai,1,26.9,54.6,Iron,5,1.3,1.2218
Satara,8,39.1,53.9,Refrigerator,4,23.5,4.5301
Mumbai,11,27.6,54.4,Room Heater,1,3.1,7.7137
Satara,12,25.4,55.1,Room Heater,4,6.0,11.6644
Satara,2,26.0,37.3,Microwave Oven,3,1.0,1.2836
Mumbai,3,33.9,24.4,Washing Machine,1,15.9,11.2728
Satara,3,10.5,54.0,LED TV,3,10.1,0.826
Mumbai,9,34.6,31.3,Water Heater (Geyser),5,16.8,34.3443
Satara,4,31.0,34.7,LED TV,1,2.1,0.2192
Mumbai,3,31.8,65.1,LED TV,5,2.2,0.159
Satara,12,25.1,57.5,Microwave Oven,3,1.1,1.4684
Mumbai,11,33.8,75.9,Desktop Computer,3,11.6,3.5726
Mumbai,8,28.9,89.1,Microwave Oven,1,0.8,1.3156
Mumbai,9,32.1,82.4,Desktop Computer,2,7.5,2.5406
Satara,7,12.0,41.4,LED TV,4,15.7,1.1289
Satara,11,17.4,65.4,Refrigerator,5,7.2,0.865
Satara,1,18.5,44.0,Desktop Computer,3,4.1,1.0568
Mumbai,1,24.7,68.5,Water Heater (Geyser),4,1.9,4.1908
Mumbai,6,16.2,66.3,Ceiling Fan,3,19.6,1.6142
Satara,6,29.3,71.4,Microwave Oven,2,1.1,1.6746
Mumbai,8,29.2,83.2,LED TV,4,3.8,0.3136
Satara,4,32.3,36.7,Iron,3,0.4,0.4278
Satara,2,22.9,44.6,Iron,1,1.1,1.2726
Mumbai,1,22.8,48.2,Microwave Oven,4,0.6,0.7076
Mumbai,2,23.9,63.3,Room Heater,4,1.5,3.0033
Satara,7,24.7,85.1,Air Conditioner,3,7.4,17.1311
Mumbai,7,31.0,89.7,LED TV,4,3.6,0.3091
Mumbai,1,23.8,59.4,Water Heater (Geyser),4,1.3,2.8608
Satara,5,31.1,57.8,Ceiling Fan,2,11.8,1.4238
Mumbai,9,32.3,71.0,Iron,1,19.9,25.6288
Satara,1,22.7,53.1,Water Heater (Geyser),5,1.4,2.6112
Mumbai,12,26.7,71.9,Microwave Oven,2,0.6,0.8831
Mumbai,3,28.0,63.7,Ceiling Fan,2,8.8,1.0438
Mumbai,8,14.1,36.2,Water Heater (Geyser),5,2.0,3.3118
Satara,11,22.1,52.0,LED TV,4,6.2,0.4858
Satara,9,45.0,17.7,Air Conditioner,5,23.4,52.5786
Satara,8,25.3,80.5,Microwave Oven,1,0.8,1.2671
Mumbai,10,30.6,64.9,Water Heater (Geyser),2,1.5,4.3117
Mumbai,7,29.8,87.7,Desktop Computer,3,7.6,2.2699
Satara,6,28.5,88.6,LED TV,5,3.5,0.2629
Mumbai,1,24.9,70.0,Water Heater (Geyser),2,2.1,5.7468
Mumbai,4,32.8,62.2,Refrigerator,5,20.2,2.9546
Mumbai,10,39.7,30.8,Desktop Computer,3,17.6,5.1717
Satara,8,24.9,80.7,Refrigerator,2,21.7,4.9004
Satara,3,12.6,36.2,LED TV,2,10.2,0.878
Satara,12,23.2,38.2,Refrigerator,2,2.6,0.5405
Mumbai,5,16.3,51.3,Iron,5,6.3,5.7279
Satara,3,21.6,48.5,Desktop Computer,4,2.2,0.5256
Satara,11,25.2,47.3,Washing Machine,3,1.1,0.6021
Mumbai,8,27.4,68.1,Room Heater,5,7.5,13.9317
Satara,6,25.9,70.1,Washing Machine,3,1.0,0.5771
Mumbai,3,42.2,73.6,Microwave Oven,3,14.9,22.114
Satara,7,45.8,30.5,Iron,4,8.9,9.0913
Satara,9,26.2,93.0,Iron,4,1.1,1.1722
Mumbai,1,31.4,43.7,Desktop Computer,2,15.9,5.0001
Mumbai,12,28.0,71.9,Iron,2,1.2,1.4234
Satara,2,22.9,42.9,Water Heater (Geyser),5,0.6,1.0993
Mumbai,4,29.6,62.3,Iron,2,0.5,0.577
Mumbai,2,12.2,23.4,Ceiling Fan,3,14.3,0.9885
Mumbai,4,32.1,70.5,Washing Machine,1,0.5,0.3749
Satara,1,18.7,56.2,Water Heater (Geyser),5,2.3,4.1478
Satara,11,26.6,46.3,Room Heater,2,1.6,3.6438
Mumbai,7,28.0,88.3,Ceiling Fan,3,10.4,1.0713
Mumbai,10,28.3,71.9,Iron,3,0.9,0.9958
Satara,1,22.5,60.5,Water Heater (Geyser),3,1.9,4.5019
Mumbai,12,27.0,69.2,Iron,1,1.2,1.4757
Mumbai,12,27.6,64.1,Iron,5,0.9,0.872
Satara,7,28.8,69.5,Washing Machine,2,16.7,11.088
Mumbai,3,32.3,57.5,LED TV,5,3.3,0.2372
Satara,7,24.6,78.5,Ceiling Fan,4,15.7,1.2343
Satara,1,43.3,20.7,Microwave Oven,2,14.7,21.3526
Mumbai,9,28.5,70.2,Ceiling Fan,3,13.9,1.4158
Mumbai,7,31.2,85.3,LED TV,5,3.1,0.2352
Satara,7,26.6,84.4,Refrigerator,3,23.3,4.7175
Satara,1,21.7,43.8,Room Heater,5,4.4,7.4485
Satara,1,25.9,50.9,Water Heater (Geyser),4,1.3,2.8797
Mumbai,4,14.5,66.9,Air Conditioner,1,13.8,29.9728
Mumbai,12,26.9,69.7,Air Conditioner,2,11.4,29.7806
Satara,9,26.3,75.9,Microwave Oven,5,1.4,1.5626
Satara,2,42.6,17.2,Ceiling Fan,2,4.1,0.549
Mumbai,9,16.4,48.2,Ceiling Fan,2,9.3,0.8604
Satara,6,26.4,83.5,Water Heater (Geyser),2,2.4,6.7022
Satara,12,35.9,35.0,Air Conditioner,3,18.9,49.7928
Satara,12,26.3,63.8,LED TV,5,15.0,1.059
Mumbai,2,24.6,42.8,Water Heater (Geyser),5,10.6,20.0111
Mumbai,2,26.4,64.0,Washing Machine,4,1.6,0.7777
Satara,3,27.6,15.7,Ceiling Fan,5,6.1,0.3536
Satara,1,23.7,49.9,Desktop Computer,3,2.9,0.7896
Satara,1,11.2,57.6,Air Conditioner,2,16.3,28.7048
Satara,8,27.6,86.3,Microwave Oven,5,0.5,0.5946
Mumbai,8,29.8,89.0,Water Heater (Geyser),4,0.7,1.7046
Mumbai,4,22.2,50.0,Washing Machine,5,7.7,3.0358
Satara,10,28.9,56.0,Washing Machine,1,1.7,1.2324
Satara,4,37.1,66.9,Air Conditioner,2,5.6,17.758
Satara,1,15.6,66.5,Water Heater (Geyser),2,13.7,33.0388
Satara,12,21.3,20.2,Washing Machine,1,1.1,0.7163
Mumbai,10,27.4,85.8,Microwave Oven,5,4.9,5.7972
Mumbai,3,32.0,74.0,LED TV,5,6.1,0.4474
Satara,8,25.4,90.0,LED TV,3,5.5,0.5037
Mumbai,12,27.0,68.3,Water Heater (Geyser),1,0.5,1.5038
Satara,11,23.3,58.6,LED TV,5,6.5,0.457
Mumbai,11,29.6,69.4,Desktop Computer,1,9.0,3.2515
Satara,7,44.4,19.2,Water Heater (Geyser),3,17.8,49.3168
Mumbai,4,29.9,64.1,Microwave Oven,4,0.5,0.625
Satara,11,25.2,43.6,Water Heater (Geyser),2,2.9,7.64
Satara,12,24.3,60.4,Ceiling Fan,2,14.9,1.6387
Mumbai,1,26.8,69.6,Air Conditioner,4,10.5,21.7094
Satara,5,35.0,55.2,Air Conditioner,4,4.7,11.1879
Satara,3,22.1,53.8,Ceiling Fan,1,7.6,0.9264
Mumbai,10,31.9,76.3,Iron,2,1.5,1.7652
Satara,2,20.8,56.2,Iron,4,8.2,8.1635
Satara,10,29.3,56.1,LED TV,1,4.5,0.4742
Satara,1,21.8,54.7,Refrigerator,4,20.7,3.1058
Satara,9,21.5,21.7,Washing Machine,4,1.7,0.7648
Satara,3,24.5,48.2,Iron,5,0.3,0.2772
Satara,5,33.5,53.6,Refrigerator,5,21.0,3.159
Satara,6,18.0,52.1,Room Heater,2,19.8,41.5054
Satara,5,27.6,49.0,Microwave Oven,3,1.5,1.9932
Mumbai,8,28.1,85.3,Desktop Computer,5,7.0,1.5625
Satara,2,17.5,48.5,Microwave Oven,2,1.3,1.7422
Satara,6,23.5,67.3,Microwave Oven,1,0.6,0.9342
Mumbai,8,29.4,85.1,Ceiling Fan,2,12.6,1.5593
Satara,11,41.5,51.2,LED TV,4,19.8,1.634
Mumbai,3,27.8,64.1,Iron,4,1.3,1.3368
Mumbai,2,29.8,54.6,Ceiling Fan,1,5.1,0.6989
Satara,11,22.7,50.1,Air Conditioner,1,3.5,9.1749
Satara,2,22.6,41.6,Washing Machine,1,0.9,0.5988
Mumbai,4,28.8,66.9,Air Conditioner,4,11.1,24.0744
Mumbai,12,23.8,63.0,Refrigerator,2,20.0,4.3612
Satara,7,13.4,17.9,Desktop Computer,5,9.9,1.7993
Satara,9,23.3,73.9,Microwave Oven,4,1.3,1.6051
Satara,1,27.3,37.7,Water Heater (Geyser),5,1.8,3.4597
Mumbai,7,30.7,87.8,Iron,5,1.1,1.1173
Mumbai,3,25.7,54.9,Room Heater,4,4.2,8.3808
Mumbai,10,28.8,78.8,Water Heater (Geyser),4,1.0,2.3599
Mumbai,2,24.5,62.2,Iron,1,0.6,0.7258
Mumbai,8,24.9,91.9,Refrigerator,5,18.5,2.5955
Mumbai,11,29.0,66.5,Washing Machine,1,1.9,1.3773
Satara,2,18.8,38.3,LED TV,1,4.4,0.4317
Satara,7,23.4,77.3,Washing Machine,4,0.9,0.4501
Satara,12,16.5,38.0,Water Heater (Geyser),5,10.7,18.2673
Mumbai,4,30.8,70.0,LED TV,2,7.6,0.7644
Mumbai,3,29.0,68.8,Air Conditioner,3,2.5,6.154
Mumbai,9,18.3,39.2,Desktop Computer,4,20.8,4.781
Satara,10,15.8,64.4,Water Heater (Geyser),3,10.2,22.0515
Mumbai,3,32.0,63.4,Washing Machine,5,1.1,0.4563
Satara,9,26.9,86.7,Iron,5,0.4,0.3958
Mumbai,2,36.3,26.2,LED TV,1,10.3,1.0813
Mumbai,2,36.7,59.5,Ceiling Fan,3,8.9,0.985
Satara,6,32.1,81.4,LED TV,1,3.0,0.3407
Mumbai,7,30.8,88.6,Microwave Oven,5,0.4,0.4825
Mumbai,5,35.3,65.5,LED TV,5,8.0,0.5895
Satara,12,22.0,94.4,Ceiling Fan,4,9.0,0.6956
Satara,8,13.7,30.9,Air Conditioner,2,8.9,16.1314
Satara,10,28.8,56.9,Air Conditioner,1,2.0,6.042
Satara,9,26.8,75.8,Desktop Computer,3,2.4,0.6824
Satara,7,23.9,82.0,LED TV,2,7.8,0.7684
Satara,6,31.8,86.0,Room Heater,4,5.7,12.5104
Mumbai,6,31.1,91.0,LED TV,4,4.6,0.3812
Mumbai,9,28.9,95.7,Washing Machine,5,0.8,0.3508
Satara,2,18.6,36.6,Air Conditioner,2,10.6,22.1749
Satara,12,18.2,52.0,Air Conditioner,4,10.9,18.1029
Mumbai,4,30.7,62.0,Washing Machine,5,1.8,0.748
Mumbai,11,31.3,74.9,Air Conditioner,4,8.8,20.1456
Mumbai,7,29.7,93.0,Refrigerator,2,21.3,5.1669
Mumbai,5,33.5,74.7,Iron,1,1.4,1.7645
Satara,10,24.7,53.9,Desktop Computer,2,5.4,1.6866
Mumbai,10,46.2,86.8,LED TV,4,1.3,0.1159
Mumbai,1,22.3,70.1,Refrigerator,3,23.9,4.4537
Mumbai,10,29.7,67.6,Washing Machine,2,1.1,0.7358
Satara,9,44.9,77.0,Washing Machine,3,14.5,9.2167
Satara,6,26.2,64.0,Desktop Computer,3,4.7,1.336
Satara,6,42.9,81.1,Air Conditioner,3,12.8,41.6688
Satara,1,26.1,46.2,Room Heater,2,5.8,13.4197
Satara,4,30.4,42.9,Refrigerator,4,21.2,3.5653
Mumbai,5,47.1,54.1,Water Heater (Geyser),2,1.9,6.2969
Mumbai,4,32.0,69.3,Water Heater (Geyser),3,1.6,4.2077
Mumbai,6,28.7,21.8,Water Heater (Geyser),4,6.7,14.341
Mumbai,1,27.0,57.6,Refrigerator,5,6.2,0.8538
Mumbai,11,28.7,72.8,Room Heater,4,3.1,6.5275
Satara,5,33.7,57.0,LED TV,2,5.9,0.5819
Mumbai,9,28.1,83.9,Washing Machine,1,1.9,1.4497
Mumbai,2,28.6,56.0,Washing Machine,2,1.0,0.6444
Mumbai,3,27.6,46.2,Refrigerator,3,21.4,4.1306
Satara,2,23.2,47.5,Water Heater (Geyser),5,22.7,43.3248
Satara,7,28.3,84.9,Room Heater,1,4.0,10.6584
Satara,6,26.1,75.6,LED TV,4,7.0,0.5722
Mumbai,5,34.9,75.2,Air Conditioner,2,6.5,20.4462
Mumbai,4,32.7,61.9,Microwave Oven,4,0.7,0.8885
Mumbai,8,30.2,90.7,Air Conditioner,5,2.2,4.3823
Mumbai,11,29.0,66.7,Iron,3,1.1,1.2054
Satara,5,32.9,54.1,Desktop Computer,2,4.8,1.5653
Mumbai,7,28.5,93.3,Desktop Computer,3,7.2,2.1824
Mumbai,3,28.4,61.1,Iron,4,1.2,1.2367
Satara,3,33.3,73.9,Microwave Oven,2,4.8,7.2296
Satara,8,30.7,26.2,Microwave Oven,3,19.6,25.5081
Satara,6,12.1,83.7,Iron,1,16.4,19.6821
Mumbai,12,27.9,61.0,Washing Machine,5,1.7,0.6919
Satara,3,27.0,39.4,Iron,3,0.5,0.5291
Satara,5,31.3,51.6,LED TV,2,4.2,0.42
Satara,3,12.5,59.3,LED TV,1,19.8,1.9553
Mumbai,3,26.3,61.4,Desktop Computer,4,7.6,1.9154
Mumbai,3,29.4,62.9,Washing Machine,4,0.7,0.351
Mumbai,1,26.3,55.8,LED TV,4,2.8,0.2199
Satara,8,25.7,80.4,Air Conditioner,5,6.0,10.6475
Mumbai,5,32.7,66.7,Iron,2,0.8,0.9401
Satara,6,30.2,68.5,Iron,1,1.4,1.7589
Satara,11,39.6,82.1,Washing Machine,4,10.6,5.6617
Mumbai,11,12.9,60.1,Refrigerator,3,1.8,0.284
Mumbai,3,27.8,64.3,Water Heater (Geyser),5,2.0,4.0171
Satara,11,34.0,36.3,Air Conditioner,2,16.2,46.6624
Satara,8,36.2,75.2,Ceiling Fan,2,6.0,0.8075
Satara,6,27.7,83.0,Room Heater,5,4.5,8.635
Mumbai,1,25.7,58.7,Desktop Computer,5,6.8,1.4432
Satara,11,21.6,46.4,LED TV,3,5.8,0.4872
Mumbai,9,29.3,83.9,Room Heater,4,2.6,5.5313
Mumbai,7,37.5,63.6,Air Conditioner,3,12.3,35.4898
Satara,6,29.1,76.3,Water Heater (Geyser),4,2.9,6.9042
Satara,2,24.7,78.2,Iron,2,16.1,18.7176
Mumbai,1,33.9,19.3,Microwave Oven,4,18.1,21.3412
Satara,4,28.6,50.7,Washing Machine,4,1.8,0.8605
Mumbai,3,27.1,76.1,LED TV,1,3.5,0.3801
Mumbai,12,29.5,62.1,Washing Machine,4,0.7,0.3458
Mumbai,11,27.5,73.3,Ceiling Fan,2,15.6,1.8263
Mumbai,9,24.7,19.2,Ceiling Fan,1,11.7,1.4104
Mumbai,4,14.4,20.7,Washing Machine,3,18.4,8.8329
Satara,8,25.4,83.6,Refrigerator,5,21.2,2.9724
Satara,6,27.5,83.4,Air Conditioner,3,4.3,10.4349
Mumbai,5,32.6,80.0,Desktop Computer,3,4.0,1.2154
Mumbai,3,31.8,54.1,Water Heater (Geyser),1,2.9,9.1809
Mumbai,9,16.9,63.8,Microwave Oven,1,19.7,29.589
Satara,10,32.9,50.3,LED TV,2,5.6,0.5555
Mumbai,6,32.4,85.9,Air Conditioner,1,8.6,29.1609
Satara,3,31.2,82.4,Water Heater (Geyser),3,0.9,2.431
Satara,2,39.4,61.5,Washing Machine,3,11.5,6.9933
Satara,1,25.0,64.4,Ceiling Fan,5,5.4,0.3279
Mumbai,12,45.4,35.2,LED TV,1,11.0,1.2254
Mumbai,8,30.0,82.9,Air Conditioner,3,5.5,14.4473
Satara,3,31.4,28.3,Refrigerator,3,4.6,0.9123
Mumbai,10,44.2,85.5,Microwave Oven,3,18.1,27.6902
Mumbai,5,32.2,80.0,LED TV,5,3.7,0.2765
Satara,5,36.5,31.3,Ceiling Fan,4,16.0,1.4108
Satara,11,34.3,31.8,Desktop Computer,1,20.7,7.2808
Satara,10,23.1,55.9,Microwave Oven,4,1.8,2.1625
Mumbai,8,29.5,88.0,Ceiling Fan,4,8.4,0.7352
Satara,7,24.8,95.1,Ceiling Fan,3,15.6,1.5593
Satara,9,27.9,62.8,Washing Machine,2,0.7,0.4534
Mumbai,11,28.7,75.8,Room Heater,3,4.4,10.0602
Satara,2,19.7,42.3,Water Heater (Geyser),5,1.1,1.9792
Mumbai,2,45.2,92.6,Air Conditioner,4,13.9,41.2994
Satara,10,33.4,87.1,Room Heater,1,3.5,9.8055
Mumbai,9,30.3,84.8,Iron,2,0.7,0.8503
Satara,12,25.5,48.5,Washing Machine,4,2.0,0.9417
Satara,5,19.8,19.5,Water Heater (Geyser),5,6.3,10.8432
Satara,5,29.9,44.9,Air Conditioner,3,7.7,19.1193
Satara,4,34.6,47.7,Iron,3,0.8,0.8897
Satara,5,29.5,59.3,Microwave Oven,2,1.5,2.1685
Satara,12,21.9,53.4,Desktop Computer,3,9.2,2.5199
Mumbai,11,23.3,75.1,Microwave Oven,3,13.7,18.4195
Satara,10,29.5,66.4,Microwave Oven,5,1.4,1.6056
Satara,7,25.1,87.2,Microwave Oven,5,0.8,0.9193
Mumbai,7,31.2,88.8,Air Conditioner,2,10.3,30.2625
Mumbai,1,22.6,59.6,Ceiling Fan,5,13.8,0.7904
Mumbai,7,30.5,84.0,Ceiling Fan,1,4.9,0.7074
Mumbai,10,23.0,24.4,Washing Machine,1,10.5,7.0007
Satara,5,33.7,38.2,Air Conditioner,2,7.4,20.9201
Satara,2,24.7,36.6,Microwave Oven,4,0.5,0.6027
Mumbai,5,30.3,66.7,Iron,5,1.0,0.9867
Satara,8,23.0,94.9,Water Heater (Geyser),5,15.2,30.5648
Satara,11,22.7,53.9,Iron,2,0.4,0.4534
Satara,11,22.5,72.0,Ceiling Fan,5,7.1,0.4203
Satara,11,21.1,45.1,LED TV,1,7.1,0.7047
Mumbai,11,15.1,24.0,Water Heater (Geyser),1,20.6,50.901
Satara,12,19.5,48.7,Air Conditioner,3,9.0,17.6131
Satara,1,22.8,48.8,Ceiling Fan,2,9.3,0.9564
Mumbai,12,28.3,55.4,Washing Machine,5,1.6,0.6458
Mumbai,2,32.0,37.6,Water Heater (Geyser),4,7.1,16.2188
Mumbai,6,30.4,77.9,Washing Machine,3,1.4,0.8319
Mumbai,6,44.1,61.8,Room Heater,3,22.5,58.4376
Mumbai,11,31.9,61.6,Microwave Oven,4,1.1,1.412
Mumbai,10,32.4,77.1,Refrigerator,2,23.4,5.751
Mumbai,5,30.3,76.1,Air Conditioner,4,11.1,24.9804
Satara,1,15.3,57.2,Microwave Oven,3,4.6,5.7356
Satara,4,29.7,46.5,Desktop Computer,3,5.3,1.4864
Satara,9,25.6,91.2,Water Heater (Geyser),1,2.4,7.5168
Satara,5,27.2,81.8,Refrigerator,2,20.0,4.6526
Satara,1,22.5,43.8,Microwave Oven,5,0.5,0.5336
Mumbai,1,25.1,65.2,Desktop Computer,4,7.7,1.9268
Satara,3,27.1,49.9,Desktop Computer,2,4.0,1.2355
Mumbai,4,30.3,72.5,Water Heater (Geyser),4,2.7,6.4459
Satara,10,27.4,71.4,Ceiling Fan,5,7.9,0.4997
Satara,12,20.4,46.3,Ceiling Fan,2,14.5,1.4396
Satara,1,16.3,41.8,Iron,4,13.5,12.8258
Mumbai,1,27.1,68.0,Room Heater,5,3.2,5.9308
Satara,8,24.7,85.8,LED TV,3,3.9,0.3527
Satara,2,23.1,53.1,LED TV,5,7.8,0.5296
Mumbai,1,25.8,63.1,Air Conditioner,5,5.4,9.4452
Satara,1,16.9,44.1,Washing Machine,5,1.0,0.3766
Mumbai,2,27.6,54.1,Iron,4,0.7,0.7135
Mumbai,5,35.4,65.5,Room Heater,2,6.0,15.5098
Satara,11,44.0,45.6,Room Heater,1,1.4,4.07
Satara,5,33.5,44.9,Washing Machine,1,0.8,0.5865
Satara,5,36.9,52.1,Air Conditioner,3,7.9,21.9762
Satara,8,39.5,88.5,Washing Machine,2,21.6,15.6927
Mumbai,7,28.8,91.4,Desktop Computer,1,7.7,2.8868
Mumbai,8,27.4,88.4,LED TV,5,5.3,0.3885
Mumbai,11,28.6,63.3,Ceiling Fan,3,7.8,0.7883
Satara,2,12.6,40.7,Air Conditioner,1,11.3,22.1633
Mumbai,9,29.6,76.9,Water Heater (Geyser),2,0.9,2.6237
Mumbai,2,26.5,64.5,Desktop Computer,2,2.7,0.8516
Satara,6,29.3,64.8,Refrigerator,2,9.4,2.175
Satara,8,25.2,89.7,Desktop Computer,1,3.1,1.1152
Satara,2,30.6,34.5,Desktop Computer,3,5.9,1.646
Satara,5,28.1,42.2,Water Heater (Geyser),1,2.3,6.8695
Mumbai,4,28.8,68.6,Ceiling Fan,2,15.2,1.816
Satara,4,28.9,42.8,Air Conditioner,4,4.6,9.663
Satara,12,21.8,45.2,LED TV,3,7.7,0.6419
Satara,11,43.4,20.6,Washing Machine,4,18.1,9.2253
Satara,4,32.9,54.5,Ceiling Fan,2,6.5,0.8088
Mumbai,4,37.2,57.2,Room Heater,4,21.7,47.7638
Satara,11,10.0,86.1,Desktop Computer,3,6.1,1.6054
Satara,3,25.3,36.1,Microwave Oven,2,1.4,1.9402
Satara,6,31.6,89.9,LED TV,3,20.2,1.9194
Satara,12,23.4,51.2,Room Heater,3,2.9,6.1122
Satara,10,28.3,69.7,Ceiling Fan,4,12.2,1.0072
Mumbai,2,25.0,56.6,Water Heater (Geyser),4,1.3,2.7999
Satara,5,33.5,48.5,Washing Machine,5,1.2,0.4958
Mumbai,3,30.4,59.0,LED TV,1,7.4,0.7903
Mumbai,4,39.9,35.0,Air Conditioner,4,10.3,26.0732
Mumbai,9,27.8,81.3,Ceiling Fan,2,7.2,0.8694
Mumbai,9,29.6,83.4,LED TV,3,6.1,0.571
Mumbai,8,28.9,84.5,Room Heater,3,4.1,9.5173
Satara,4,20.6,67.5,Desktop Computer,1,7.2,2.4746
Satara,12,19.1,48.5,Room Heater,5,3.2,5.2617
Mumbai,11,29.7,64.5,Washing Machine,1,1.1,0.814
Mumbai,5,29.5,74.0,Desktop Computer,1,6.0,2.1785
Satara,6,26.7,81.8,Microwave Oven,4,0.5,0.6333
Satara,5,32.2,56.2,Ceiling Fan,2,14.3,1.7632
Mumbai,10,31.9,74.2,Ceiling Fan,4,8.8,0.7741
Mumbai,10,29.8,74.4,Room Heater,4,4.8,10.0854
Mumbai,5,32.6,88.1,LED TV,1,6.3,0.7175
Satara,6,29.0,77.0,Ceiling Fan,2,15.9,1.9421
Satara,1,23.5,42.8,Washing Machine,3,1.9,1.0163
Satara,3,27.8,33.6,LED TV,1,3.8,0.3841
Satara,5,43.9,81.6,Refrigerator,2,15.1,4.2926
Mumbai,9,41.1,47.9,Refrigerator,4,8.7,1.6862
Satara,10,34.5,85.6,Air Conditioner,4,15.9,39.627
Mumbai,6,31.8,76.2,Desktop Computer,5,6.2,1.4124
Mumbai,10,42.0,36.4,Washing Machine,2,9.7,6.6263
Satara,5,25.3,39.7,Desktop Computer,2,23.1,7.0217
Mumbai,7,29.6,81.7,Ceiling Fan,4,13.6,1.1634
Satara,10,27.6,64.5,Desktop Computer,2,6.5,2.0799
Satara,6,29.7,74.8,Washing Machine,2,1.2,0.8047
Satara,10,29.2,61.2,Washing Machine,1,0.6,0.4441
Satara,6,29.8,81.9,Microwave Oven,3,1.0,1.3981
Mumbai,10,18.5,87.1,Washing Machine,5,16.9,6.8305
Mumbai,6,32.4,81.6,Iron,4,1.3,1.407
Mumbai,12,30.5,77.8,Ceiling Fan,3,2.1,0.2191
Mumbai,4,34.7,69.0,Washing Machine,4,1.7,0.8769
Satara,8,25.4,81.1,Ceiling Fan,2,4.5,0.5213
Satara,11,27.6,54.1,Iron,3,0.8,0.8559
Satara,7,45.7,87.6,Microwave Oven,1,16.6,29.7782
Mumbai,7,27.4,86.9,Washing Machine,2,0.6,0.4023
Mumbai,4,29.5,76.9,Microwave Oven,3,1.1,1.5199
Satara,11,27.5,57.7,Water Heater (Geyser),5,1.9,3.8465
Mumbai,5,30.7,82.0,Washing Machine,2,1.7,1.1565
Satara,9,12.9,56.7,Ceiling Fan,1,11.5,1.1735
Mumbai,11,43.1,37.8,Room Heater,2,12.3,32.2852
Mumbai,11,28.0,60.0,Refrigerator,3,22.3,4.4649
Mumbai,9,44.2,21.5,Air Conditioner,5,23.2,52.7268
Satara,3,30.2,64.1,Refrigerator,1,21.5,5.7512
Satara,7,25.4,88.9,Air Conditioner,1,4.8,14.2369
Mumbai,7,28.8,89.5,Iron,5,21.6,21.8156
Satara,12,19.3,50.3,Room Heater,1,5.2,12.161
Mumbai,5,34.7,21.7,Ceiling Fan,1,4.8,0.6685
Mumbai,11,29.4,58.5,LED TV,1,2.9,0.3072
Satara,7,36.9,45.1,Refrigerator,5,15.4,2.3098
Satara,6,26.9,76.2,Microwave Oven,4,1.3,1.6436
Satara,9,30.5,84.1,Water Heater (Geyser),4,13.1,31.1533
Mumbai,2,25.5,61.1,Refrigerator,2,22.2,4.907
Satara,8,21.4,23.3,Microwave Oven,1,5.0,7.1714
Mumbai,11,30.9,60.7,Room Heater,3,1.6,3.6542
Mumbai,5,20.7,19.3,Microwave Oven,2,16.7,21.8591
Satara,7,45.5,56.8,Washing Machine,5,17.9,8.0841
Satara,9,39.1,29.5,Desktop Computer,2,18.0,5.8292
Satara,12,26.5,70.6,Room Heater,1,9.8,25.0713
Mumbai,1,26.6,53.8,Desktop Computer,5,6.6,1.3961
Mumbai,5,31.3,62.3,Air Conditioner,2,23.3,66.0034
Satara,9,24.7,85.4,Ceiling Fan,1,12.5,1.6527
Satara,5,11.9,55.3,Iron,1,11.2,12.6369
Mumbai,10,32.2,81.8,LED TV,5,7.8,0.5848
Mumbai,9,28.4,82.1,Washing Machine,1,1.5,1.1323
Mumbai,9,30.9,86.0,Refrigerator,3,22.1,4.7603
Satara,9,27.1,86.2,Refrigerator,5,23.7,3.4339
Mumbai,10,29.1,85.4,LED TV,2,7.7,0.7904
Satara,4,30.2,42.0,Refrigerator,4,20.5,3.4411
Mumbai,3,29.3,71.6,Washing Machine,3,0.7,0.4016
Mumbai,12,11.8,18.6,LED TV,4,5.6,0.3893
Mumbai,6,34.1,80.2,Refrigerator,5,23.2,3.5847
Mumbai,6,16.0,33.9,Water Heater (Geyser),1,9.1,23.2601
Satara,7,27.2,70.1,Refrigerator,2,23.5,5.421
Mumbai,9,29.8,85.6,Desktop Computer,2,9.5,3.2189
Mumbai,6,43.5,88.2,LED TV,5,7.0,0.5562
Mumbai,1,25.0,66.3,Air Conditioner,4,2.2,4.4159
Mumbai,9,26.4,91.7,Room Heater,5,21.4,41.0818
Mumbai,8,29.8,86.8,Washing Machine,3,1.0,0.601
Mumbai,5,32.3,76.9,Washing Machine,5,1.9,0.83
Satara,6,31.2,67.0,Iron,5,0.7,0.6819
Mumbai,12,28.7,56.3,Ceiling Fan,2,14.9,1.7644
Mumbai,12,26.1,56.7,Refrigerator,1,21.9,5.4534
Mumbai,6,28.8,75.3,Desktop Computer,3,7.7,2.2784
Satara,9,25.2,76.7,Ceiling Fan,3,10.8,1.0445
Satara,1,20.2,43.7,Desktop Computer,3,9.8,2.5622
Mumbai,12,24.3,59.7,Refrigerator,2,22.0,4.7606
Satara,1,24.3,49.3,Washing Machine,3,1.4,0.7688
Satara,4,29.2,36.9,Ceiling Fan,5,10.5,0.654
Mumbai,9,33.9,18.4,Microwave Oven,2,9.6,13.4503
Mumbai,8,28.9,87.5,LED TV,2,2.3,0.2317
Mumbai,11,16.6,35.7,Water Heater (Geyser),3,4.6,9.6655
Mumbai,10,35.8,61.1,Microwave Oven,2,18.3,27.8846
Mumbai,3,31.7,63.6,Microwave Oven,2,0.8,1.1778
Satara,10,20.5,82.8,Refrigerator,1,8.0,1.9231
Satara,2,24.7,53.4,Microwave Oven,4,5.9,7.1041
Mumbai,1,28.6,60.3,Iron,4,1.1,1.1269
Satara,11,22.6,49.0,Water Heater (Geyser),3,2.6,6.088
Satara,10,24.9,55.9,Ceiling Fan,1,6.1,0.7769
Satara,12,19.7,46.2,Desktop Computer,4,9.9,2.301
Mumbai,10,31.4,74.2,Air Conditioner,3,8.2,21.3889
Mumbai,11,18.9,41.1,Washing Machine,3,7.1,3.7419
Satara,8,37.1,63.8,Room Heater,5,8.9,18.0919
Mumbai,2,21.3,64.8,Ceiling Fan,4,12.1,0.8862
Mumbai,10,30.0,80.1,Ceiling Fan,4,14.5,1.2517
Satara,5,27.7,31.6,Ceiling Fan,1,9.4,1.2014
Mumbai,7,39.2,92.2,Room Heater,3,8.5,22.1266
Mumbai,9,19.2,81.6,Ceiling Fan,1,20.8,2.4594
Mumbai,7,27.9,56.3,Microwave Oven,1,20.6,31.7097
Mumbai,6,42.0,91.4,Desktop Computer,5,17.3,4.2622
Mumbai,8,30.0,89.7,Desktop Computer,2,7.1,2.4335
Satara,10,38.5,58.8,Washing Machine,2,20.5,14.3222
Satara,12,20.8,61.7,Iron,2,1.4,1.5829
Mumbai,8,30.7,92.9,Air Conditioner,1,16.8,56.1311
Satara,2,23.0,39.0,Ceiling Fan,1,13.7,1.6463
Satara,3,25.6,34.5,Water Heater (Geyser),1,0.6,1.716
Mumbai,1,28.7,65.5,LED TV,2,6.8,0.6682
Mumbai,4,31.1,66.7,Desktop Computer,2,8.5,2.8261
Satara,6,27.7,74.0,Water Heater (Geyser),1,2.4,7.317
Satara,2,23.9,42.4,Washing Machine,3,0.8,0.4285
Satara,6,24.3,86.1,Washing Machine,5,1.1,0.46
Satara,6,11.5,49.4,Microwave Oven,3,20.0,24.3125
Satara,12,22.9,32.1,Microwave Oven,4,1.2,1.3894
Mumbai,6,31.3,85.7,Desktop Computer,1,9.2,3.4609
Mumbai,11,28.4,72.3,Refrigerator,2,20.8,4.8863
Mumbai,2,11.9,45.9,Room Heater,1,8.8,18.8319
Mumbai,5,31.9,75.9,Ceiling Fan,4,13.4,1.178
Satara,8,23.2,81.4,Ceiling Fan,3,8.2,0.7785
Mumbai,12,27.3,60.4,LED TV,3,5.5,0.4827
Mumbai,2,26.9,66.2,Washing Machine,5,1.2,0.4948
Satara,9,25.3,82.8,Iron,2,0.9,1.0601
Mumbai,11,30.4,60.0,Room Heater,3,4.7,10.5045
Satara,11,38.1,28.1,Washing Machine,3,13.0,7.3603
Satara,12,30.2,73.6,Iron,5,8.3,8.2062
Satara,5,31.2,44.3,Water Heater (Geyser),5,2.2,4.5266
Satara,11,22.2,55.8,Washing Machine,2,1.9,1.1671
Satara,5,12.5,34.8,Air Conditioner,5,5.1,6.0915
Satara,7,24.9,87.9,Room Heater,4,2.3,4.8191
Mumbai,11,30.8,62.0,Iron,4,1.0,1.0377
Mumbai,6,43.1,43.6,Room Heater,5,15.2,31.7629
Satara,7,23.9,78.3,Microwave Oven,1,0.5,0.8015
Mumbai,5,11.7,87.2,Iron,3,13.2,14.2042
Mumbai,2,22.7,40.1,Washing Machine,2,15.4,9.4511
Satara,7,23.4,83.4,Air Conditioner,5,10.9,18.5531
Satara,12,45.4,55.3,Water Heater (Geyser),5,1.1,2.5777
Satara,1,44.9,44.4,Water Heater (Geyser),4,23.2,59.9952
Satara,6,31.8,68.6,Ceiling Fan,3,11.1,1.1847
Satara,1,21.1,62.6,Air Conditioner,4,19.5,35.7251
Mumbai,10,31.2,78.3,Washing Machine,3,0.7,0.4211
Mumbai,5,32.8,73.9,Refrigerator,4,20.3,3.6893
Mumbai,7,36.2,15.9,Ceiling Fan,5,7.7,0.5171
Satara,6,27.6,76.3,Washing Machine,4,0.8,0.4003
Mumbai,10,31.7,77.6,Water Heater (Geyser),2,2.6,7.6371
Satara,4,40.3,54.2,Desktop Computer,4,1.3,0.3429
Mumbai,4,31.8,57.4,Room Heater,4,3.5,7.2514
Satara,3,24.7,36.9,Air Conditioner,4,11.9,22.4514
Satara,1,19.8,51.4,LED TV,4,2.1,0.1577
Satara,7,40.5,19.4,Iron,5,8.3,7.799
Satara,6,30.7,77.6,Washing Machine,5,1.7,0.732
Satara,3,28.7,38.6,Iron,5,0.9,0.8357
Mumbai,11,33.4,33.4,Washing Machine,2,11.8,7.5463
Mumbai,8,46.0,42.4,Air Conditioner,3,7.6,24.3383
Satara,5,33.2,64.5,Room Heater,2,3.4,8.6558
Mumbai,5,32.8,77.1,Iron,4,1.1,1.193
Satara,10,25.7,63.0,Air Conditioner,5,10.6,18.5843
Mumbai,7,30.0,85.4,Water Heater (Geyser),3,0.7,1.8745
Satara,12,22.2,62.1,Microwave Oven,1,0.9,1.376
Mumbai,7,30.0,95.6,Ceiling Fan,4,12.2,1.0917
Mumbai,4,32.4,88.9,Microwave Oven,4,18.1,24.2921
Mumbai,1,26.8,66.7,Air Conditioner,3,5.7,13.3263
Mumbai,12,24.6,55.6,Ceiling Fan,2,16.0,1.7519
Satara,8,27.0,77.5,LED TV,2,2.8,0.2778
Mumbai,3,25.6,67.7,Room Heater,1,2.8,7.2231
Mumbai,12,25.7,60.0,Water Heater (Geyser),4,1.2,2.6239
Mumbai,2,24.9,63.5,Water Heater (Geyser),4,1.1,2.3554
Mumbai,7,35.9,93.7,Ceiling Fan,5,21.8,1.6411
Mumbai,10,31.0,68.2,LED TV,3,6.3,0.5734
Satara,11,19.6,56.7,LED TV,1,5.0,0.5098
Satara,2,22.6,22.7,Room Heater,3,1.6,3.1977
Mumbai,6,26.7,86.2,Air Conditioner,2,5.4,14.8597
Satara,10,30.9,59.3,Iron,5,0.9,0.8646
Satara,5,33.8,47.5,Microwave Oven,5,0.9,1.0339
Satara,9,27.3,74.4,Microwave Oven,4,0.9,1.1408
Satara,6,31.4,27.8,Water Heater (Geyser),5,17.4,34.9191
Satara,4,26.6,20.2,LED TV,2,19.5,1.766
Mumbai,10,31.9,70.5,Microwave Oven,4,1.1,1.4274
Satara,8,47.6,76.5,Water Heater (Geyser),5,7.2,18.0527
Mumbai,4,11.8,49.6,Iron,1,19.9,22.2862
Mumbai,7,28.4,95.7,Room Heater,1,2.0,5.3985
Satara,11,22.6,48.7,Iron,1,0.9,1.0743
Mumbai,11,33.8,53.4,LED TV,2,7.5,0.7404
Satara,2,23.8,38.9,Room Heater,3,2.9,5.9087
Satara,10,26.9,65.1,Air Conditioner,2,4.0,10.3986
Satara,8,23.5,82.3,Iron,1,1.2,1.4789
Mumbai,3,23.7,61.1,Microwave Oven,5,1.0,1.0913
Satara,9,25.9,82.3,Microwave Oven,2,0.5,0.7564
Satara,4,45.1,83.2,Air Conditioner,3,8.0,26.5628
Satara,4,30.9,35.2,Desktop Computer,5,7.4,1.5772
Satara,12,20.4,39.6,Desktop Computer,3,7.7,2.0247
Satara,7,25.7,89.6,Iron,2,0.7,0.8352
Satara,7,26.9,79.0,Room Heater,5,1.5,2.8232
Satara,2,23.5,29.0,Air Conditioner,2,6.7,15.3634
Mumbai,10,28.0,74.6,LED TV,4,3.3,0.268
Satara,9,26.1,84.1,Ceiling Fan,5,5.7,0.3582
Mumbai,12,30.6,61.2,Ceiling Fan,3,11.9,1.2382
Mumbai,3,47.3,64.1,Washing Machine,3,19.1,12.0446
Mumbai,8,30.2,86.0,Desktop Computer,3,7.1,2.1357
Mumbai,7,11.8,77.8,Water Heater (Geyser),5,9.5,16.1798
Satara,5,30.0,48.8,Room Heater,2,1.8,4.3006
Mumbai,12,24.5,53.7,Air Conditioner,3,10.8,23.9661
Satara,6,27.3,74.9,Ceiling Fan,2,7.9,0.9383
Mumbai,12,25.5,53.8,Air Conditioner,1,3.1,8.7449
Mumbai,10,32.7,63.4,Ceiling Fan,1,7.6,1.0908
Satara,4,41.4,62.0,Washing Machine,5,14.3,6.372
Satara,8,46.2,66.6,Refrigerator,3,20.6,5.0159
Mumbai,3,12.7,85.3,Room Heater,2,7.6,15.886
Mumbai,10,15.7,55.2,Air Conditioner,3,17.6,31.1721
Mumbai,7,28.4,90.5,Iron,5,1.1,1.1065
Satara,3,26.1,47.1,Iron,4,10.4,10.2088
Satara,3,26.2,39.9,Refrigerator,1,21.1,5.058
Mumbai,9,41.1,33.0,Microwave Oven,5,14.6,16.8839
Satara,3,24.2,31.3,Air Conditioner,3,2.2,4.6317
Mumbai,7,31.9,86.1,Desktop Computer,3,4.0,1.2082
Mumbai,4,30.5,69.8,Room Heater,3,2.3,5.4266
Satara,2,27.0,44.5,Desktop Computer,2,10.0,3.1121
Mumbai,3,28.1,76.4,Room Heater,2,3.5,8.6888
Satara,11,24.0,49.6,Washing Machine,5,1.0,0.3937
Satara,5,31.2,51.2,Water Heater (Geyser),5,0.9,1.8458
Mumbai,5,33.6,74.1,Room Heater,2,1.9,4.8826
Mumbai,6,31.6,85.5,Room Heater,3,5.2,12.3083
Satara,12,20.6,54.2,Desktop Computer,3,2.6,0.7074
Satara,11,28.7,61.6,LED TV,3,6.9,0.6229
Mumbai,6,34.6,83.2,Refrigerator,5,22.4,3.4776
Satara,8,24.5,84.9,Air Conditioner,5,4.2,7.3561
Mumbai,3,27.9,63.7,Room Heater,4,2.4,4.8951
Mumbai,12,26.2,67.8,Iron,2,0.5,0.5739
Mumbai,2,44.1,24.6,Washing Machine,4,8.2,4.1674
Mumbai,2,26.4,63.6,Iron,2,1.3,1.5067
Mumbai,1,23.7,64.5,Water Heater (Geyser),1,0.7,2.019
Satara,6,44.6,57.9,LED TV,1,5.2,0.5839
Satara,4,33.0,38.3,Washing Machine,1,1.2,0.8661
Mumbai,5,13.7,23.1,Refrigerator,5,17.1,1.8277
Mumbai,9,32.2,90.4,Refrigerator,4,23.2,4.3296
Mumbai,2,24.3,22.9,Microwave Oven,3,15.1,19.1005
Mumbai,11,33.5,73.8,Iron,5,1.5,1.4923
Mumbai,10,32.5,77.5,Microwave Oven,5,0.9,1.075
Satara,6,24.7,41.7,Washing Machine,1,19.5,13.6949
Satara,2,26.5,32.5,Ceiling Fan,4,10.8,0.8184
Satara,11,30.3,85.5,Water Heater (Geyser),5,3.6,7.6947
Mumbai,9,31.5,82.0,Microwave Oven,4,1.3,1.6656
Satara,3,32.1,40.7,Ceiling Fan,4,11.8,0.9847
Mumbai,12,30.4,55.9,Room Heater,2,5.6,13.3261
Mumbai,9,19.2,51.8,Ceiling Fan,4,21.8,1.5109
Satara,7,24.5,80.5,Water Heater (Geyser),4,1.3,2.9147
Satara,8,44.4,94.8,Air Conditioner,3,19.2,65.469
Satara,8,24.2,85.8,Washing Machine,5,1.1,0.4589
Satara,1,25.4,48.9,Desktop Computer,4,4.7,1.1418
Mumbai,12,47.0,33.5,Air Conditioner,2,3.6,12.7413
Satara,9,22.5,76.7,Microwave Oven,1,1.3,2.0084
Satara,2,28.1,46.0,Water Heater (Geyser),4,0.8,1.7761
Satara,9,43.3,29.0,Air Conditioner,3,15.2,44.9906
Mumbai,11,30.9,66.6,Iron,2,0.9,1.053
Mumbai,9,29.4,82.1,Washing Machine,3,1.0,0.589
Satara,5,44.2,65.5,Water Heater (Geyser),2,23.0,75.6045
Satara,5,28.1,53.3,Washing Machine,2,1.3,0.8306
Satara,4,28.3,30.9,Air Conditioner,3,8.5,19.5969
Satara,12,23.2,57.8,Water Heater (Geyser),2,2.8,7.3649
Mumbai,1,23.7,53.0,Desktop Computer,5,3.6,0.7452
Satara,8,22.9,82.0,Room Heater,1,3.0,7.6984
Mumbai,1,25.9,58.3,Refrigerator,1,20.3,5.0441
Satara,11,21.9,30.2,Air Conditioner,3,7.3,14.7416
Mumbai,6,25.1,51.0,Microwave Oven,1,22.2,33.7551
Satara,1,19.7,51.4,Washing Machine,4,0.6,0.2818
Mumbai,1,23.8,65.2,Iron,3,0.9,0.976
Satara,6,28.4,71.0,Microwave Oven,5,1.2,1.3883
Satara,2,25.4,47.2,Ceiling Fan,3,15.4,1.454
Mumbai,11,31.6,65.6,Microwave Oven,1,0.9,1.4541
Mumbai,10,19.4,18.9,Water Heater (Geyser),1,15.0,38.5182
Mumbai,12,45.5,56.8,Refrigerator,5,4.6,0.774
Satara,7,23.4,52.9,Air Conditioner,1,8.5,22.2268
Satara,4,24.0,16.0,Washing Machine,5,9.4,3.4999
Satara,12,24.3,44.0,Room Heater,2,3.9,8.6347
Mumbai,2,27.2,58.4,Water Heater (Geyser),1,0.5,1.4934
Satara,5,31.8,48.0,Refrigerator,5,22.5,3.2337
Satara,6,26.9,85.8,Refrigerator,1,23.0,6.0306
Mumbai,1,40.5,89.3,Microwave Oven,3,10.0,15.0466
Mumbai,5,34.4,59.6,Iron,1,0.7,0.8794
Satara,12,30.6,53.0,LED TV,3,15.8,1.3975
Satara,10,14.8,81.5,Iron,1,11.6,14.005
Mumbai,9,31.1,80.5,Water Heater (Geyser),1,1.6,5.2417
Satara,9,22.3,86.7,Refrigerator,4,20.9,3.4552
Satara,7,26.1,88.9,Air Conditioner,4,7.6,16.1458
Satara,8,21.8,85.0,LED TV,3,19.0,1.6848
Satara,12,22.4,42.6,Iron,4,0.5,0.4849
Satara,12,21.2,46.9,Refrigerator,3,22.2,3.9988
Satara,9,23.2,86.9,Washing Machine,1,12.6,9.321
Satara,8,24.4,87.9,LED TV,5,5.0,0.3659
Mumbai,5,29.9,67.8,Desktop Computer,1,8.5,3.0437
Mumbai,10,29.7,81.6,Water Heater (Geyser),2,1.2,3.4669
Satara,9,19.6,38.1,Desktop Computer,1,11.1,3.63
Mumbai,11,31.1,27.5,Microwave Oven,2,14.1,19.5595
Satara,12,41.3,47.4,Washing Machine,3,20.2,12.2606
Satara,4,24.0,22.0,Water Heater (Geyser),2,23.0,56.7637
Satara,11,24.8,62.1,Desktop Computer,3,6.1,1.7283
Satara,8,25.4,77.6,Water Heater (Geyser),1,0.6,1.8095
Satara,7,24.0,83.9,Microwave Oven,4,0.8,1.0096
Satara,5,46.9,21.8,Ceiling Fan,3,17.0,2.0827
Satara,1,30.9,70.6,Washing Machine,2,10.0,6.6586
Mumbai,9,20.4,88.5,Iron,1,10.8,13.3556
Satara,8,27.3,67.6,Air Conditioner,4,24.0,51.0383
Mumbai,1,34.1,91.1,Washing Machine,3,14.6,9.0233
Mumbai,11,29.4,72.4,Iron,5,0.6,0.5885
Mumbai,5,25.5,17.3,Room Heater,2,5.5,12.249
Satara,12,25.9,59.9,Ceiling Fan,5,9.6,0.5858
Mumbai,9,28.9,87.8,LED TV,2,4.9,0.4974
Satara,9,24.3,80.5,Room Heater,4,4.1,8.3328
Mumbai,6,32.4,81.8,Ceiling Fan,5,8.7,0.6015
Mumbai,4,31.7,72.0,Air Conditioner,1,7.2,23.5984
Mumbai,12,43.3,15.9,Desktop Computer,4,16.8,4.2552
Satara,11,23.3,66.4,LED TV,5,2.6,0.1812
Mumbai,4,45.9,40.1,LED TV,4,10.9,0.9042
Mumbai,1,24.9,60.0,Iron,5,1.4,1.336
Satara,7,27.7,83.5,Water Heater (Geyser),5,2.9,6.0419
Mumbai,4,28.1,30.4,LED TV,5,15.2,1.0249
Mumbai,4,27.9,69.3,Microwave Oven,3,0.5,0.6894
Mumbai,9,28.8,84.2,Ceiling Fan,2,15.1,1.8293
Mumbai,2,11.2,48.9,Air Conditioner,2,2.5,4.4204
Satara,8,25.9,86.1,Washing Machine,1,1.5,1.1404
Mumbai,7,45.7,58.6,Water Heater (Geyser),5,15.0,36.0993
Mumbai,6,45.7,58.9,Washing Machine,1,19.0,15.2978
Satara,4,28.8,40.8,Desktop Computer,2,3.0,0.9194
Satara,4,29.9,46.1,Washing Machine,5,0.9,0.3668
Satara,9,22.9,75.9,Desktop Computer,4,6.5,1.6165
Satara,3,28.2,18.6,Washing Machine,3,1.4,0.7556
Satara,4,32.0,48.6,Microwave Oven,5,1.3,1.491
Satara,2,23.6,67.3,Washing Machine,4,19.7,9.5031
Satara,4,36.8,88.0,Water Heater (Geyser),3,23.4,66.8161
Mumbai,1,22.9,58.6,Iron,3,0.6,0.6462
Mumbai,12,17.7,15.0,Washing Machine,1,23.1,14.8129
Mumbai,8,28.9,79.6,LED TV,2,4.4,0.4442
Mumbai,8,22.0,30.7,Ceiling Fan,1,18.7,2.1998
Satara,12,22.6,42.0,Water Heater (Geyser),3,0.7,1.606
Satara,2,23.4,41.9,Water Heater (Geyser),1,1.0,2.8399
Mumbai,6,25.5,72.5,Desktop Computer,2,5.3,1.7193
Satara,7,25.8,83.2,Air Conditioner,4,10.4,21.3924
Mumbai,9,28.5,87.4,Microwave Oven,3,0.6,0.85
Mumbai,1,26.1,64.0,Iron,4,0.9,0.9185
Satara,3,28.7,34.0,Room Heater,5,1.8,3.2801
Mumbai,10,29.6,69.7,Water Heater (Geyser),5,0.6,1.2675
Mumbai,6,28.3,77.4,Refrigerator,3,21.3,4.3564
Satara,10,25.5,58.0,Microwave Oven,1,1.2,1.8653
Satara,10,37.5,44.6,Air Conditioner,1,6.9,23.9305
Satara,5,28.9,44.9,Water Heater (Geyser),4,1.7,3.7895
Satara,8,40.0,71.9,Desktop Computer,2,19.2,6.792
Mumbai,8,27.8,88.7,Refrigerator,1,22.6,5.9861
Satara,12,29.1,47.3,Room Heater,2,3.0,7.126
Mumbai,12,43.1,16.9,Room Heater,3,13.6,32.5989
Satara,4,32.4,53.1,Refrigerator,5,20.5,3.0132
Mumbai,10,31.5,70.4,Room Heater,5,2.2,4.3164
Mumbai,3,22.8,52.6,Room Heater,5,8.3,14.591
Satara,12,39.8,37.6,Air Conditioner,5,7.3,15.6535
Mumbai,10,45.2,93.6,Ceiling Fan,4,8.8,0.9554
Mumbai,7,29.0,84.8,LED TV,2,4.2,0.4285
Satara,6,23.4,44.6,Microwave Oven,4,1.3,1.5459
Mumbai,6,31.2,92.5,Desktop Computer,3,5.7,1.7017
Satara,3,14.9,88.4,Air Conditioner,4,23.0,37.0948
Satara,8,24.0,87.6,Iron,5,0.7,0.701
Mumbai,4,29.6,69.9,Ceiling Fan,1,14.0,1.9777
Mumbai,10,30.2,80.3,Desktop Computer,1,5.6,2.0698
Mumbai,7,28.2,91.3,Air Conditioner,4,10.6,23.5176
Mumbai,6,31.8,84.1,Water Heater (Geyser),2,1.7,5.0885
Satara,4,28.1,42.3,Iron,3,0.9,0.9633
Mumbai,7,17.3,59.1,Ceiling Fan,2,22.8,2.2472
Satara,3,33.3,84.3,Room Heater,4,1.5,3.4122
Mumbai,4,26.9,62.8,LED TV,1,7.1,0.7541
Mumbai,12,27.6,56.5,Room Heater,5,1.1,2.0065
Satara,8,25.4,91.4,Microwave Oven,2,0.5,0.7464
Mumbai,3,30.2,69.3,Desktop Computer,5,3.1,0.6855
Mumbai,8,15.5,40.8,Room Heater,5,8.6,13.5101
Mumbai,3,11.4,66.5,Air Conditioner,3,6.7,10.8177
Mumbai,2,46.2,19.8,Washing Machine,1,7.5,5.7224
Mumbai,10,30.6,84.5,Water Heater (Geyser),3,0.9,2.4515
Mumbai,4,28.9,62.2,Microwave Oven,2,1.4,2.0677
Satara,8,24.2,85.6,Washing Machine,2,1.0,0.6586
Mumbai,12,27.0,59.3,Desktop Computer,5,2.8,0.6018
Mumbai,7,30.8,83.4,Desktop Computer,4,4.4,1.1883
Mumbai,5,32.9,72.6,Ceiling Fan,3,6.4,0.7084
Mumbai,6,47.6,37.3,Refrigerator,3,22.2,5.1728
Satara,8,15.2,45.3,LED TV,5,8.5,0.5552
Mumbai,4,29.6,60.0,Desktop Computer,3,6.0,1.734
Mumbai,6,29.9,85.9,Iron,1,1.2,1.5471
Satara,7,25.1,92.4,Ceiling Fan,4,9.4,0.7638
Satara,8,24.2,84.9,Desktop Computer,4,2.9,0.7432
Satara,9,32.6,49.8,Refrigerator,3,10.1,2.0804
Mumbai,11,29.1,64.8,Desktop Computer,2,9.8,3.1363
Mumbai,3,15.5,17.7,Desktop Computer,2,11.6,3.1254
Mumbai,7,34.1,74.1,Microwave Oven,3,22.1,31.5428
Mumbai,8,17.7,54.3,Microwave Oven,1,9.2,13.5998
Mumbai,11,22.8,65.0,Air Conditioner,5,9.6,15.6707
Mumbai,5,30.5,79.0,Air Conditioner,3,7.0,18.2786
Mumbai,2,25.4,68.3,Refrigerator,5,20.6,2.837
Mumbai,4,37.1,49.8,Refrigerator,1,7.4,2.0937
Satara,10,28.9,56.8,Ceiling Fan,5,12.5,0.8028
Satara,2,16.6,53.2,Microwave Oven,5,12.9,13.4126
Satara,9,25.9,69.4,Washing Machine,5,0.8,0.3322
Satara,9,18.1,25.8,Room Heater,4,10.1,17.5367
Satara,1,23.2,43.0,Air Conditioner,3,10.1,21.2458
Mumbai,7,22.8,82.8,Microwave Oven,5,9.6,10.928
Mumbai,5,32.8,80.3,Refrigerator,1,21.4,5.9668
Satara,3,25.0,44.2,Washing Machine,5,1.1,0.4336
Satara,8,23.1,86.2,Desktop Computer,4,8.1,2.0621
Satara,5,37.2,64.1,Ceiling Fan,2,8.3,1.128
Satara,9,25.9,73.7,Desktop Computer,3,5.3,1.5312
Satara,11,26.7,45.5,Iron,5,0.9,0.8482
Satara,4,31.4,50.5,Water Heater (Geyser),4,1.4,3.2623
Satara,7,47.8,45.6,Desktop Computer,2,12.2,4.1891
Satara,11,26.9,40.9,Iron,3,0.9,0.9501
Mumbai,8,28.3,90.4,Refrigerator,4,22.6,4.023
Mumbai,11,29.3,66.4,Room Heater,5,5.2,9.9589
Satara,3,31.8,39.5,Air Conditioner,5,7.4,14.0235
Satara,2,28.2,58.4,Iron,1,7.0,8.4356
Mumbai,2,24.4,53.4,Air Conditioner,4,4.4,8.4457
Satara,10,25.1,53.7,Ceiling Fan,2,13.7,1.507
Mumbai,1,27.0,66.7,Water Heater (Geyser),5,0.9,1.8208
Mumbai,6,11.9,88.0,Room Heater,4,21.3,38.4768
Mumbai,9,17.2,69.3,Iron,3,2.4,2.5163
Mumbai,6,29.9,87.9,Microwave Oven,3,1.2,1.7356
Satara,5,29.2,66.9,Water Heater (Geyser),4,3.0,7.0484
Satara,1,19.1,53.7,LED TV,3,3.7,0.3103
Satara,5,29.9,51.8,Iron,1,1.5,1.8202
Satara,9,24.7,71.3,Ceiling Fan,1,13.6,1.7882
Mumbai,8,28.9,86.7,Ceiling Fan,5,10.7,0.7278
Mumbai,11,18.5,66.1,LED TV,4,9.5,0.7323
Mumbai,3,25.9,52.6,Room Heater,2,2.1,4.8355
Satara,10,21.7,68.4,Iron,1,7.3,8.7706
Satara,3,38.4,40.9,Desktop Computer,3,19.3,5.5647
Mumbai,9,31.4,81.3,Air Conditioner,2,4.9,14.7332
Mumbai,12,24.2,68.6,LED TV,1,4.8,0.5084
Satara,4,29.4,53.4,Air Conditioner,5,7.3,13.4345
Satara,2,25.5,40.9,Refrigerator,3,20.1,3.7807
Satara,8,25.6,89.0,LED TV,1,7.4,0.8103
Satara,1,17.5,41.1,Iron,1,1.5,1.7178
Satara,5,31.7,69.3,Desktop Computer,2,3.6,1.1862
Satara,6,29.4,83.9,Air Conditioner,4,8.7,19.7015
Mumbai,5,30.7,86.8,Washing Machine,3,1.1,0.65
Satara,9,26.7,72.7,Air Conditioner,4,2.1,4.4334
Mumbai,12,26.9,73.9,Desktop Computer,5,3.9,0.858
Satara,12,39.3,44.2,Iron,1,23.8,29.38
Satara,5,29.5,54.5,Desktop Computer,3,7.6,2.1635
Mumbai,9,30.3,86.1,Water Heater (Geyser),1,2.5,8.1391
Mumbai,8,29.8,84.1,Microwave Oven,3,1.3,1.8199
Satara,11,23.7,50.3,Room Heater,5,3.8,6.6895
Mumbai,1,24.7,27.8,Microwave Oven,1,1.0,1.4572
Satara,12,28.0,55.0,Desktop Computer,2,5.1,1.63
Satara,4,28.4,54.7,Water Heater (Geyser),1,2.4,7.1584
Satara,4,29.5,50.3,Iron,2,1.4,1.6195
Satara,8,25.6,92.6,Iron,5,1.4,1.4028
Mumbai,2,38.4,83.1,Room Heater,4,7.2,16.8781
Satara,6,29.7,71.3,Desktop Computer,3,8.9,2.5779
Satara,1,20.1,39.0,Room Heater,1,4.8,11.0048
Satara,3,28.3,45.3,Water Heater (Geyser),4,0.7,1.5607
Mumbai,5,31.6,61.4,Air Conditioner,1,11.5,36.6947
Satara,10,25.4,66.2,Ceiling Fan,1,13.6,1.7443
Satara,10,33.5,59.2,Washing Machine,2,1.6,1.0708
Satara,6,29.6,78.9,LED TV,5,4.5,0.3363
Mumbai,5,32.2,81.7,Microwave Oven,2,1.1,1.7067
Satara,6,44.7,53.7,Iron,2,4.5,5.5215
Satara,8,25.4,81.1,LED TV,1,7.1,0.7579
Satara,8,25.4,79.2,Microwave Oven,3,0.6,0.8312
Satara,6,30.4,72.0,Water Heater (Geyser),2,0.7,2.0117
Satara,4,32.4,42.4,Air Conditioner,4,6.6,14.7943
Mumbai,6,30.8,83.4,Microwave Oven,5,0.4,0.4714
Mumbai,4,33.8,60.2,Microwave Oven,5,1.2,1.4133
Satara,3,29.1,51.9,Water Heater (Geyser),1,1.5,4.5618
Mumbai,1,24.0,61.8,LED TV,1,4.3,0.4511
Satara,7,24.8,84.8,Washing Machine,4,1.5,0.7447
Mumbai,1,16.9,83.9,Ceiling Fan,3,22.7,1.9017
Satara,2,12.0,19.1,Desktop Computer,2,16.2,4.3502
Satara,6,25.0,66.8,Room Heater,2,2.5,5.9145
Mumbai,3,29.2,70.6,Desktop Computer,5,5.4,1.1915
Satara,2,24.3,39.4,LED TV,1,5.2,0.5206
Satara,3,23.2,30.4,Water Heater (Geyser),3,1.5,3.421
Mumbai,6,31.2,87.9,Washing Machine,5,1.2,0.5319
Satara,8,43.3,31.6,Iron,1,21.2,26.483
Satara,5,29.6,56.0,Iron,1,0.4,0.4901
Satara,6,20.6,21.7,Iron,2,16.4,17.2932
Mumbai,11,31.8,51.6,Iron,5,1.3,1.2512
Mumbai,7,10.4,70.7,Refrigerator,2,15.1,2.698
Satara,8,24.5,84.1,Refrigerator,1,22.2,5.6907
Satara,1,16.6,63.5,Air Conditioner,4,5.2,8.4016
Mumbai,12,16.9,82.9,Ceiling Fan,2,4.3,0.426
Satara,9,25.4,89.0,Air Conditioner,5,18.3,32.5312
Mumbai,3,29.4,60.8,Refrigerator,1,23.3,6.1497
Mumbai,4,32.6,79.4,Iron,2,0.8,0.972
Mumbai,7,30.9,85.8,Ceiling Fan,3,9.6,1.0264
Satara,11,13.2,60.9,Desktop Computer,2,22.4,6.5309
Satara,9,26.4,79.8,Iron,5,0.9,0.8909
Mumbai,3,28.8,56.0,Ceiling Fan,3,11.0,1.0997
Satara,2,32.3,93.4,Refrigerator,2,23.4,5.8964
Satara,7,34.3,44.1,Iron,1,22.4,27.248
Satara,12,32.0,43.9,Refrigerator,3,1.5,0.311
Satara,9,24.1,79.7,Water Heater (Geyser),4,2.6,5.8062
Satara,8,21.8,73.4,Refrigerator,1,21.1,5.2297
Satara,12,18.2,92.7,LED TV,1,20.5,2.1981
Satara,3,38.3,50.8,Washing Machine,5,18.4,7.8492
Satara,11,26.6,44.0,Air Conditioner,5,7.7,13.2442
Mumbai,4,30.8,68.3,Air Conditioner,5,10.1,19.3964
Mumbai,12,26.4,64.3,Iron,5,0.5,0.4851
Mumbai,11,25.3,38.0,Room Heater,1,6.7,16.2702
Satara,3,46.5,28.5,Iron,3,4.0,4.427
Mumbai,5,27.7,86.8,Water Heater (Geyser),2,4.0,11.4544
Satara,3,26.2,24.2,LED TV,2,4.4,0.3964
Satara,12,22.4,53.7,Microwave Oven,2,0.9,1.2511
Mumbai,1,26.0,54.5,Ceiling Fan,4,9.1,0.7048
Satara,5,28.2,60.9,Refrigerator,2,21.0,4.7721
Mumbai,10,33.1,76.0,LED TV,2,2.1,0.2155
Satara,7,24.9,66.9,Microwave Oven,4,22.9,28.0786
Mumbai,2,28.5,65.5,Ceiling Fan,1,8.0,1.0929
Mumbai,12,28.4,61.2,Ceiling Fan,4,10.8,0.8949
Mumbai,10,10.4,88.4,Room Heater,1,16.6,37.2122
Satara,8,33.7,58.4,Room Heater,3,6.7,15.5914
Mumbai,1,14.2,56.3,Microwave Oven,5,6.8,7.1408
Satara,12,28.2,41.1,Water Heater (Geyser),3,2.0,4.8925
Satara,7,34.5,30.2,Desktop Computer,1,10.8,3.7519
Satara,3,30.9,26.4,Ceiling Fan,1,10.2,1.3493
Mumbai,10,29.2,77.1,Desktop Computer,5,9.9,2.195
Satara,1,27.8,28.4,Ceiling Fan,2,10.3,1.1326
Mumbai,12,30.1,70.8,LED TV,4,6.2,0.513
Satara,3,19.0,68.4,Microwave Oven,3,18.5,23.8321
Mumbai,7,25.2,80.6,Desktop Computer,1,3.5,1.2513
Mumbai,8,36.4,33.5,Ceiling Fan,2,20.7,2.6714
Mumbai,11,29.0,54.8,Water Heater (Geyser),4,1.5,3.3889
Mumbai,1,25.0,57.7,LED TV,4,2.2,0.1712
Mumbai,5,29.4,65.0,Water Heater (Geyser),3,1.4,3.6912
Satara,9,22.7,77.7,Desktop Computer,1,6.2,2.174
Mumbai,7,29.6,95.1,Washing Machine,4,0.7,0.3662
Satara,1,21.5,49.5,Room Heater,1,5.4,12.922
Satara,5,29.8,59.5,Microwave Oven,3,1.3,1.7862
Mumbai,8,28.9,83.7,Room Heater,1,5.6,15.0799
Satara,5,22.3,92.3,Water Heater (Geyser),2,11.9,32.7448
Satara,5,30.0,44.7,Air Conditioner,1,4.9,14.9539
Satara,7,16.4,37.9,Refrigerator,2,7.2,1.3537
Mumbai,1,33.7,77.5,Desktop Computer,1,14.1,5.2518
Mumbai,8,29.0,84.4,Refrigerator,5,21.9,3.2609
Mumbai,10,28.9,71.8,Water Heater (Geyser),5,1.4,2.8597
Mumbai,4,11.6,84.6,Ceiling Fan,4,16.4,1.0178
Satara,12,19.5,48.7,Water Heater (Geyser),2,2.6,6.4255
Satara,9,47.9,42.3,Room Heater,5,15.6,33.2111
Mumbai,8,29.6,96.6,Refrigerator,4,22.1,4.1055
Satara,11,30.7,39.9,Refrigerator,1,20.7,5.4175
Mumbai,11,31.4,70.7,Room Heater,5,3.2,6.2676
Mumbai,11,16.6,79.9,Water Heater (Geyser),3,6.6,14.9726
Satara,12,18.8,49.9,Microwave Oven,2,0.6,0.8126
Satara,12,20.7,54.1,Ceiling Fan,4,11.6,0.8438
Mumbai,12,19.1,40.3,Air Conditioner,3,18.5,34.7959
Satara,10,15.8,42.5,Room Heater,2,18.1,38.1433
Satara,6,30.2,24.8,Air Conditioner,1,11.6,34.3074
Satara,5,31.7,58.0,Desktop Computer,4,7.8,1.9721
Satara,7,26.3,76.3,Room Heater,4,3.8,7.7274
Satara,2,30.9,24.2,Microwave Oven,4,13.5,16.0703
Mumbai,7,29.9,91.1,Iron,2,0.6,0.7263
Mumbai,12,28.7,62.6,Iron,4,0.5,0.5117
Mumbai,12,27.4,65.7,Refrigerator,4,23.9,4.0609
Satara,1,23.1,38.6,Ceiling Fan,4,14.2,1.0196
Mumbai,5,13.4,67.2,Refrigerator,2,11.9,2.2276
Mumbai,9,29.1,86.6,Iron,3,0.6,0.682
Satara,3,28.4,41.3,Refrigerator,3,22.6,4.3173
Mumbai,10,29.5,76.7,Iron,2,1.5,1.7667
Mumbai,4,31.8,71.2,Refrigerator,5,22.4,3.3554
Mumbai,12,38.4,51.6,Water Heater (Geyser),4,2.3,5.6823
Mumbai,3,45.8,75.4,Microwave Oven,4,5.4,7.6039
Satara,7,26.9,81.3,Ceiling Fan,5,7.5,0.4834
Satara,2,22.8,45.4,LED TV,1,4.5,0.462
Satara,11,27.0,32.9,Ceiling Fan,3,7.5,0.6958
Mumbai,3,24.4,55.9,Desktop Computer,1,3.5,1.2047
Mumbai,7,28.6,83.9,Water Heater (Geyser),3,1.4,3.7016
Mumbai,2,27.0,73.2,Room Heater,1,16.8,44.0478
Satara,6,30.5,68.6,Room Heater,3,5.3,12.1302
Mumbai,5,30.6,68.2,Air Conditioner,3,5.4,13.6918
Mumbai,12,26.9,72.5,Microwave Oven,5,0.7,0.7988
Mumbai,6,31.3,85.4,LED TV,1,6.0,0.6697
Satara,2,20.4,41.2,Air Conditioner,3,7.2,14.0599
Mumbai,7,30.1,87.4,Air Conditioner,3,9.1,23.8628
Satara,12,25.4,40.3,Microwave Oven,4,0.4,0.4835
Satara,7,26.3,88.1,Room Heater,5,3.0,5.7225
Mumbai,10,30.5,76.5,Room Heater,5,4.5,8.8871
Satara,7,25.3,83.7,Washing Machine,2,1.5,1.0078
Mumbai,4,30.0,59.1,Washing Machine,1,1.2,0.8814
Satara,7,23.0,85.6,Iron,4,1.2,1.2726
Mumbai,1,24.8,63.9,Refrigerator,2,23.8,5.2252
Mumbai,8,27.7,88.0,LED TV,1,7.9,0.8786
Mumbai,10,30.1,75.3,Desktop Computer,4,4.9,1.2796
Mumbai,10,35.1,54.4,Refrigerator,4,9.6,1.7528
Mumbai,5,33.2,83.7,Refrigerator,5,21.9,3.3833
Satara,6,29.7,75.0,Washing Machine,2,1.2,0.8061
Satara,9,28.5,79.4,Ceiling Fan,3,11.7,1.2054
Mumbai,4,30.4,61.2,Microwave Oven,4,0.6,0.7515
Satara,11,26.2,52.3,Refrigerator,1,22.6,5.6285
Satara,2,25.3,31.3,Refrigerator,5,21.0,2.6965
Satara,4,29.3,50.4,Water Heater (Geyser),5,0.9,1.7848
Satara,9,23.3,80.7,Microwave Oven,3,0.5,0.6748
Satara,5,34.5,69.5,Refrigerator,2,22.6,5.7285
Mumbai,5,34.9,64.8,Water Heater (Geyser),4,2.8,6.97
Satara,2,26.7,35.4,Washing Machine,5,1.7,0.6615
Satara,6,23.1,65.4,Desktop Computer,4,9.0,2.2123
Mumbai,11,10.4,91.5,Microwave Oven,2,7.6,10.5741
Mumbai,9,23.3,41.4,Iron,3,18.1,18.5657
Satara,5,16.4,79.4,LED TV,2,4.9,0.4687
Mumbai,12,27.7,62.2,Desktop Computer,1,3.3,1.1652
Mumbai,2,24.4,59.6,LED TV,2,5.8,0.5588
Mumbai,6,21.0,29.7,Desktop Computer,1,16.3,5.3042
Mumbai,3,29.9,77.3,Air Conditioner,5,9.4,18.1623
Satara,9,25.8,76.9,Ceiling Fan,5,12.3,0.7726
Mumbai,5,17.4,55.2,Desktop Computer,1,10.6,3.4451
Mumbai,11,27.0,62.5,Washing Machine,1,1.2,0.8766
Satara,12,24.5,54.5,Refrigerator,4,20.8,3.3644
Mumbai,4,28.8,67.7,Refrigerator,2,22.4,5.2334
Mumbai,1,24.0,53.7,Iron,2,1.4,1.5727
Mumbai,2,26.4,48.2,Washing Machine,5,0.6,0.2394
Mumbai,1,28.0,51.1,Washing Machine,3,1.3,0.7342
Satara,4,30.0,51.5,Air Conditioner,4,10.1,21.7267
Satara,2,43.4,53.0,Ceiling Fan,1,4.6,0.7483
Mumbai,8,30.0,88.7,Air Conditioner,3,5.9,15.1831
Mumbai,2,23.9,70.0,Ceiling Fan,3,9.5,0.8878
Satara,10,35.2,80.5,Washing Machine,4,0.6,0.3099
Satara,9,26.6,83.9,Air Conditioner,2,7.7,20.5424
Mumbai,5,23.6,33.4,LED TV,4,14.1,1.0618
Mumbai,5,31.2,77.0,LED TV,3,4.1,0.3778
Satara,2,23.6,43.5,Microwave Oven,4,0.6,0.7006
Satara,8,25.9,86.5,Ceiling Fan,1,5.7,0.7661
Satara,7,24.7,82.2,Room Heater,2,4.5,11.0264
Satara,8,24.4,80.7,Desktop Computer,2,4.7,1.4798
Mumbai,1,26.3,58.8,Desktop Computer,4,6.4,1.5754
Mumbai,9,27.7,86.1,Room Heater,4,1.3,2.717
Satara,10,21.7,42.8,Air Conditioner,3,9.7,19.5782
Mumbai,1,25.1,53.5,Microwave Oven,1,0.4,0.6181
Mumbai,12,25.2,59.0,Desktop Computer,2,5.9,1.8646
Mumbai,1,32.4,64.1,Iron,1,15.5,19.4984
Satara,8,23.6,88.8,LED TV,4,5.6,0.4547
Satara,3,33.2,65.9,Iron,5,8.5,8.3877
Mumbai,1,26.5,55.4,Washing Machine,4,2.0,0.9598
Satara,4,30.8,58.3,Room Heater,3,2.6,5.7931
Satara,7,33.4,67.1,Refrigerator,2,1.9,0.4629
Mumbai,9,28.3,90.4,Refrigerator,1,23.9,6.4888
Mumbai,11,13.7,15.0,Microwave Oven,2,14.5,18.198
Satara,6,12.5,83.0,Water Heater (Geyser),5,12.3,21.3042
Satara,4,26.9,39.3,Desktop Computer,4,8.3,2.0256
Satara,7,36.7,69.7,Iron,2,11.1,13.3406
Mumbai,10,44.4,58.1,Desktop Computer,3,4.5,1.4014
Mumbai,9,27.7,80.4,Microwave Oven,1,1.0,1.6162
Mumbai,3,23.6,27.0,Air Conditioner,2,12.5,29.2063
Satara,5,35.8,63.3,Air Conditioner,5,10.2,21.8262
Satara,6,28.7,29.0,Air Conditioner,4,5.3,10.7629
Mumbai,4,43.8,85.5,Water Heater (Geyser),2,18.3,61.0995
Satara,6,22.5,24.4,Microwave Oven,3,16.8,20.5497
Satara,10,28.4,58.0,Air Conditioner,4,6.4,13.3538
Satara,9,26.9,83.8,LED TV,3,4.5,0.4084
Mumbai,3,15.1,66.6,Ceiling Fan,1,8.5,0.9189
Satara,8,24.7,86.6,Room Heater,4,5.5,11.3732
Satara,4,18.5,66.4,Refrigerator,4,17.1,2.5539
Satara,6,38.4,59.4,Water Heater (Geyser),3,18.4,51.4637
Satara,1,22.8,54.1,Washing Machine,3,1.8,0.9956
Satara,4,29.1,42.2,Iron,2,1.2,1.3617
Mumbai,7,29.2,89.0,Water Heater (Geyser),1,1.1,3.5424
Mumbai,9,30.7,84.5,Microwave Oven,3,0.4,0.5649
Mumbai,11,27.4,70.2,Ceiling Fan,3,6.8,0.6833
Mumbai,7,29.8,81.4,Refrigerator,2,20.7,4.9834
Mumbai,10,32.3,80.4,Washing Machine,4,1.3,0.6745
Mumbai,9,28.1,88.4,LED TV,3,7.1,0.6681
Satara,7,25.3,89.3,Microwave Oven,2,0.4,0.6066
Mumbai,6,46.0,76.2,Desktop Computer,5,17.7,4.3033
Satara,10,26.1,54.9,Iron,5,0.8,0.7619
Satara,11,21.2,61.8,Refrigerator,3,21.0,3.7325
Satara,2,45.8,67.6,Desktop Computer,1,16.6,6.5055
Satara,11,22.0,64.0,Room Heater,1,3.8,9.2525
Mumbai,10,33.9,70.6,Air Conditioner,5,10.2,20.9462
Satara,9,25.0,76.7,Desktop Computer,5,6.0,1.3152
Satara,7,26.3,82.3,Desktop Computer,5,2.8,0.6142
Satara,8,25.8,87.7,LED TV,2,4.4,0.4352
Satara,9,25.6,76.3,Refrigerator,5,23.5,3.2229
Mumbai,11,31.2,66.3,Desktop Computer,5,8.3,1.8469
Mumbai,3,27.7,62.0,Air Conditioner,4,11.3,23.8746
Mumbai,5,33.2,81.9,Water Heater (Geyser),2,2.8,8.538
Mumbai,11,27.9,62.1,Air Conditioner,4,7.8,16.5985
Satara,2,32.8,63.2,Air Conditioner,4,14.2,33.2342
Satara,12,24.5,16.5,Ceiling Fan,2,20.0,2.0693
Satara,5,45.6,22.7,Microwave Oven,3,5.7,8.0356
Mumbai,2,13.9,47.8,Desktop Computer,1,22.4,7.1823
Satara,11,28.4,49.6,Ceiling Fan,1,9.7,1.2969
Satara,6,26.2,67.4,Refrigerator,3,20.1,3.9778
Mumbai,1,43.6,50.9,Microwave Oven,2,12.5,19.6218
Satara,9,24.9,73.2,Refrigerator,1,22.8,5.725
Mumbai,3,29.1,75.5,Desktop Computer,2,6.2,2.0319
Mumbai,9,30.6,79.2,Air Conditioner,5,9.5,18.6865
Mumbai,5,32.6,62.6,Water Heater (Geyser),4,1.5,3.5709
Satara,11,26.3,42.0,Iron,4,0.6,0.5985
Satara,2,24.9,23.5,Room Heater,3,4.8,9.6299
Satara,12,25.9,56.7,Microwave Oven,5,0.5,0.5599
Satara,5,24.5,78.6,Iron,4,3.4,3.5199
Satara,3,47.9,52.0,Desktop Computer,1,1.1,0.4326
Satara,10,40.5,54.5,Desktop Computer,5,2.1,0.4748
Satara,10,23.1,68.8,Refrigerator,2,21.3,4.5823
Mumbai,11,34.1,79.4,LED TV,1,23.1,2.6121
Mumbai,6,32.4,77.3,Desktop Computer,1,5.9,2.1749
Mumbai,4,39.7,27.1,Washing Machine,3,15.7,8.9053
Satara,4,30.5,49.3,Ceiling Fan,3,8.2,0.8343
Mumbai,10,29.8,54.7,Ceiling Fan,4,5.5,0.4577
Mumbai,7,30.2,89.2,LED TV,4,7.6,0.6423
Mumbai,7,30.5,89.6,Iron,4,1.4,1.5123
Mumbai,4,29.2,91.7,Room Heater,3,4.6,10.8947
Mumbai,7,29.8,84.7,Refrigerator,4,20.5,3.7348
Satara,3,26.9,45.0,LED TV,4,7.0,0.5371
Mumbai,7,29.3,92.7,Air Conditioner,3,8.2,21.1107
Satara,10,25.6,66.5,Washing Machine,1,1.1,0.7862
Satara,12,25.7,47.9,Air Conditioner,4,5.9,11.5662
Mumbai,4,30.2,57.6,Desktop Computer,1,9.5,3.3689
Mumbai,8,29.9,91.3,Iron,3,0.8,0.9026
Mumbai,8,27.3,88.4,Water Heater (Geyser),5,0.8,1.6678
Mumbai,4,31.1,66.5,Desktop Computer,2,2.7,0.8882
Satara,5,29.0,51.4,Iron,5,0.5,0.4761
Satara,1,33.1,43.4,Microwave Oven,4,17.1,20.9761
Mumbai,4,16.1,49.8,Refrigerator,2,9.9,1.8787
Satara,11,22.7,50.1,Washing Machine,5,1.1,0.4258
Mumbai,1,31.2,42.5,Room Heater,5,17.6,32.6355
Mumbai,3,31.9,48.9,Washing Machine,5,12.6,5.2146
Mumbai,1,25.1,67.5,Desktop Computer,3,8.2,2.2859
Mumbai,10,32.9,94.3,Washing Machine,1,13.4,10.6546
Satara,7,25.7,89.7,Refrigerator,2,20.3,4.6234
Mumbai,11,28.2,77.1,Iron,1,1.2,1.4944
Satara,5,37.0,55.3,Desktop Computer,1,21.8,8.048
Satara,8,25.1,75.0,Water Heater (Geyser),2,1.3,3.5561
Satara,10,27.6,57.8,LED TV,5,2.6,0.1856
Satara,6,34.6,23.7,Ceiling Fan,5,15.0,0.9769
Satara,9,28.5,79.6,Iron,1,1.0,1.2576
Mumbai,3,32.4,66.0,Air Conditioner,4,2.6,5.9399
Mumbai,9,37.1,47.8,LED TV,2,17.3,1.7645
Satara,8,23.6,91.5,Desktop Computer,4,7.2,1.8207
Satara,2,20.2,32.5,Iron,5,0.4,0.351
Satara,4,30.2,46.5,Air Conditioner,1,4.6,13.6071
Satara,4,29.6,34.8,Microwave Oven,3,1.4,1.8127
Satara,11,25.9,54.9,Washing Machine,5,1.2,0.4828
Mumbai,2,38.7,52.9,Water Heater (Geyser),2,5.8,17.9245
Satara,5,31.6,44.6,Desktop Computer,2,7.4,2.3483
Satara,10,30.5,82.4,LED TV,2,7.8,0.7935
Mumbai,7,37.0,27.4,Iron,2,13.2,14.9517
Satara,10,38.9,31.0,Ceiling Fan,2,0.8,0.1047
Mumbai,5,31.6,72.5,Iron,4,1.3,1.3794
Mumbai,3,32.4,57.0,Washing Machine,3,5.3,3.1232
Satara,2,19.6,38.3,Ceiling Fan,1,9.7,1.096
Mumbai,5,37.2,46.3,Ceiling Fan,4,18.5,1.6443
Mumbai,5,36.3,22.5,Desktop Computer,3,22.5,6.2214
Mumbai,8,19.7,39.3,Water Heater (Geyser),3,14.6,31.7406
Satara,2,25.0,72.8,Ceiling Fan,5,9.1,0.5564
Satara,1,19.4,56.9,LED TV,5,6.0,0.4102
Mumbai,11,29.3,74.8,LED TV,5,6.6,0.4857
Satara,6,13.7,83.1,Air Conditioner,5,1.7,2.3184
Satara,1,33.7,61.8,Room Heater,1,14.6,39.8654
Mumbai,9,34.1,47.4,Room Heater,4,11.4,24.002
Mumbai,4,42.7,71.0,Refrigerator,3,13.4,3.251
Mumbai,2,36.8,51.4,Air Conditioner,1,16.2,55.2582
Satara,7,35.9,52.0,Room Heater,5,6.8,13.3015
Satara,1,36.9,84.8,LED TV,5,14.1,1.0821
Satara,6,28.2,76.1,Iron,5,1.0,0.9957
Mumbai,5,33.1,58.9,Room Heater,1,4.5,11.8676
Mumbai,9,30.4,93.0,Desktop Computer,5,7.2,1.653
Mumbai,2,31.2,42.8,Washing Machine,5,22.4,9.0981
Satara,6,28.8,85.0,Water Heater (Geyser),1,1.8,5.7082
Satara,12,21.8,58.0,Air Conditioner,3,2.5,5.1699
Mumbai,3,26.8,66.3,Water Heater (Geyser),1,0.5,1.4965
Mumbai,7,38.2,55.5,Refrigerator,3,4.3,0.9558
Satara,11,25.0,37.5,Desktop Computer,4,3.4,0.8121
Mumbai,4,12.1,67.5,Microwave Oven,4,20.2,23.4271
Satara,12,26.5,69.3,Refrigerator,1,22.6,5.8179
Mumbai,8,29.0,89.0,Air Conditioner,1,4.0,12.6988
Mumbai,2,26.1,65.5,Washing Machine,2,0.7,0.4587
Satara,7,27.5,81.8,Desktop Computer,2,7.5,2.4428
Satara,10,27.0,48.7,Desktop Computer,5,4.9,1.0331
Mumbai,10,28.5,54.6,Ceiling Fan,4,18.5,1.4857
Satara,4,32.4,42.0,Refrigerator,1,20.1,5.312
Satara,3,23.0,58.1,Desktop Computer,1,7.6,2.6292
Mumbai,3,13.8,54.7,Microwave Oven,3,16.7,20.9091
Satara,11,47.5,73.3,Washing Machine,1,18.9,15.6701
Mumbai,2,20.4,91.5,Washing Machine,2,22.9,14.8278
Mumbai,7,29.2,90.0,Room Heater,3,4.6,10.8018
Satara,4,31.6,45.8,Washing Machine,2,1.4,0.9159
Satara,4,30.1,35.1,Room Heater,2,5.4,12.6958
Satara,9,27.5,72.8,Ceiling Fan,4,7.3,0.5995
Mumbai,8,40.3,73.1,LED TV,5,2.4,0.1833
Satara,2,25.6,41.7,Iron,1,0.7,0.8129
Mumbai,10,30.6,72.8,Washing Machine,5,0.7,0.2973
Satara,8,26.7,72.7,Room Heater,2,1.4,3.4005
Satara,1,20.4,46.6,Desktop Computer,3,4.2,1.1346
Satara,8,43.1,57.1,Washing Machine,1,21.4,16.6497
Mumbai,3,27.2,83.9,Iron,4,1.0,1.0623
Mumbai,3,10.3,34.2,Iron,4,2.9,2.6747
Mumbai,1,27.2,58.5,Ceiling Fan,1,7.1,0.9454
Satara,4,29.3,40.9,Water Heater (Geyser),5,2.1,4.1259
Mumbai,4,30.8,67.1,Water Heater (Geyser),5,2.4,4.9623
Satara,8,27.6,15.2,LED TV,2,1.6,0.1442
Mumbai,4,10.4,49.2,Room Heater,3,10.1,18.3807
Mumbai,5,33.9,85.9,Microwave Oven,4,0.4,0.5436
Mumbai,11,30.6,78.0,LED TV,4,7.7,0.6419
Mumbai,11,10.7,54.2,Refrigerator,5,11.0,1.1576
Mumbai,9,29.5,84.8,Water Heater (Geyser),1,1.9,6.0198
Mumbai,4,36.2,47.7,Washing Machine,5,5.3,2.1956
Mumbai,4,22.3,81.8,LED TV,1,18.4,1.9783
Mumbai,1,25.3,74.0,Washing Machine,2,1.4,0.9091
Mumbai,11,38.9,25.2,Room Heater,2,16.8,42.0837
Satara,7,24.2,86.7,Washing Machine,5,1.7,0.7158
Satara,1,25.4,75.4,Air Conditioner,2,0.9,2.3346
Mumbai,7,47.2,50.0,Refrigerator,1,11.6,3.7021
Mumbai,1,23.6,68.6,Room Heater,3,3.7,7.9368
Satara,11,27.9,53.9,Room Heater,1,3.6,9.2704
Mumbai,3,31.7,51.0,Refrigerator,5,20.9,2.957
Satara,10,25.6,62.7,Refrigerator,4,23.4,3.8376
Mumbai,3,24.2,53.4,Microwave Oven,1,0.5,0.7723
Mumbai,1,25.6,65.3,Room Heater,4,4.7,9.3663
Mumbai,11,32.1,66.8,Iron,5,0.6,0.6022
Mumbai,7,28.1,87.4,Ceiling Fan,2,13.9,1.6561
Mumbai,7,39.3,79.3,Iron,3,6.4,7.4278
Mumbai,10,31.0,80.7,Desktop Computer,1,6.2,2.3235
Mumbai,4,32.1,78.6,Ceiling Fan,2,5.6,0.7188
Satara,2,23.0,41.1,LED TV,2,3.1,0.2874
Mumbai,2,47.1,83.3,Water Heater (Geyser),5,12.2,30.3083
Mumbai,1,30.0,57.2,Washing Machine,4,1.1,0.5511
Satara,9,27.1,81.7,Water Heater (Geyser),5,0.9,1.8635
Satara,7,24.4,84.2,Ceiling Fan,2,8.7,0.9935
Mumbai,3,25.6,63.1,Refrigerator,2,23.3,5.189
Mumbai,1,25.4,62.8,Washing Machine,1,1.8,1.3022
Satara,9,25.1,73.1,Desktop Computer,1,5.8,2.0665
Satara,5,32.2,57.0,LED TV,4,6.3,0.5071
Mumbai,11,42.7,64.3,Iron,1,23.7,30.4184
Satara,1,23.1,34.7,Room Heater,2,4.4,9.5134
Mumbai,10,40.4,41.6,Room Heater,5,7.2,14.4173
Satara,5,32.0,45.8,Ceiling Fan,2,4.1,0.4966
Mumbai,10,39.1,89.8,Air Conditioner,2,1.7,5.9461
Mumbai,5,31.7,68.8,Desktop Computer,2,5.9,1.9402
Mumbai,9,27.0,78.7,Room Heater,5,3.7,7.0267
Satara,12,21.8,51.1,Water Heater (Geyser),4,1.4,2.8968
Mumbai,10,30.4,69.7,Microwave Oven,4,0.8,1.0233
Satara,7,25.6,86.6,Water Heater (Geyser),3,1.4,3.5549
Mumbai,8,28.2,85.4,Air Conditioner,5,7.3,14.0779
Satara,12,28.6,27.6,Refrigerator,1,23.4,5.7706
Mumbai,2,23.5,62.0,Microwave Oven,3,0.7,0.9239
Mumbai,8,28.4,92.8,Ceiling Fan,3,7.3,0.7649
Mumbai,3,25.9,60.1,Water Heater (Geyser),2,1.6,4.3366
Mumbai,4,12.5,32.3,Ceiling Fan,2,3.5,0.2966
Satara,2,24.6,76.1,Room Heater,4,7.2,14.4912
Satara,12,23.6,48.2,LED TV,1,7.1,0.7224
Mumbai,12,26.7,73.2,Water Heater (Geyser),2,1.7,4.7745
Mumbai,5,33.5,89.0,Desktop Computer,2,6.1,2.0742
Satara,10,29.9,84.6,Water Heater (Geyser),4,6.1,14.5073
Mumbai,12,27.1,57.3,Water Heater (Geyser),5,2.9,5.671
Mumbai,3,28.5,46.3,Washing Machine,3,1.3,0.7334
Satara,11,25.3,70.4,Washing Machine,3,1.9,1.0729
Mumbai,4,29.6,66.2,Water Heater (Geyser),2,1.2,3.401
Satara,7,16.9,16.1,Washing Machine,2,3.0,1.6764
Mumbai,5,18.2,17.0,Iron,1,18.2,19.6942
Satara,2,38.2,41.6,Desktop Computer,5,16.3,3.6247
Satara,4,28.9,65.3,Microwave Oven,4,16.0,19.9501
Mumbai,5,29.1,75.4,Air Conditioner,1,5.0,15.5995
Mumbai,4,12.5,76.0,Air Conditioner,2,10.5,19.6016
Mumbai,9,30.2,85.6,Desktop Computer,5,3.1,0.7021
Mumbai,6,29.6,81.3,Room Heater,1,5.6,14.7501
Mumbai,10,37.5,67.8,Desktop Computer,5,5.0,1.1381
Satara,2,21.5,44.7,Room Heater,5,2.6,4.3831
Mumbai,6,32.5,84.8,Air Conditioner,3,2.9,7.867
Mumbai,9,30.3,81.3,Water Heater (Geyser),2,2.3,6.793
Mumbai,12,23.2,67.8,Iron,2,0.4,0.4558
Satara,7,32.8,79.9,LED TV,5,19.8,1.4724
Satara,4,26.5,50.1,Water Heater (Geyser),4,2.7,5.807
Satara,12,13.9,23.2,Washing Machine,5,16.2,5.8078
Mumbai,9,19.7,57.7,Refrigerator,2,7.1,1.4664
Mumbai,7,30.5,88.6,Refrigerator,3,23.4,4.9631
Satara,2,24.8,41.6,Desktop Computer,4,9.3,2.1838
Mumbai,11,31.6,62.1,LED TV,1,5.6,0.6074
Satara,8,26.4,80.9,Ceiling Fan,4,6.1,0.4963
Satara,3,26.7,35.7,Air Conditioner,5,11.6,19.6479
Satara,9,29.2,75.7,Room Heater,2,1.7,4.1314
Mumbai,5,34.7,84.8,Ceiling Fan,2,15.8,2.0776
Satara,12,18.3,43.0,Iron,4,0.9,0.8698
Mumbai,5,33.2,64.9,Microwave Oven,3,1.3,1.8055
Satara,7,23.2,84.5,Ceiling Fan,4,7.4,0.5742
Satara,7,26.2,98.0,LED TV,2,3.7,0.3805
Satara,7,19.2,77.8,Desktop Computer,2,20.3,6.26
Mumbai,8,29.9,85.9,Room Heater,2,2.7,6.7626
Satara,1,15.2,35.1,Room Heater,5,5.2,8.1765
Satara,4,34.3,47.3,Washing Machine,3,0.8,0.4694
Mumbai,8,29.1,86.7,Air Conditioner,5,7.7,14.7678
Mumbai,8,21.8,32.7,Air Conditioner,3,9.7,19.2579
Satara,9,28.7,77.5,LED TV,1,16.0,1.7516
Satara,2,25.3,36.5,Iron,1,1.2,1.4063
Mumbai,8,40.7,44.5,Washing Machine,2,23.7,16.0336
Mumbai,2,32.0,70.5,Ceiling Fan,2,17.0,2.133
Satara,4,29.3,45.3,Microwave Oven,4,0.5,0.603
Mumbai,9,28.1,73.6,Desktop Computer,1,6.3,2.2878
Mumbai,12,26.8,66.3,Room Heater,3,3.9,8.5217
Satara,5,27.0,49.9,Washing Machine,1,7.3,5.3001
Satara,9,23.2,83.0,Refrigerator,2,22.4,4.9614
Mumbai,6,35.5,85.2,LED TV,1,3.4,0.3912
Satara,1,17.5,57.6,Washing Machine,3,1.8,0.9584
Satara,6,29.3,72.3,Ceiling Fan,3,14.5,1.5041
Mumbai,2,26.8,70.2,Washing Machine,5,2.0,0.8142
Mumbai,8,30.3,87.8,Air Conditioner,5,8.9,17.6823
Satara,12,43.0,39.3,Water Heater (Geyser),1,19.0,65.2021
Mumbai,5,38.8,22.3,Air Conditioner,1,12.6,42.7455
Satara,3,24.9,29.2,Desktop Computer,2,2.0,0.5935
Satara,2,24.3,45.7,Refrigerator,3,23.7,4.3927
Satara,11,22.9,57.2,Iron,2,0.6,0.6828
Mumbai,7,29.1,90.7,Air Conditioner,5,2.3,4.5114
Satara,11,16.1,43.5,Water Heater (Geyser),2,13.7,32.4181
Satara,10,24.9,69.3,Ceiling Fan,3,9.0,0.8526
Mumbai,3,45.4,88.1,Room Heater,4,12.8,31.6254
Satara,8,25.3,84.4,Washing Machine,5,1.4,0.5872
Satara,4,32.3,18.8,Room Heater,2,0.5,1.1687
Mumbai,11,30.2,71.0,Water Heater (Geyser),3,1.8,4.7543
Satara,8,25.7,82.1,Refrigerator,5,22.7,3.22
Mumbai,7,44.9,34.6,Refrigerator,5,6.2,1.0008
Mumbai,10,29.4,72.4,Washing Machine,5,0.6,0.2534
Mumbai,7,45.4,53.3,Water Heater (Geyser),4,8.5,22.6099
Mumbai,11,27.0,83.2,Water Heater (Geyser),3,1.2,3.1375
Satara,3,25.3,44.2,Room Heater,2,5.0,11.3649
Satara,12,22.5,54.8,Water Heater (Geyser),1,2.6,7.2619
Mumbai,3,37.8,89.6,Room Heater,2,15.9,43.7846
Mumbai,10,30.0,89.6,Air Conditioner,1,6.6,20.9698
Satara,12,23.0,59.7,Iron,4,1.2,1.2097
Satara,3,36.7,84.7,Ceiling Fan,5,5.0,0.3738
Mumbai,6,33.0,91.2,Desktop Computer,1,10.0,3.8271
Satara,12,20.6,33.4,Room Heater,5,2.9,4.9083
Satara,3,26.4,41.5,Air Conditioner,4,8.2,16.2416
Mumbai,7,30.3,85.7,Room Heater,4,3.2,6.8646
Satara,1,24.3,47.7,Room Heater,3,4.6,9.6678
Mumbai,8,27.9,89.5,Iron,4,0.7,0.7394
Mumbai,9,26.7,83.7,Microwave Oven,5,0.8,0.9222
Mumbai,7,30.2,83.4,Refrigerator,1,21.8,5.9452
Satara,7,27.0,88.7,Desktop Computer,1,8.1,2.9752
Mumbai,2,26.6,55.6,Iron,3,0.8,0.8588
Mumbai,12,25.0,70.9,Microwave Oven,1,1.0,1.5595
Mumbai,10,31.5,71.5,Washing Machine,1,0.8,0.5986
Mumbai,2,43.2,81.4,LED TV,1,5.8,0.6776
Satara,8,24.3,79.3,Washing Machine,1,1.4,1.0098
Mumbai,5,34.0,58.6,Water Heater (Geyser),2,2.5,7.2841
Satara,12,18.7,52.6,Iron,4,0.9,0.865
Satara,4,29.0,47.2,Water Heater (Geyser),5,0.6,1.1967
Satara,12,23.3,38.7,Iron,5,0.9,0.8215
Satara,12,22.2,48.2,Ceiling Fan,5,8.0,0.4565
Satara,2,31.9,49.3,Microwave Oven,2,5.0,7.2854
Satara,5,33.6,56.4,Desktop Computer,5,9.9,2.2108
Mumbai,9,28.2,78.6,Refrigerator,5,22.3,3.2217
Satara,8,26.8,73.7,Refrigerator,5,21.1,2.9544
Satara,10,29.0,80.7,Room Heater,1,3.0,7.957
Satara,3,31.3,41.3,LED TV,1,3.8,0.3982
Mumbai,2,27.3,58.5,Ceiling Fan,2,12.7,1.4491
Mumbai,8,41.0,31.7,Water Heater (Geyser),1,8.4,28.0298
Mumbai,5,27.3,36.7,Ceiling Fan,2,8.8,0.9766
Mumbai,10,32.9,90.6,LED TV,4,4.4,0.3745
Satara,10,10.7,80.5,Air Conditioner,1,17.9,35.1108
Mumbai,12,22.5,25.9,Desktop Computer,5,18.7,3.7018
Satara,5,20.9,72.9,Microwave Oven,5,2.3,2.5114
Mumbai,7,27.3,42.0,LED TV,2,13.4,1.2737
Mumbai,6,28.8,71.5,Ceiling Fan,1,4.5,0.6194
Satara,9,22.9,68.6,Washing Machine,3,1.6,0.91
Mumbai,2,27.7,62.9,Air Conditioner,2,11.6,31.1825
Satara,6,26.8,81.3,Refrigerator,4,21.1,3.5503
Satara,8,25.1,86.7,Microwave Oven,4,1.2,1.541
Mumbai,7,28.1,85.3,Air Conditioner,2,10.0,28.2725
Satara,2,19.8,46.8,Washing Machine,5,1.5,0.5601
Satara,8,26.5,76.3,Water Heater (Geyser),3,10.1,25.8137
Mumbai,9,28.5,85.0,Ceiling Fan,1,7.4,1.0339
Satara,12,21.2,38.9,Water Heater (Geyser),2,0.7,1.7276
Satara,4,30.7,35.6,Washing Machine,4,1.5,0.7261
Mumbai,2,25.4,62.3,Air Conditioner,3,5.4,12.0516
Satara,5,34.2,43.4,Microwave Oven,5,0.8,0.9013
Mumbai,11,28.8,66.2,Air Conditioner,3,7.6,18.545
Satara,2,25.3,51.3,Desktop Computer,5,9.1,1.8975
Satara,1,23.8,42.9,LED TV,1,8.0,0.8202
Satara,4,46.6,34.8,Ceiling Fan,3,23.9,2.9455
Mumbai,11,27.5,72.5,Washing Machine,3,1.4,0.8169
Satara,10,28.0,63.4,Ceiling Fan,2,13.2,1.5773
Satara,4,33.5,29.9,LED TV,5,7.5,0.5205
Satara,10,31.9,66.4,Desktop Computer,4,9.7,2.5031
Satara,12,23.1,42.3,Microwave Oven,4,0.6,0.6976
Mumbai,12,26.2,52.7,Refrigerator,5,22.7,3.0277
Mumbai,9,40.0,55.3,Refrigerator,3,12.5,2.8214
Mumbai,3,28.8,77.6,Ceiling Fan,1,4.2,0.5873
Satara,12,31.9,73.9,Air Conditioner,2,5.6,16.7208
Satara,3,27.1,44.8,Room Heater,3,1.2,2.5976
Mumbai,3,47.4,45.7,Air Conditioner,4,4.1,11.5956
Mumbai,9,30.2,78.1,Water Heater (Geyser),4,1.9,4.4871
Mumbai,1,25.1,64.4,Air Conditioner,3,7.2,16.3741
Satara,2,21.0,39.6,Refrigerator,2,21.7,4.2612
Mumbai,10,29.1,74.2,LED TV,3,5.0,0.4488
Satara,7,25.5,87.3,Air Conditioner,4,9.3,19.4358
Satara,1,20.4,44.3,Refrigerator,1,21.2,4.7597
Mumbai,10,42.5,61.2,LED TV,1,9.2,1.0436
Mumbai,2,23.8,66.2,Desktop Computer,4,4.2,1.041
Mumbai,11,31.9,52.2,LED TV,1,4.2,0.448
Satara,10,26.9,58.9,Room Heater,4,2.7,5.5372
Satara,3,26.2,84.7,Iron,5,15.6,15.4421
Satara,6,24.6,67.8,Water Heater (Geyser),1,0.5,1.4527
Mumbai,1,25.7,54.4,Microwave Oven,5,10.0,11.3752
Satara,5,22.4,71.5,Water Heater (Geyser),1,14.2,41.0517
Satara,1,27.4,39.4,Refrigerator,5,22.7,3.0528
Mumbai,4,29.1,36.7,Washing Machine,4,22.8,10.8367
Mumbai,5,31.5,68.7,LED TV,2,6.6,0.6558
Mumbai,2,27.3,46.9,Refrigerator,2,23.3,5.2055
Mumbai,7,31.3,91.7,Refrigerator,2,23.9,5.8848
Mumbai,10,29.6,80.5,Ceiling Fan,1,12.3,1.7453
Satara,11,23.7,61.4,Refrigerator,1,21.6,5.2475
Satara,8,33.4,52.9,Air Conditioner,3,22.3,58.9975
Mumbai,3,31.4,58.7,LED TV,2,4.7,0.4635
Satara,1,33.5,67.6,LED TV,4,11.9,0.9882
Satara,4,44.8,77.2,Microwave Oven,2,10.4,17.1977
Satara,4,29.2,46.0,Ceiling Fan,5,14.5,0.9179
Mumbai,4,30.1,72.3,Washing Machine,3,1.9,1.1142
Mumbai,4,29.4,58.3,Air Conditioner,3,6.5,15.8102
Mumbai,10,29.3,80.6,Iron,4,1.0,1.0814
Mumbai,2,34.9,87.6,Room Heater,5,4.5,9.3042
Mumbai,6,31.5,91.2,Desktop Computer,4,5.1,1.3818
Satara,8,24.4,84.1,Desktop Computer,4,10.0,2.5095
Mumbai,1,38.5,79.5,Refrigerator,1,23.8,7.0404
Mumbai,11,28.8,80.6,Water Heater (Geyser),5,2.8,5.8689
Mumbai,6,34.2,88.1,Microwave Oven,2,1.1,1.7312
Mumbai,10,47.6,72.3,Microwave Oven,1,10.5,18.33
Satara,2,38.5,31.3,Refrigerator,1,23.1,6.57
Mumbai,5,32.3,76.5,Water Heater (Geyser),5,1.8,3.9306
Satara,9,26.9,64.6,LED TV,5,3.4,0.2395
Mumbai,1,23.3,62.2,Refrigerator,4,9.7,1.551
Mumbai,11,26.3,77.7,Water Heater (Geyser),4,1.8,4.0804
Satara,4,47.0,17.1,Iron,3,4.1,4.4534
Mumbai,4,37.6,90.5,Desktop Computer,5,14.9,3.5165
Satara,7,26.5,77.2,Room Heater,1,2.8,7.2641
Mumbai,4,31.5,71.7,Ceiling Fan,5,13.2,0.8936
Satara,1,20.1,56.2,Desktop Computer,5,6.4,1.3355
Satara,1,22.3,41.2,Desktop Computer,4,4.1,0.941
Mumbai,6,30.8,74.5,Washing Machine,3,0.7,0.408
Satara,8,12.9,55.5,Refrigerator,4,16.6,2.2511
Mumbai,12,29.3,66.2,Air Conditioner,4,11.5,25.5654
Mumbai,1,24.8,58.1,Desktop Computer,2,5.2,1.6099
Satara,3,28.1,38.1,LED TV,4,7.3,0.5557
Satara,11,24.9,43.6,Microwave Oven,5,0.8,0.8842
Mumbai,5,30.9,65.1,Iron,1,0.4,0.5035
Satara,12,47.8,39.7,Desktop Computer,1,1.3,0.5034
Mumbai,11,26.5,73.8,Iron,3,1.4,1.5512
Satara,3,47.6,49.0,Washing Machine,3,12.4,7.6556
Mumbai,12,26.6,70.5,Desktop Computer,2,4.9,1.586
Satara,8,21.9,75.0,Water Heater (Geyser),1,0.6,1.7129
Satara,2,23.3,41.1,Water Heater (Geyser),3,2.0,4.5964
Mumbai,9,36.7,45.9,Desktop Computer,4,8.2,2.1089
Satara,4,30.6,46.1,Ceiling Fan,1,7.6,1.0232
Satara,11,25.9,51.9,Desktop Computer,1,6.8,2.3157
Mumbai,6,33.3,77.6,Desktop Computer,1,9.3,3.4715
Satara,6,29.0,72.4,Ceiling Fan,4,11.9,0.9799
Satara,2,26.6,32.0,Ceiling Fan,1,9.6,1.2112
Mumbai,8,30.8,91.0,Air Conditioner,4,5.8,13.4185
Mumbai,5,41.7,31.8,Ceiling Fan,4,8.2,0.7697
Mumbai,4,12.1,15.2,Microwave Oven,5,2.9,2.8154
Satara,4,21.3,40.9,LED TV,1,20.6,2.0723
Satara,2,23.7,33.8,LED TV,3,2.2,0.1829
Satara,6,26.9,81.4,Room Heater,4,1.0,2.0926
Mumbai,9,28.7,77.3,Water Heater (Geyser),2,2.2,6.251
Satara,7,25.3,79.8,Water Heater (Geyser),5,1.1,2.2388
Satara,5,31.1,78.3,Washing Machine,5,2.0,0.8594
Satara,4,29.3,38.9,Iron,2,0.8,0.8897
Mumbai,4,32.8,71.6,Room Heater,2,3.7,9.2473
Satara,12,22.3,70.7,Washing Machine,2,1.2,0.767
Mumbai,4,16.4,53.7,Desktop Computer,4,17.0,3.9402
Mumbai,1,11.4,23.6,Room Heater,4,8.5,13.7026
Satara,8,41.2,22.7,LED TV,5,6.8,0.4779
Mumbai,5,31.4,69.0,Room Heater,4,1.6,3.3493
Satara,6,31.4,76.5,LED TV,5,3.0,0.219
Mumbai,5,25.5,56.9,Refrigerator,3,3.7,0.7015
Satara,2,40.1,43.7,Desktop Computer,2,9.9,3.3164
Mumbai,4,29.6,75.2,Washing Machine,3,1.7,1.0079
Satara,9,25.4,71.7,LED TV,4,6.6,0.5295
Mumbai,3,31.2,78.3,Air Conditioner,5,2.2,4.3713
Mumbai,11,30.2,71.1,Microwave Oven,3,0.6,0.8229
Satara,4,28.5,31.0,Water Heater (Geyser),3,1.2,2.9091
Mumbai,6,29.3,86.6,Room Heater,2,1.7,4.3026
Satara,12,22.0,36.7,Desktop Computer,1,9.4,3.0961
Satara,8,24.6,83.0,Ceiling Fan,3,13.0,1.2655
Mumbai,5,32.0,67.4,Room Heater,3,4.6,10.7693
Satara,4,30.7,44.4,LED TV,3,3.3,0.2883
Satara,8,31.7,56.9,Ceiling Fan,2,11.1,1.3663
Mumbai,10,32.1,78.9,Microwave Oven,3,0.9,1.2791
Mumbai,7,28.7,86.7,Microwave Oven,4,1.0,1.316
Satara,12,21.6,37.7,Air Conditioner,4,11.6,20.461
Satara,1,22.4,49.3,Refrigerator,3,20.1,3.5848
Mumbai,2,30.5,88.1,Water Heater (Geyser),2,9.6,28.4809
Mumbai,6,31.8,74.6,Microwave Oven,2,0.7,1.0688
Mumbai,8,30.6,85.7,Water Heater (Geyser),4,0.7,1.6936
Mumbai,11,29.3,62.5,Air Conditioner,1,5.0,15.3731
Satara,1,20.2,56.3,Ceiling Fan,3,4.5,0.3886
Mumbai,3,47.9,75.1,Ceiling Fan,5,15.7,1.3265
Satara,8,24.6,90.2,Microwave Oven,5,0.8,0.934
Satara,8,23.6,70.8,Room Heater,1,21.0,52.8351
Mumbai,6,32.2,81.1,Air Conditioner,2,9.2,27.7604
Satara,2,21.5,42.8,LED TV,2,3.3,0.3055
Mumbai,5,33.1,69.0,Water Heater (Geyser),3,1.4,3.6796
Mumbai,12,29.1,35.6,Desktop Computer,3,22.9,6.2987
Mumbai,11,25.7,81.4,Microwave Oven,3,10.9,14.8095
Satara,10,26.0,50.6,Air Conditioner,2,6.3,16.1541
Satara,11,26.9,33.5,Ceiling Fan,2,20.7,2.2918
Satara,5,36.3,25.0,Iron,5,10.6,10.0725
Satara,12,22.4,43.6,Air Conditioner,5,9.1,14.1978
Mumbai,1,32.1,27.3,Ceiling Fan,1,11.8,1.5905
Mumbai,4,30.0,75.8,Iron,4,1.1,1.1545
Mumbai,9,29.0,81.0,Room Heater,1,5.5,14.7425
Mumbai,9,27.7,35.9,Iron,1,11.5,13.3344
Satara,7,23.4,91.7,Microwave Oven,1,8.5,13.8879
Mumbai,2,26.8,54.1,Room Heater,3,1.2,2.554
Satara,6,19.0,90.1,Washing Machine,5,22.9,9.3528
Mumbai,10,28.1,86.0,Water Heater (Geyser),4,1.5,3.5776
Mumbai,4,31.5,64.1,LED TV,3,4.8,0.4391
Mumbai,12,41.6,41.1,Desktop Computer,4,10.2,2.6745
Satara,7,25.8,94.5,Refrigerator,4,22.6,3.9074
Satara,3,15.9,82.7,Iron,3,4.5,4.7895
Satara,5,34.0,63.2,Washing Machine,5,1.2,0.52
Satara,4,32.3,51.8,Desktop Computer,2,5.3,1.7023
Mumbai,6,30.3,82.4,Microwave Oven,1,0.8,1.3152
Satara,4,34.0,42.5,Washing Machine,3,1.0,0.5737
Mumbai,4,45.8,62.1,Room Heater,1,7.8,23.857
Satara,3,25.0,22.3,Iron,2,1.0,1.0724
Mumbai,5,34.7,77.6,Water Heater (Geyser),3,2.9,7.9302
Mumbai,8,18.7,39.4,Water Heater (Geyser),2,16.5,39.4232
Satara,5,35.1,50.5,Washing Machine,3,1.0,0.5918
Satara,5,34.9,50.6,Iron,3,0.6,0.6634
Satara,4,27.0,70.5,Ceiling Fan,3,9.7,0.9651
Mumbai,11,28.6,57.4,LED TV,2,16.7,1.6179
Mumbai,5,26.2,25.5,Air Conditioner,5,16.9,27.7024
Satara,3,25.4,28.0,LED TV,5,5.1,0.3444
Satara,3,25.0,39.4,Desktop Computer,4,3.3,0.7924
Mumbai,10,29.6,79.9,Air Conditioner,2,10.4,29.835
Mumbai,12,27.2,64.3,Ceiling Fan,1,11.9,1.5828
Mumbai,3,27.3,53.6,Water Heater (Geyser),5,0.9,1.7663
Mumbai,12,27.6,76.3,Room Heater,3,1.0,2.2685
Mumbai,2,15.7,36.5,Refrigerator,5,9.0,1.0156
Mumbai,9,29.9,84.4,Washing Machine,3,0.7,0.4258
Mumbai,1,27.4,59.3,Washing Machine,3,1.0,0.5662
Satara,4,30.2,36.9,Desktop Computer,2,3.8,1.1464
Satara,5,32.8,51.8,Ceiling Fan,4,15.3,1.3323
Satara,3,27.3,62.6,Refrigerator,5,21.5,2.9957
Satara,1,23.9,33.0,Microwave Oven,4,0.5,0.5767
Mumbai,2,25.7,68.4,Microwave Oven,1,1.2,1.8729
Satara,1,22.8,55.8,Water Heater (Geyser),3,2.6,6.1807
Satara,1,19.3,33.3,Refrigerator,2,20.2,3.9233
Satara,6,36.3,20.1,Washing Machine,1,5.2,3.7454
Satara,2,23.5,35.3,Washing Machine,5,0.7,0.27
Mumbai,2,23.5,60.2,Room Heater,5,6.4,11.3786
Satara,1,16.5,84.0,Microwave Oven,5,14.8,16.5616
Satara,11,25.2,54.1,Water Heater (Geyser),2,1.9,5.0013
Mumbai,11,16.5,41.8,Desktop Computer,3,16.5,4.2795
Satara,9,23.6,82.0,Water Heater (Geyser),1,2.3,6.8354
Satara,7,25.3,96.7,Water Heater (Geyser),2,1.1,3.1265
Mumbai,8,24.3,39.3,Washing Machine,1,6.5,4.4346
Mumbai,2,24.8,69.7,Iron,5,0.7,0.6866
Satara,7,25.4,91.8,Microwave Oven,2,0.8,1.226
Satara,1,24.6,31.8,Room Heater,4,5.2,9.6872
Mumbai,4,30.9,67.9,Refrigerator,1,22.9,6.1827
Mumbai,10,32.6,79.9,LED TV,3,3.8,0.3524
Satara,7,27.1,78.1,Ceiling Fan,5,4.7,0.2976
Mumbai,8,27.8,84.5,Water Heater (Geyser),3,2.8,7.2932
Satara,7,37.6,33.1,Washing Machine,3,23.7,13.711
Satara,11,26.3,54.3,Water Heater (Geyser),5,2.3,4.5516
Satara,10,27.0,66.8,Iron,2,1.0,1.1749
Satara,3,22.5,32.0,Air Conditioner,5,8.7,13.4284
Mumbai,8,28.8,92.3,Refrigerator,1,20.1,5.486
Satara,1,21.8,42.8,Refrigerator,2,22.8,4.7572
Mumbai,6,30.5,79.5,Room Heater,5,6.0,11.7737
Satara,1,19.8,55.5,LED TV,5,9.7,0.6585
Satara,8,23.1,77.1,Room Heater,1,2.6,6.5736
Satara,2,25.2,38.6,Room Heater,2,3.1,7.0685
Mumbai,6,32.9,83.7,Air Conditioner,2,8.6,26.3759
Satara,5,36.6,72.9,Room Heater,4,5.3,11.9854
Mumbai,3,24.8,67.9,Iron,2,0.8,0.9347
Satara,9,33.7,34.9,Iron,4,7.1,7.0836
Mumbai,9,29.3,80.4,Washing Machine,1,0.8,0.6182
Satara,9,13.2,57.6,Water Heater (Geyser),2,11.0,25.4295
Satara,2,27.3,36.1,Ceiling Fan,4,9.0,0.7144
Mumbai,6,19.1,66.0,Room Heater,4,9.4,17.793
Satara,11,25.8,34.2,Refrigerator,4,7.8,1.2239
Satara,6,26.6,86.2,Ceiling Fan,4,7.1,0.5869
Mumbai,5,47.4,87.9,Washing Machine,4,1.2,0.6831
Mumbai,7,28.1,93.1,Refrigerator,1,21.4,5.7598
Satara,11,15.8,57.1,Air Conditioner,4,10.1,16.1082
Mumbai,10,40.8,53.7,LED TV,4,3.9,0.3336
Mumbai,1,25.2,52.1,Desktop Computer,1,8.0,2.7411
Mumbai,8,30.6,85.2,Microwave Oven,2,0.3,0.4667
Satara,12,25.3,35.9,Ceiling Fan,5,14.4,0.8317
Mumbai,8,29.1,89.4,Microwave Oven,3,1.1,1.5619
Mumbai,10,33.1,76.3,Microwave Oven,4,0.9,1.1903
Mumbai,11,40.8,28.0,LED TV,4,11.2,0.9001
Satara,1,12.8,82.2,Washing Machine,1,21.3,14.5285
Mumbai,6,31.1,91.7,Room Heater,1,2.8,7.7877
Satara,2,20.7,42.2,Iron,4,1.4,1.3654
Mumbai,9,18.5,64.3,Refrigerator,5,20.4,2.5294
Mumbai,10,42.0,22.1,Ceiling Fan,1,1.1,0.1682
Mumbai,3,25.4,59.9,Air Conditioner,3,6.0,13.6162
Mumbai,7,27.4,90.5,Water Heater (Geyser),5,3.0,6.3817
Satara,8,23.0,75.7,Air Conditioner,4,5.8,11.4053
Satara,5,47.5,47.5,Iron,2,18.0,21.8629
Mumbai,1,23.2,58.0,Refrigerator,1,23.7,5.7768
Satara,7,47.2,91.0,Iron,4,5.8,6.5961
Satara,4,38.3,29.1,Ceiling Fan,4,16.0,1.4371
Mumbai,12,24.8,47.7,Water Heater (Geyser),1,2.5,7.1458
Mumbai,10,29.7,82.2,Iron,4,1.2,1.2961
Satara,8,26.6,77.8,Room Heater,5,4.4,8.2348
Mumbai,3,29.7,60.1,Room Heater,3,4.9,11.0732
Satara,2,24.6,41.3,LED TV,2,7.6,0.7128
Mumbai,7,29.5,83.1,Microwave Oven,1,0.7,1.1559
Satara,12,21.4,48.6,Iron,4,0.5,0.4934
Mumbai,1,26.9,65.0,LED TV,2,6.2,0.6143
Mumbai,7,28.7,89.8,Water Heater (Geyser),3,2.8,7.3621
Satara,9,22.2,83.8,Washing Machine,3,21.9,12.2829
Mumbai,12,28.3,61.1,LED TV,2,3.8,0.369
Satara,11,29.8,35.6,Refrigerator,4,6.1,1.0091
Satara,4,36.3,30.2,Water Heater (Geyser),2,1.6,4.6417
Mumbai,4,27.5,73.8,Refrigerator,1,23.1,6.0955
Mumbai,3,45.4,83.8,Air Conditioner,1,17.2,72.5559
Satara,5,31.7,44.6,Iron,5,1.1,1.0474
Mumbai,6,30.2,85.6,Refrigerator,1,23.5,6.5359
Satara,4,29.1,50.1,Refrigerator,5,15.9,2.1975
Mumbai,4,29.0,45.0,Ceiling Fan,2,15.2,1.7465
Mumbai,6,21.6,76.9,Washing Machine,4,11.2,5.5003
Mumbai,7,29.2,84.9,Iron,1,0.5,0.6392
Satara,4,10.4,59.8,Ceiling Fan,3,23.6,1.7226
Satara,10,26.8,48.9,LED TV,5,3.6,0.2505
Satara,5,32.7,56.4,Room Heater,3,1.5,3.4842
Mumbai,2,14.7,56.5,Ceiling Fan,5,6.3,0.3152
Satara,1,18.4,48.1,Refrigerator,2,21.6,4.1844
Mumbai,6,31.2,82.8,Microwave Oven,2,1.5,2.288
Mumbai,2,33.7,39.7,Microwave Oven,3,9.2,12.339
Satara,7,25.5,84.9,Room Heater,3,5.7,12.7042
Mumbai,8,28.2,98.0,Room Heater,4,4.8,10.2728
Mumbai,10,27.1,78.6,Room Heater,3,1.3,2.9313
Mumbai,5,35.9,65.7,Room Heater,1,3.4,9.5642
Satara,1,20.1,40.8,Water Heater (Geyser),1,0.9,2.409
Mumbai,4,28.3,64.7,Ceiling Fan,3,13.3,1.3314
Mumbai,2,27.7,65.7,Refrigerator,1,22.3,5.8054
Mumbai,8,29.7,86.8,Desktop Computer,5,7.9,1.8016
Satara,2,26.3,36.7,Desktop Computer,4,6.7,1.6214
Satara,8,23.4,86.8,Iron,3,1.1,1.2335
Satara,2,43.1,76.9,Washing Machine,1,21.4,17.2177
Mumbai,10,32.9,73.8,Air Conditioner,1,6.1,20.2387
Mumbai,11,32.8,36.1,Water Heater (Geyser),5,6.5,13.2049
Satara,5,30.2,58.6,LED TV,5,4.6,0.3306
Mumbai,1,36.3,82.0,Washing Machine,2,22.7,16.2923
Satara,9,22.8,82.0,Air Conditioner,3,4.5,9.9361
Mumbai,12,29.6,52.1,LED TV,3,3.0,0.2668
Satara,8,27.4,77.7,Ceiling Fan,3,7.7,0.7795
Mumbai,7,27.3,86.7,Washing Machine,4,1.7,0.8787
Satara,10,25.2,56.8,Air Conditioner,3,7.2,15.8004
Satara,1,24.9,41.6,Microwave Oven,4,0.6,0.722
Mumbai,8,30.7,59.3,Air Conditioner,5,5.8,11.0204
Mumbai,1,25.4,56.0,Refrigerator,2,20.0,4.3912
Mumbai,3,27.5,55.2,Desktop Computer,4,6.6,1.6351
Mumbai,6,31.1,82.3,Air Conditioner,2,7.1,20.9973
Mumbai,6,30.2,80.7,Microwave Oven,2,0.4,0.6154
Mumbai,8,31.1,89.7,Iron,2,0.5,0.6065
Satara,5,34.0,61.3,LED TV,3,6.1,0.5623
Satara,2,24.8,45.5,Refrigerator,3,21.6,3.9797
Satara,9,25.9,85.3,Refrigerator,3,22.9,4.6071
Mumbai,2,26.1,60.1,LED TV,5,7.5,0.5196
Satara,6,32.2,26.5,Washing Machine,3,13.7,7.4666
Mumbai,8,28.0,89.4,Desktop Computer,5,5.4,1.22
Mumbai,10,31.1,85.9,Refrigerator,1,22.4,6.4329
Satara,12,22.4,59.9,Washing Machine,4,1.4,0.6699
Satara,9,46.3,32.3,Washing Machine,2,10.9,7.5115
Mumbai,9,28.1,80.1,Microwave Oven,4,1.0,1.274
Satara,7,27.3,78.1,Refrigerator,1,23.1,5.9932
Mumbai,3,27.0,62.5,Room Heater,2,5.6,13.1646
Satara,2,18.8,33.3,Water Heater (Geyser),4,2.2,4.2698
Satara,5,30.0,62.1,Desktop Computer,3,5.0,1.4142
Mumbai,12,28.6,67.8,Refrigerator,1,21.2,5.539
Satara,8,25.7,83.3,Ceiling Fan,4,6.6,0.5272
Mumbai,8,29.5,84.6,Iron,3,0.6,0.6842
Mumbai,11,30.6,75.3,Air Conditioner,3,10.3,26.5919
Mumbai,1,24.5,60.9,Air Conditioner,2,5.1,12.8235
Mumbai,2,28.0,28.4,Water Heater (Geyser),3,8.8,20.9417
Mumbai,2,21.6,74.3,Room Heater,2,1.5,3.4448
Satara,11,39.9,49.9,Water Heater (Geyser),4,22.8,57.6261
Mumbai,6,29.0,81.4,Water Heater (Geyser),4,0.7,1.6638
Mumbai,3,26.8,58.1,Room Heater,5,2.0,3.6786
Satara,9,24.7,79.5,Microwave Oven,3,0.9,1.2128
Mumbai,1,28.5,62.3,Iron,1,0.6,0.734
Satara,9,25.5,81.2,Refrigerator,4,16.9,2.8969
Satara,12,23.4,56.1,Ceiling Fan,3,12.8,1.1642
Mumbai,4,29.8,80.2,LED TV,1,4.1,0.4462
Mumbai,7,30.5,90.0,Iron,1,1.4,1.8054
Mumbai,9,30.8,79.5,Washing Machine,5,1.1,0.4735
Satara,11,22.2,56.3,Refrigerator,4,22.3,3.4544
Satara,8,25.0,85.3,Microwave Oven,5,0.7,0.8143
Mumbai,1,25.3,56.9,Air Conditioner,4,10.5,20.4872
Satara,11,21.8,46.2,Ceiling Fan,3,5.9,0.5216
Mumbai,11,30.8,61.2,Air Conditioner,1,5.2,16.0151
Mumbai,3,44.2,87.9,Air Conditioner,5,22.7,57.1576
Mumbai,6,25.4,33.2,Desktop Computer,1,6.2,2.0639
Satara,2,22.5,46.1,Air Conditioner,1,7.5,19.5526
Mumbai,2,26.2,56.4,Desktop Computer,5,9.4,1.9571
Mumbai,9,28.7,77.7,Room Heater,3,3.4,7.7934
Satara,4,15.2,53.9,Refrigerator,5,20.4,2.3491
Satara,9,25.1,78.3,Room Heater,2,3.5,8.2409
Satara,7,12.2,38.6,Washing Machine,5,14.0,5.1419
Mumbai,11,32.2,66.8,Ceiling Fan,2,4.4,0.5594
Satara,11,19.4,46.2,Refrigerator,2,20.1,3.9715
Satara,5,32.5,50.3,Refrigerator,5,23.1,3.3128
Satara,3,28.9,41.8,LED TV,2,2.0,0.1919
Mumbai,2,11.3,59.1,Air Conditioner,4,10.8,15.0157
Mumbai,11,27.9,63.9,Room Heater,4,3.5,7.157
Mumbai,3,28.5,57.7,LED TV,1,4.3,0.4575
Mumbai,3,29.8,63.2,Desktop Computer,1,6.4,2.3063
Mumbai,12,11.3,84.2,Microwave Oven,4,7.9,9.3807
Satara,10,25.8,65.1,LED TV,4,7.0,0.5673
Mumbai,1,24.2,63.4,Air Conditioner,4,3.6,7.0571
Satara,11,27.7,40.5,Refrigerator,3,22.7,4.3602
Mumbai,5,33.2,69.7,Water Heater (Geyser),2,0.5,1.4964
Satara,9,25.7,74.7,Microwave Oven,5,1.5,1.7179
Satara,5,34.4,85.6,Air Conditioner,2,15.0,47.3485
Satara,5,16.0,19.1,Iron,5,18.7,15.9618
Mumbai,8,31.0,88.7,LED TV,3,5.8,0.5552
Mumbai,5,32.5,70.3,Iron,3,0.5,0.5558
Satara,7,25.1,87.0,Microwave Oven,1,0.5,0.8106
Mumbai,12,24.3,59.5,Refrigerator,1,22.2,5.4438
Mumbai,10,31.3,80.6,Washing Machine,5,0.6,0.2579
Satara,2,22.2,42.6,Washing Machine,3,1.4,0.7522
Satara,6,43.4,55.0,LED TV,2,5.3,0.5411
Mumbai,12,27.3,56.3,Room Heater,4,4.2,8.3773
Mumbai,11,30.8,71.8,Desktop Computer,5,6.7,1.495
Mumbai,3,23.6,60.5,Refrigerator,5,22.0,2.913
Mumbai,1,27.2,57.5,Water Heater (Geyser),2,2.1,5.7291
Mumbai,3,30.6,74.0,Ceiling Fan,1,8.0,1.1153
Satara,7,28.6,81.2,LED TV,3,4.4,0.4035
Satara,10,24.3,77.2,Microwave Oven,1,6.4,9.8613
Mumbai,7,22.2,56.9,Washing Machine,3,16.0,8.8473
Satara,5,32.5,40.6,Iron,1,1.1,1.3239
Satara,2,23.6,56.5,Iron,3,0.9,0.9576
Satara,6,27.4,77.1,Washing Machine,5,1.2,0.5147
Mumbai,7,11.9,63.8,Room Heater,2,14.9,30.4217
Satara,8,25.5,85.8,Desktop Computer,3,6.3,1.8002
Mumbai,4,22.7,52.1,Washing Machine,4,22.3,10.4757
Mumbai,1,28.7,57.0,Washing Machine,4,0.6,0.2999
Satara,10,27.0,60.6,Air Conditioner,1,10.4,30.3334
Mumbai,2,24.7,45.7,Microwave Oven,5,1.5,1.62
Mumbai,12,12.1,88.3,Water Heater (Geyser),2,5.6,13.5194
Satara,3,36.5,36.6,Ceiling Fan,4,4.5,0.3989
Satara,5,33.4,42.0,Ceiling Fan,4,4.7,0.4032
Satara,3,47.4,78.7,Ceiling Fan,1,19.0,3.3877
Satara,2,21.8,29.9,LED TV,2,6.1,0.5577
Mumbai,10,33.2,79.3,Water Heater (Geyser),1,3.0,9.9696
Satara,6,25.0,77.9,Iron,3,0.6,0.6693
Mumbai,4,30.7,64.4,Refrigerator,2,22.2,5.2502
Mumbai,9,28.0,79.9,Ceiling Fan,2,7.9,0.9537
Satara,7,23.1,85.6,Refrigerator,1,23.4,5.9238
Mumbai,7,26.6,56.3,Refrigerator,3,2.8,0.542
Satara,7,25.9,87.6,Room Heater,5,2.3,4.3819
Satara,12,20.2,81.2,Water Heater (Geyser),1,4.4,12.6553
Satara,7,26.1,84.4,Room Heater,2,5.2,12.8902
Mumbai,7,30.2,91.7,Desktop Computer,4,8.2,2.1643
Satara,6,44.2,36.0,Water Heater (Geyser),4,23.5,59.82
Satara,8,31.2,26.0,Air Conditioner,1,16.4,49.1727
Satara,10,29.9,73.6,Washing Machine,3,1.4,0.8323
Satara,11,13.6,42.4,Ceiling Fan,3,12.8,0.9632
Mumbai,11,24.0,59.0,Ceiling Fan,5,10.3,0.612
Satara,3,28.2,52.6,Refrigerator,5,23.3,3.1709
Satara,4,28.5,36.1,Microwave Oven,1,0.5,0.7511
Satara,5,22.3,50.9,Microwave Oven,5,20.4,21.9132
Satara,7,23.6,84.5,Room Heater,3,2.3,5.1373
Satara,11,25.5,57.4,Iron,5,1.2,1.1304
Mumbai,8,34.2,74.9,Refrigerator,3,6.4,1.4094
Mumbai,12,45.6,78.6,Room Heater,5,15.8,35.7097
Satara,10,26.7,69.3,Washing Machine,4,1.2,0.5978
Satara,7,42.5,84.6,Desktop Computer,2,11.2,3.9879
Mumbai,7,31.4,91.6,Microwave Oven,3,1.4,2.0127
Mumbai,6,24.6,20.5,Room Heater,5,19.1,32.3484
Satara,4,33.7,35.4,Ceiling Fan,1,6.6,0.9238
Satara,1,26.5,28.6,Iron,3,0.6,0.6193
Mumbai,9,29.5,96.6,Water Heater (Geyser),5,2.2,4.6498
Satara,9,23.6,75.4,Desktop Computer,2,8.9,2.8329
Mumbai,9,30.4,93.4,Desktop Computer,2,5.2,1.7481
Satara,7,29.8,86.6,Water Heater (Geyser),3,2.0,5.3764
Satara,3,29.9,32.1,Ceiling Fan,5,4.7,0.2921
Satara,11,17.0,72.7,Refrigerator,1,23.4,5.204
Mumbai,8,29.9,89.1,Ceiling Fan,2,6.5,0.826
Mumbai,5,33.2,72.9,Washing Machine,2,0.9,0.612
Satara,6,29.4,67.3,Water Heater (Geyser),1,1.1,3.4486
Mumbai,12,21.3,23.1,Room Heater,1,11.0,24.7207
Satara,8,37.8,28.4,Refrigerator,3,21.6,4.5545
Mumbai,9,25.9,89.1,Room Heater,1,3.9,10.1528
Mumbai,5,14.3,34.2,Ceiling Fan,2,7.7,0.6745
Satara,2,25.3,57.3,Refrigerator,3,20.8,3.9748
Satara,10,25.4,67.2,Microwave Oven,2,1.5,2.2019
Satara,11,25.9,59.7,Room Heater,4,1.5,2.9603
Satara,7,27.9,80.8,Microwave Oven,3,1.1,1.5389
Satara,10,32.2,66.0,Room Heater,4,1.1,2.3551
Satara,8,37.4,76.9,LED TV,5,17.9,1.3422
Satara,8,27.2,82.8,Water Heater (Geyser),5,2.0,4.1737
Satara,1,24.1,40.5,Air Conditioner,3,11.6,25.4216
Satara,8,26.9,86.1,Ceiling Fan,4,12.9,1.0971
Satara,8,24.4,74.9,Ceiling Fan,2,12.9,1.4715
Mumbai,1,24.6,61.7,Microwave Oven,1,0.3,0.4574
Mumbai,3,28.7,61.3,Desktop Computer,3,2.6,0.7343
Satara,2,25.6,48.7,Desktop Computer,5,9.1,1.9172
Satara,5,33.5,48.9,Iron,4,0.9,0.9224
Satara,6,28.5,76.1,LED TV,3,6.8,0.6103
Satara,11,24.9,48.3,Ceiling Fan,3,4.5,0.4065
Mumbai,1,27.0,63.4,Room Heater,4,3.2,6.5656
Satara,7,27.1,80.5,Air Conditioner,4,6.0,12.8136
Satara,10,37.1,47.1,Washing Machine,2,11.4,7.6992
Mumbai,2,27.2,64.7,Iron,2,1.4,1.6179
Satara,5,31.2,41.5,Refrigerator,5,22.3,3.1361
Mumbai,10,30.7,67.9,Iron,5,0.4,0.3924
Mumbai,7,28.4,93.5,Water Heater (Geyser),4,1.6,3.8556
Satara,4,32.2,46.8,Room Heater,4,3.0,6.191
Mumbai,6,28.7,88.2,Air Conditioner,5,2.3,4.4372
Mumbai,11,32.5,58.3,Microwave Oven,2,0.7,1.0367
Satara,2,24.6,43.8,Washing Machine,3,0.6,0.3238
Mumbai,6,11.7,38.4,Microwave Oven,4,20.9,22.6179
Satara,8,24.3,78.4,Room Heater,5,4.0,7.3767
Mumbai,5,31.9,79.7,LED TV,3,5.1,0.47
Satara,1,23.0,17.3,Refrigerator,2,12.3,2.4754
Mumbai,10,29.5,61.2,Desktop Computer,1,6.2,2.268
Mumbai,10,46.8,68.9,Microwave Oven,3,1.5,2.2831
Mumbai,7,28.8,91.0,Ceiling Fan,3,4.7,0.4873
Satara,8,22.4,78.1,Ceiling Fan,3,5.3,0.4848
Mumbai,4,31.7,73.7,Air Conditioner,5,4.5,8.977
Mumbai,11,29.2,58.1,Air Conditioner,2,10.3,27.795
Satara,11,24.2,55.0,Desktop Computer,1,3.7,1.26
Satara,6,26.8,78.8,Ceiling Fan,1,6.1,0.8134
Mumbai,9,31.5,82.7,Desktop Computer,3,8.0,2.4197
Satara,6,26.3,78.3,Microwave Oven,3,0.8,1.0976
Satara,1,22.3,47.3,Washing Machine,3,1.9,1.0374
Satara,4,30.1,45.5,Desktop Computer,5,3.2,0.6901
Satara,11,20.6,34.8,Microwave Oven,2,1.1,1.4848
Mumbai,11,37.9,80.5,Desktop Computer,2,8.2,2.8308
Satara,1,21.3,57.6,Refrigerator,1,20.3,4.737
Satara,11,39.0,19.4,Desktop Computer,2,9.0,2.8602
Satara,10,28.1,57.4,Room Heater,3,5.7,12.5305
Satara,4,40.5,75.3,Desktop Computer,1,5.3,2.0657
Mumbai,4,11.4,17.1,Refrigerator,2,17.9,3.0169
Mumbai,10,15.5,39.3,Desktop Computer,2,11.9,3.3148
Satara,11,28.4,55.2,Water Heater (Geyser),5,2.4,4.8205
Satara,1,20.9,48.2,Refrigerator,4,21.6,3.1887
Mumbai,3,26.1,67.0,Refrigerator,5,1.1,0.1501
Satara,8,35.6,67.3,Refrigerator,4,3.1,0.5797
Mumbai,7,20.0,33.4,Water Heater (Geyser),4,16.0,32.0329
Satara,8,28.7,94.6,Desktop Computer,3,8.8,2.644
Satara,10,26.8,74.6,Microwave Oven,1,0.6,0.9617
Mumbai,6,28.9,85.9,Ceiling Fan,1,11.6,1.6792
Mumbai,3,27.0,56.8,Microwave Oven,5,0.9,1.0163
Mumbai,9,25.4,60.6,Iron,4,12.7,12.7581
Satara,9,26.3,80.5,Microwave Oven,3,1.5,2.0855
Mumbai,2,24.7,59.1,Water Heater (Geyser),1,0.8,2.3131
Satara,3,36.0,23.3,Air Conditioner,2,20.8,62.9934
Mumbai,8,17.3,69.1,Washing Machine,4,10.2,4.747
Satara,12,21.6,54.4,Washing Machine,4,0.9,0.4214
Satara,9,25.6,79.4,Washing Machine,4,1.3,0.6519
Mumbai,7,39.2,47.0,Washing Machine,2,12.4,8.5102
Satara,1,19.6,50.4,Room Heater,3,4.2,8.4468
Mumbai,4,15.4,15.3,Water Heater (Geyser),3,13.0,26.2972
Mumbai,9,30.9,78.1,Ceiling Fan,2,5.5,0.6821
Mumbai,4,27.6,66.8,Water Heater (Geyser),3,2.2,5.5117
Satara,9,38.6,36.3,Washing Machine,2,18.7,12.5036
Satara,12,17.5,49.8,LED TV,3,7.0,0.5883
Mumbai,7,23.0,16.8,Air Conditioner,3,6.9,13.697
Mumbai,7,28.5,84.2,Air Conditioner,2,11.5,32.0795
Satara,10,24.1,58.6,Desktop Computer,5,7.0,1.4881
Mumbai,12,26.3,65.2,Air Conditioner,1,5.2,15.0687
Satara,5,28.8,70.9,Refrigerator,1,22.8,6.0585
Mumbai,9,29.2,78.0,Room Heater,5,4.7,9.0882
Mumbai,9,27.9,87.4,Desktop Computer,1,5.1,1.8753
Mumbai,2,25.4,48.1,Air Conditioner,3,6.5,14.327
Satara,8,25.1,80.3,Washing Machine,5,1.6,0.6635
Satara,11,25.4,50.0,Water Heater (Geyser),4,2.5,5.3924
Mumbai,4,32.4,64.1,Desktop Computer,2,7.7,2.4912
Mumbai,2,30.0,61.9,Washing Machine,1,1.2,0.8868
Mumbai,9,27.5,78.8,Washing Machine,2,2.0,1.336
Mumbai,9,29.6,88.0,Water Heater (Geyser),5,1.7,3.6666
Satara,11,31.0,61.7,Air Conditioner,2,7.5,21.4497
Mumbai,3,26.9,62.3,Water Heater (Geyser),5,1.8,3.5536
Mumbai,3,27.4,67.8,Microwave Oven,1,0.4,0.6399
Mumbai,6,32.0,93.7,Desktop Computer,3,10.3,3.1626
Satara,7,47.4,30.0,Room Heater,4,4.0,9.2429
Mumbai,3,28.4,65.7,Water Heater (Geyser),4,1.3,2.9521
Mumbai,12,28.9,62.9,Air Conditioner,2,12.0,32.7679
Satara,8,25.6,85.3,Room Heater,3,4.2,9.4576
Mumbai,12,27.0,62.4,Microwave Oven,1,0.9,1.4098
Satara,12,21.5,41.3,Air Conditioner,1,5.8,14.5718
Mumbai,5,32.0,71.9,Air Conditioner,2,5.0,14.6741
Satara,9,33.7,43.1,Water Heater (Geyser),5,21.3,43.543
Mumbai,9,29.5,85.2,Microwave Oven,5,0.8,0.9514
Satara,4,40.0,46.2,Iron,2,1.6,1.8778
Mumbai,5,35.2,80.2,Ceiling Fan,5,9.7,0.705
Mumbai,12,27.1,64.7,Air Conditioner,4,11.3,23.8999
Mumbai,12,28.9,66.1,Iron,2,1.4,1.6362
Satara,6,25.1,91.7,Air Conditioner,4,10.4,21.5961
Satara,1,23.6,49.9,Washing Machine,2,0.9,0.553
Satara,6,29.5,81.6,Refrigerator,4,20.4,3.6394
Satara,3,27.1,39.9,Room Heater,1,1.6,3.9201
Satara,4,30.6,45.6,Microwave Oven,1,1.2,1.8642
Satara,1,17.9,46.7,Desktop Computer,4,5.0,1.1558
Satara,7,15.4,91.3,LED TV,1,13.8,1.4729
Mumbai,2,38.6,60.5,Room Heater,2,7.0,18.0727
Satara,11,18.2,45.7,Iron,1,0.5,0.5741
Mumbai,5,44.6,16.5,Refrigerator,3,15.9,3.5211
Satara,5,33.4,62.5,Microwave Oven,2,1.4,2.0739
Satara,6,26.4,91.6,Room Heater,2,8.9,21.9005
Mumbai,2,34.6,28.8,Microwave Oven,4,21.0,25.7085
Mumbai,3,26.2,68.5,Iron,3,1.2,1.3205
Mumbai,4,29.8,73.0,Water Heater (Geyser),5,1.7,3.5995
Mumbai,11,29.4,65.6,Washing Machine,3,1.3,0.7452
Mumbai,5,17.8,76.3,Air Conditioner,1,7.4,17.7486
Satara,6,47.5,60.0,Water Heater (Geyser),2,11.9,39.5124
Mumbai,2,23.9,68.6,LED TV,4,5.0,0.3923
Mumbai,8,30.1,87.4,Microwave Oven,5,1.5,1.7909
Satara,3,27.8,30.5,Iron,4,1.4,1.3669
Satara,4,46.1,90.8,LED TV,2,9.1,1.0088
Mumbai,9,31.1,91.0,Water Heater (Geyser),5,0.8,1.7768
Mumbai,1,26.9,64.1,Refrigerator,1,22.5,5.7103
Satara,10,24.9,66.2,Desktop Computer,1,8.3,2.8932
Mumbai,5,30.6,70.9,Microwave Oven,5,0.5,0.5933
Satara,12,18.7,53.6,Washing Machine,3,1.4,0.7555
Satara,12,18.9,50.4,Air Conditioner,5,9.6,14.1283
Satara,3,32.6,29.8,Microwave Oven,4,1.0,1.2196
Satara,1,23.3,42.0,Refrigerator,3,21.2,3.8464
Satara,2,25.7,40.0,Washing Machine,4,1.9,0.8981
Mumbai,3,26.3,59.8,Iron,2,1.3,1.4709
Mumbai,3,30.2,51.9,Desktop Computer,2,9.5,3.0252
Satara,5,28.3,46.7,Air Conditioner,2,9.0,23.7109
Mumbai,5,35.8,75.9,Microwave Oven,1,1.4,2.3324
Satara,2,21.7,44.7,Microwave Oven,2,1.1,1.5153
Mumbai,10,31.1,78.7,Ceiling Fan,2,12.6,1.5868
Satara,9,24.7,74.5,Desktop Computer,3,8.4,2.3864
Satara,9,22.8,67.7,LED TV,2,5.9,0.5644
Satara,7,39.7,48.5,LED TV,3,15.7,1.4392
Mumbai,8,26.7,93.2,Microwave Oven,2,9.4,14.4536
Satara,12,20.2,38.0,Air Conditioner,1,3.7,8.8592
Mumbai,9,29.9,86.4,Water Heater (Geyser),4,1.2,2.9118
Satara,1,23.8,38.3,Washing Machine,2,1.8,1.0825
Satara,5,29.0,19.1,Iron,2,22.8,24.6669
Satara,7,24.3,86.7,Iron,1,6.7,8.3013
Mumbai,3,30.4,65.5,Refrigerator,1,21.1,5.6236
Mumbai,5,30.9,77.5,Water Heater (Geyser),4,2.1,5.0597
Satara,7,27.0,89.2,Water Heater (Geyser),5,1.3,2.726
Mumbai,4,27.6,17.0,Desktop Computer,3,21.9,5.7479
Satara,10,26.8,62.5,Room Heater,4,2.5,5.0168
Mumbai,3,27.5,67.0,Refrigerator,3,20.0,3.9393
Mumbai,3,19.1,78.0,Ceiling Fan,2,1.8,0.1843
Mumbai,8,28.7,87.3,Desktop Computer,4,3.0,0.7838
Mumbai,8,29.5,82.3,Air Conditioner,4,5.1,11.3322
Satara,2,34.4,91.6,Air Conditioner,1,17.6,61.9108
Mumbai,1,26.3,54.6,Iron,2,1.2,1.3545
Mumbai,7,31.1,92.6,Air Conditioner,4,8.3,19.5502
Mumbai,9,31.3,85.0,Washing Machine,1,0.9,0.7087
Satara,10,21.7,86.3,Washing Machine,3,1.3,0.7446
Mumbai,3,29.7,63.9,Iron,1,0.5,0.6211
Mumbai,5,31.2,74.5,Ceiling Fan,5,5.1,0.3422
Mumbai,1,27.6,62.2,Room Heater,2,1.6,3.8274
Satara,1,24.7,54.3,LED TV,2,5.5,0.5204
Mumbai,4,29.5,74.0,Desktop Computer,3,9.9,2.9195
Satara,5,41.3,23.6,Room Heater,5,21.7,43.5484
Satara,10,25.9,58.5,LED TV,1,4.1,0.4298
Mumbai,11,29.5,61.5,Room Heater,3,2.1,4.7093
Satara,12,21.4,54.2,Microwave Oven,4,0.8,0.951
Satara,1,21.8,59.9,Room Heater,2,5.4,11.9637
Mumbai,5,31.0,74.3,Ceiling Fan,3,13.2,1.3894
Mumbai,11,26.6,67.5,Refrigerator,5,22.6,3.1069
Satara,6,29.1,78.0,LED TV,3,5.1,0.4627
Satara,10,27.1,74.0,Refrigerator,5,21.5,3.0703
Mumbai,3,28.6,60.1,Refrigerator,1,22.3,5.7941
Mumbai,12,26.0,66.8,Washing Machine,5,1.4,0.5724
Satara,6,33.1,76.0,Washing Machine,3,19.5,11.8861
Mumbai,9,45.8,41.4,Refrigerator,2,10.0,2.726
Mumbai,3,27.4,63.0,Iron,1,0.6,0.7536
Satara,9,27.2,81.2,Room Heater,2,2.5,6.1298
Mumbai,1,26.7,55.6,Microwave Oven,2,0.8,1.1537
Satara,12,44.6,66.9,Microwave Oven,3,10.3,15.1662
Mumbai,7,34.6,50.0,Ceiling Fan,5,2.7,0.1865
Satara,8,23.9,94.5,Air Conditioner,1,10.7,30.8059
Satara,2,26.0,21.9,LED TV,2,11.2,1.0411
Satara,1,43.9,42.9,LED TV,4,8.5,0.7059
Satara,5,46.7,59.8,Microwave Oven,2,19.6,31.3206
Mumbai,12,24.6,66.5,Microwave Oven,1,0.7,1.0799
Satara,3,25.5,49.7,Water Heater (Geyser),5,2.9,5.5267
Mumbai,2,24.6,56.2,Air Conditioner,5,5.8,9.9044
Satara,3,26.8,50.7,Air Conditioner,3,6.0,13.7418
Satara,9,28.4,68.3,LED TV,1,2.0,0.2176
Satara,1,22.7,53.1,Water Heater (Geyser),4,0.8,1.7054
Satara,10,26.1,56.9,Room Heater,3,4.2,9.0137
Mumbai,2,28.3,58.5,Water Heater (Geyser),1,1.2,3.6292
Mumbai,11,15.5,60.0,Washing Machine,1,16.3,11.1954
Mumbai,5,32.5,70.0,Air Conditioner,1,7.4,24.1444
Mumbai,6,26.5,88.7,Air Conditioner,5,9.4,17.2201
Mumbai,12,27.7,57.6,LED TV,5,7.7,0.5428
Satara,10,19.6,31.2,Ceiling Fan,3,4.9,0.4051
Mumbai,11,29.7,73.4,LED TV,3,7.3,0.667
Mumbai,9,31.2,39.0,Water Heater (Geyser),3,23.9,61.206
Mumbai,1,24.4,66.5,Ceiling Fan,1,6.1,0.7828
Satara,2,25.1,40.4,LED TV,3,5.7,0.4756
Mumbai,2,36.3,33.7,Ceiling Fan,1,15.2,2.2008
Satara,10,26.3,76.6,LED TV,5,2.8,0.2037
Mumbai,10,31.6,65.4,Air Conditioner,3,5.5,14.1605
Satara,3,40.1,74.2,LED TV,3,6.0,0.5797
Mumbai,3,32.8,17.7,Air Conditioner,5,12.2,22.6337
Satara,7,23.8,88.7,Room Heater,1,1.3,3.3667
Mumbai,4,28.6,56.7,Refrigerator,1,23.2,5.9286
Mumbai,3,33.1,53.1,Iron,4,20.8,21.1934
Satara,5,25.0,61.2,Desktop Computer,3,7.8,2.1711
Satara,11,23.1,48.8,Air Conditioner,3,9.3,19.6796
Satara,1,25.6,39.0,Ceiling Fan,5,11.6,0.683
Mumbai,5,30.2,78.3,Ceiling Fan,2,4.9,0.6107
Satara,5,30.7,45.7,Iron,1,1.4,1.6755
Mumbai,2,27.1,62.5,Ceiling Fan,2,10.0,1.141
Mumbai,10,31.9,78.7,Microwave Oven,2,0.8,1.2206
Mumbai,11,26.8,65.7,Desktop Computer,4,4.8,1.2177
Mumbai,7,28.9,68.1,Microwave Oven,5,12.2,14.0169
Mumbai,4,35.0,65.3,Ceiling Fan,1,9.7,1.4385
Satara,5,16.1,94.2,Washing Machine,4,21.2,10.0749
Satara,10,28.0,62.9,Refrigerator,2,23.5,5.4519
Mumbai,4,44.6,39.3,Ceiling Fan,2,11.1,1.567
Mumbai,4,32.3,73.6,Water Heater (Geyser),1,2.2,7.1242
Mumbai,12,29.2,61.7,Water Heater (Geyser),2,2.3,6.4755
Mumbai,5,29.3,81.6,Refrigerator,4,22.9,4.0079
Mumbai,11,14.4,44.3,Ceiling Fan,5,6.9,0.3336
Satara,6,26.5,82.0,Ceiling Fan,2,9.1,1.0837
Satara,8,24.3,86.3,Air Conditioner,5,8.5,15.0756
Satara,2,25.6,33.2,Ceiling Fan,4,14.3,1.0584
Satara,6,17.6,85.7,Iron,3,0.6,0.6498
Mumbai,2,26.9,64.8,LED TV,3,6.1,0.5457
Mumbai,6,32.1,63.9,Air Conditioner,5,17.6,34.9731
Satara,12,21.2,62.5,Washing Machine,5,0.9,0.3562
Mumbai,8,29.0,84.9,Iron,5,0.5,0.4965
Satara,11,24.1,64.4,Microwave Oven,5,0.7,0.7948
Mumbai,1,24.1,69.2,LED TV,3,2.3,0.1999
Mumbai,12,28.5,64.6,Air Conditioner,1,7.0,21.3517
Mumbai,8,30.8,82.4,Ceiling Fan,1,9.3,1.3609
Satara,11,32.6,80.0,Room Heater,5,20.9,42.2511
Mumbai,8,11.7,79.9,Water Heater (Geyser),4,10.7,20.7853
Mumbai,5,32.3,72.3,Washing Machine,3,0.6,0.3596
Satara,3,42.7,75.8,Air Conditioner,5,16.2,39.0051
Mumbai,12,25.4,64.0,Room Heater,2,1.8,4.2821
Mumbai,3,26.6,63.3,Ceiling Fan,3,6.3,0.6157
Satara,7,26.4,86.5,Water Heater (Geyser),4,1.4,3.2677
Satara,1,20.7,44.0,Refrigerator,4,23.6,3.5059
Mumbai,5,33.0,75.7,Desktop Computer,5,8.5,1.9813
Mumbai,3,31.4,72.5,Room Heater,3,4.2,9.8161
Mumbai,4,32.5,66.6,Ceiling Fan,1,6.1,0.8886
Mumbai,9,31.8,84.3,Washing Machine,2,1.0,0.6891
Satara,7,24.2,84.7,Microwave Oven,1,0.4,0.6274
Satara,9,26.0,78.1,Room Heater,3,4.2,9.4483
Mumbai,9,28.8,84.7,Refrigerator,2,20.9,5.1052
Satara,12,23.2,73.5,Refrigerator,5,17.3,2.2891
Satara,11,24.8,67.5,Water Heater (Geyser),2,1.9,5.1569
Satara,6,31.7,79.7,Air Conditioner,3,7.4,19.6643
Mumbai,10,30.8,74.6,Air Conditioner,5,9.4,18.4233
Mumbai,9,21.3,67.0,Refrigerator,3,3.7,0.6872
Mumbai,4,30.6,72.8,Air Conditioner,1,6.0,19.1017
Mumbai,4,29.3,60.3,Refrigerator,1,22.8,5.9283
Mumbai,11,32.9,63.8,Microwave Oven,1,0.7,1.1296
Mumbai,9,30.1,84.8,Desktop Computer,2,4.7,1.5757
Satara,12,47.1,88.0,Room Heater,4,14.1,35.7128
Satara,11,16.4,56.1,Iron,5,21.9,19.8595
Mumbai,10,32.6,82.3,Iron,4,0.6,0.661
Mumbai,4,30.7,68.9,Room Heater,4,2.8,5.9381
Mumbai,3,29.7,56.5,Microwave Oven,1,1.4,2.1563
Satara,8,26.8,85.8,Ceiling Fan,2,11.1,1.2935
Mumbai,10,30.1,85.0,Desktop Computer,1,10.0,3.7381
Satara,11,25.9,47.7,Room Heater,5,1.9,3.348
Satara,8,25.6,87.2,Microwave Oven,5,0.3,0.345
Mumbai,9,29.5,85.8,Air Conditioner,4,10.8,24.2257
Satara,2,27.2,40.0,Washing Machine,5,1.5,0.592
Satara,3,16.1,35.1,Washing Machine,1,18.1,11.6827
Satara,5,30.7,66.9,Iron,3,0.9,1.0018
Satara,4,43.1,73.3,Air Conditioner,1,11.3,44.9329
Mumbai,5,33.4,33.7,Water Heater (Geyser),1,2.4,7.32
Mumbai,3,27.7,62.9,Air Conditioner,3,5.1,12.3776
Satara,5,27.3,54.6,Air Conditioner,2,9.6,25.2809
Mumbai,12,27.2,72.0,Air Conditioner,5,11.8,21.6027
Satara,7,25.7,92.3,Iron,4,0.9,0.962
Satara,4,30.1,38.6,Refrigerator,2,23.5,5.2583
Mumbai,7,29.7,91.6,Microwave Oven,5,0.5,0.6028
Mumbai,1,31.3,57.2,Room Heater,2,17.4,43.1388
Satara,3,29.3,53.0,Microwave Oven,5,1.3,1.4696
Mumbai,12,26.0,60.5,Washing Machine,4,1.4,0.6663
Satara,7,23.0,18.5,Water Heater (Geyser),2,14.1,34.2047
Satara,5,14.2,36.6,Water Heater (Geyser),3,16.4,33.7942
Satara,6,26.9,71.3,Room Heater,2,5.0,12.1866
Satara,11,23.8,38.9,Washing Machine,2,1.0,0.622
Mumbai,6,28.9,84.8,Iron,3,0.7,0.8043
Mumbai,11,30.4,64.5,Room Heater,1,1.3,3.3648
Mumbai,12,30.4,62.8,Room Heater,1,2.7,7.1601
Mumbai,8,29.8,87.0,Microwave Oven,4,0.6,0.785
Satara,12,27.1,40.4,Air Conditioner,3,9.3,21.345
Satara,12,25.3,58.1,Desktop Computer,1,3.8,1.3399
Satara,1,30.1,19.3,Air Conditioner,1,23.8,66.764
Satara,6,26.1,74.7,Refrigerator,5,21.7,3.0038
Satara,11,27.9,56.0,Water Heater (Geyser),2,2.4,6.5978
Mumbai,10,14.2,83.6,Iron,2,3.0,3.3904
Satara,7,23.2,92.8,Air Conditioner,3,4.9,11.0943
Satara,6,27.3,84.0,Microwave Oven,5,0.4,0.475
Satara,7,26.5,79.1,Microwave Oven,4,1.4,1.7779
Mumbai,4,32.2,71.0,Room Heater,5,3.3,6.5464
Satara,10,29.0,59.8,Microwave Oven,5,0.6,0.6859
Satara,12,18.6,84.7,Microwave Oven,2,7.4,10.622
Mumbai,8,29.6,83.3,LED TV,3,3.1,0.2825
Mumbai,11,19.4,58.1,LED TV,3,7.3,0.6192
Satara,9,24.6,76.6,Microwave Oven,4,0.5,0.6237
Satara,12,25.7,64.2,Iron,2,1.2,1.3938
Mumbai,7,27.2,88.0,Room Heater,3,3.7,8.5423
Mumbai,5,34.3,73.0,Water Heater (Geyser),3,1.3,3.5468
Mumbai,9,33.0,49.7,Water Heater (Geyser),1,9.5,29.9263
Mumbai,2,39.7,87.8,Room Heater,5,9.5,20.6738
Mumbai,10,31.0,79.4,Microwave Oven,3,0.9,1.2684
Mumbai,12,26.9,59.7,Iron,5,0.7,0.684
Mumbai,12,27.0,61.0,Washing Machine,3,1.9,1.099
Mumbai,12,45.1,21.6,LED TV,4,8.4,0.6838
Mumbai,12,43.1,43.2,Desktop Computer,1,3.0,1.1278
Mumbai,3,26.6,70.1,Desktop Computer,2,5.3,1.6944
Satara,9,30.5,86.4,Microwave Oven,2,1.7,2.6262
Mumbai,8,28.8,83.9,Room Heater,5,3.1,5.9678
Mumbai,2,21.2,68.1,Ceiling Fan,1,23.2,2.8699
Satara,11,28.7,46.8,Desktop Computer,4,5.8,1.454
Mumbai,5,10.8,58.3,Refrigerator,3,23.0,3.4944
Satara,8,25.8,79.5,LED TV,2,3.0,0.2967
Mumbai,5,28.9,61.6,Room Heater,2,1.5,3.5917
Mumbai,9,28.0,31.7,Room Heater,5,2.6,4.6359
Satara,1,16.7,45.7,Water Heater (Geyser),1,1.4,3.6398
Mumbai,4,30.4,73.0,Iron,4,0.4,0.4231
Mumbai,1,29.0,61.4,LED TV,5,7.2,0.5229
Mumbai,1,24.2,54.5,Iron,4,0.4,0.3943
Mumbai,7,27.1,89.3,Water Heater (Geyser),3,1.1,2.8962
Mumbai,6,31.4,77.0,Room Heater,3,3.6,8.4027
Mumbai,7,29.4,84.1,Washing Machine,5,0.6,0.2599
Satara,9,24.1,82.4,Iron,4,1.4,1.4475
Mumbai,11,30.3,63.6,Room Heater,4,5.1,10.7185
Mumbai,8,28.6,86.1,Washing Machine,5,1.4,0.5979
Satara,3,26.9,29.6,Iron,3,0.6,0.6265
Satara,2,28.3,89.3,LED TV,5,18.2,1.3473
Satara,8,24.2,83.8,Water Heater (Geyser),5,0.5,0.991
Mumbai,6,47.1,40.2,Water Heater (Geyser),5,10.6,25.0946
Satara,4,27.9,58.3,Water Heater (Geyser),4,0.8,1.7827
Satara,8,24.1,86.1,Room Heater,2,1.9,4.6381
Satara,5,34.2,56.9,Water Heater (Geyser),5,1.4,3.0316
Mumbai,2,29.6,65.7,Air Conditioner,3,9.8,24.5184
Mumbai,2,28.1,45.5,Desktop Computer,5,5.5,1.1624
Satara,7,26.5,84.3,Water Heater (Geyser),2,1.8,5.0817
Satara,9,13.5,68.3,Microwave Oven,5,17.5,18.5096
Mumbai,3,29.3,66.9,Water Heater (Geyser),4,1.6,3.7625
Mumbai,1,26.9,48.1,Ceiling Fan,3,15.0,1.4483
Mumbai,9,42.7,68.2,Microwave Oven,2,17.2,27.3676
Mumbai,11,26.8,69.5,Desktop Computer,4,6.3,1.5854
Mumbai,11,31.8,89.0,Refrigerator,4,21.0,3.8597
Mumbai,5,39.8,69.9,Room Heater,1,16.5,48.8987
Satara,10,20.7,89.6,Microwave Oven,5,23.1,27.1032
Satara,7,45.7,48.8,Air Conditioner,3,15.6,49.4794
Mumbai,3,29.0,64.2,Air Conditioner,1,10.3,31.7466
Mumbai,7,13.6,86.3,Iron,2,0.8,0.8964
Mumbai,9,30.0,77.6,Iron,4,1.0,1.0456
Satara,6,44.4,20.4,Iron,5,7.3,7.0458
Satara,10,27.1,62.7,Water Heater (Geyser),3,2.5,6.27
Mumbai,7,25.4,54.6,Refrigerator,1,23.2,5.721
Mumbai,8,29.2,89.6,Refrigerator,2,20.3,4.9172
Satara,12,15.7,23.5,Water Heater (Geyser),2,1.4,3.1559
Mumbai,5,31.4,79.1,Ceiling Fan,4,10.3,0.9031
Satara,12,31.2,87.5,Iron,1,4.7,6.1006
Mumbai,11,29.5,72.1,Iron,3,0.5,0.5596
Mumbai,10,22.0,82.5,Iron,2,21.6,25.1573
Mumbai,1,26.8,66.5,Washing Machine,3,0.9,0.51
Satara,1,20.2,50.9,LED TV,2,5.1,0.4657
Mumbai,9,31.6,80.7,Air Conditioner,1,10.1,32.9515
Satara,10,27.7,58.5,Iron,1,1.2,1.4366
Satara,5,32.8,49.2,Desktop Computer,3,8.1,2.3131
Satara,3,27.2,32.4,Refrigerator,2,21.3,4.6359
Mumbai,7,29.3,83.0,Air Conditioner,1,4.2,13.3354
Mumbai,12,25.8,61.4,Washing Machine,3,0.8,0.4452
Mumbai,9,21.1,61.4,Washing Machine,3,19.9,10.6938
Satara,3,13.3,27.0,Refrigerator,3,0.7,0.1076
Satara,2,23.4,23.0,Refrigerator,4,20.1,3.0255
Satara,1,19.0,57.2,Desktop Computer,4,7.7,1.8177
Mumbai,6,31.4,92.9,Water Heater (Geyser),1,0.9,2.9793
Satara,4,29.6,38.8,Iron,1,1.4,1.6388
Mumbai,11,28.9,73.6,Air Conditioner,5,10.5,19.7567
Mumbai,9,31.7,79.7,Microwave Oven,3,1.2,1.7364
Mumbai,6,31.5,82.6,Desktop Computer,5,3.7,0.852
Satara,2,26.2,42.9,Ceiling Fan,4,15.6,1.1971
Mumbai,6,14.9,16.0,Washing Machine,2,15.3,8.4486
Satara,2,44.4,24.5,Washing Machine,3,11.6,6.9458
Satara,2,24.4,42.6,Microwave Oven,5,0.7,0.7648
Satara,1,38.2,25.5,Desktop Computer,5,5.0,1.0709
Satara,1,25.0,94.4,Air Conditioner,3,15.5,36.0886
Satara,5,31.0,61.3,LED TV,4,3.3,0.2679
Satara,3,19.1,56.3,Microwave Oven,1,17.3,25.8837
Mumbai,9,27.0,85.5,LED TV,2,4.0,0.4043
Satara,9,22.8,83.1,Washing Machine,2,1.5,0.9708
Satara,7,25.6,77.0,Washing Machine,5,1.0,0.4213
Satara,2,25.0,37.5,Microwave Oven,4,0.3,0.3558
Satara,8,24.8,87.1,Microwave Oven,3,0.4,0.548
Satara,8,24.6,79.4,Water Heater (Geyser),1,1.9,5.6879
Satara,10,11.1,83.6,Air Conditioner,3,12.2,19.6536
Satara,10,27.8,55.0,Ceiling Fan,3,5.5,0.536
Mumbai,12,12.4,90.9,Iron,1,6.6,7.9527
Mumbai,3,39.2,31.5,Air Conditioner,2,8.1,25.2825
Mumbai,11,27.8,76.1,Refrigerator,2,20.7,4.7596
Satara,12,20.3,35.9,Air Conditioner,1,9.1,22.1331
Mumbai,4,32.3,70.4,Desktop Computer,3,6.3,1.8693
Mumbai,1,25.9,63.6,Microwave Oven,1,1.4,2.1985
Satara,6,31.1,79.9,Desktop Computer,5,4.2,0.946
Satara,11,47.4,36.9,Washing Machine,1,8.0,6.2993
Satara,7,27.1,79.9,Air Conditioner,4,8.5,18.2126
Satara,3,14.7,72.8,Microwave Oven,3,22.2,28.2324
Satara,4,32.8,48.6,Room Heater,4,2.7,5.6069
Satara,3,27.3,46.1,Water Heater (Geyser),4,1.5,3.3205
Mumbai,2,25.0,50.9,Refrigerator,2,23.2,4.97
Mumbai,4,29.0,73.4,Refrigerator,4,22.3,3.91
Mumbai,5,32.4,72.9,LED TV,3,5.2,0.4728
Satara,9,25.2,79.1,Room Heater,4,3.9,7.9655
Satara,4,29.7,32.8,Water Heater (Geyser),5,2.2,4.3415
Mumbai,8,30.2,32.2,Desktop Computer,4,8.5,2.0073
Mumbai,6,29.7,81.7,Washing Machine,1,1.8,1.3574
Satara,12,42.7,47.6,Room Heater,5,15.1,30.8453
Satara,6,27.9,77.9,Air Conditioner,2,7.1,20.0676
Mumbai,8,26.1,22.3,Air Conditioner,4,6.7,12.69
Satara,10,30.8,66.4,Water Heater (Geyser),5,3.0,6.3077
Satara,3,26.6,47.5,Room Heater,1,3.1,7.6899
Satara,11,23.3,61.8,Iron,1,1.0,1.1819
Mumbai,8,28.1,41.9,Washing Machine,4,16.4,7.8317
Satara,7,24.1,89.0,Microwave Oven,4,0.4,0.504
Mumbai,2,26.7,53.7,Room Heater,3,4.2,9.1725
Mumbai,5,32.3,82.9,Refrigerator,2,23.6,5.8935
Satara,5,35.6,79.3,Air Conditioner,4,5.1,12.7665
Mumbai,1,24.1,71.3,Refrigerator,4,22.1,3.6027
Satara,4,30.7,42.5,LED TV,1,4.6,0.4728
Mumbai,6,32.7,90.9,LED TV,5,4.0,0.3058
Mumbai,2,24.7,53.9,Room Heater,4,4.8,9.3795
Mumbai,8,46.0,16.3,Room Heater,3,19.9,47.9423
Satara,1,21.0,54.2,Iron,2,0.9,1.0024
Mumbai,6,29.1,82.1,Room Heater,4,2.9,6.3196
Satara,9,25.6,82.3,LED TV,5,4.7,0.3443
Satara,11,25.1,51.1,Ceiling Fan,5,13.3,0.7906
Satara,1,24.8,53.7,Room Heater,4,4.0,7.8211
Mumbai,1,19.5,58.9,Air Conditioner,5,17.3,25.6923
Satara,12,28.2,53.7,Washing Machine,5,1.5,0.5982
Satara,4,30.1,41.7,Desktop Computer,1,5.6,1.9006
Satara,2,10.9,87.7,Iron,1,18.2,21.4933
Satara,7,26.7,86.7,Washing Machine,3,1.2,0.7106
Mumbai,10,31.0,78.6,Washing Machine,3,0.6,0.3594
Satara,7,40.5,16.4,Air Conditioner,3,21.1,58.5007
Mumbai,9,29.3,85.2,Refrigerator,5,20.8,3.0586
Mumbai,6,30.1,88.0,LED TV,4,6.9,0.5851
Satara,2,29.7,41.3,LED TV,3,2.6,0.2273
Mumbai,11,28.1,75.6,Refrigerator,1,21.5,5.6909
Satara,1,22.3,49.5,Water Heater (Geyser),3,3.0,6.8511
Mumbai,5,34.2,72.4,Microwave Oven,3,0.3,0.4245
Satara,3,28.2,78.0,Water Heater (Geyser),5,21.1,43.8111
Mumbai,6,29.1,79.2,Water Heater (Geyser),1,2.0,6.2647
Satara,3,27.4,45.1,Water Heater (Geyser),3,1.7,4.0725
Satara,12,37.2,36.3,Water Heater (Geyser),3,18.0,49.0653
Mumbai,12,27.9,74.1,Refrigerator,4,22.8,3.8549
Satara,10,26.2,71.0,Microwave Oven,5,0.5,0.5656
Mumbai,8,16.3,28.8,Microwave Oven,4,5.0,5.5347
Satara,12,20.9,42.6,Water Heater (Geyser),5,1.0,1.8171
Mumbai,10,33.3,79.8,Water Heater (Geyser),3,2.5,6.8965
Satara,11,26.9,75.3,Air Conditioner,1,0.6,1.7929
Mumbai,11,24.4,72.5,Washing Machine,4,1.8,0.89
Satara,1,24.3,44.4,Desktop Computer,5,6.0,1.2267
Mumbai,8,13.8,84.2,Desktop Computer,5,7.5,1.5363
Satara,7,24.8,74.2,Iron,3,0.9,1.0044
Mumbai,5,32.3,79.6,LED TV,2,2.1,0.2156
Mumbai,6,29.9,80.2,Microwave Oven,4,1.1,1.4141
Satara,11,22.9,47.1,Iron,2,0.4,0.4469
Satara,10,19.6,61.5,Air Conditioner,1,10.2,25.1751
Mumbai,2,26.6,65.7,Air Conditioner,2,11.7,30.5831
Satara,11,23.5,59.0,Air Conditioner,4,7.3,13.877
Satara,11,24.5,49.5,Ceiling Fan,4,14.8,1.1127
Mumbai,1,24.8,63.3,LED TV,3,6.6,0.5786
Mumbai,2,26.8,18.9,Ceiling Fan,4,19.8,1.4761
Satara,12,21.6,47.5,LED TV,1,3.2,0.3275
Satara,1,18.2,43.7,Washing Machine,5,1.7,0.6428
Mumbai,3,27.2,67.0,Ceiling Fan,5,15.2,0.9457
Satara,6,28.8,73.9,Ceiling Fan,5,11.5,0.7529
Satara,3,32.8,40.9,Room Heater,4,4.5,9.3426
Satara,9,24.5,84.5,Air Conditioner,5,10.6,18.7094
Mumbai,4,41.6,43.4,Room Heater,4,7.1,15.6607
Satara,6,44.6,53.2,Washing Machine,5,23.1,10.232
Satara,1,36.7,53.0,Ceiling Fan,3,14.9,1.667
Mumbai,8,29.9,91.0,LED TV,4,2.8,0.2372
Satara,8,26.4,70.3,Iron,2,0.9,1.0489
Satara,12,14.0,83.9,Desktop Computer,4,16.9,4.0433
Mumbai,10,28.4,68.8,Air Conditioner,4,11.3,24.4583
Mumbai,12,38.5,79.8,Iron,2,21.7,26.4475
Satara,3,26.2,55.1,Room Heater,3,1.4,3.0489
Mumbai,2,27.5,69.8,Room Heater,4,3.9,7.9385
Mumbai,5,29.3,80.3,Iron,4,0.8,0.8496
Satara,6,16.5,65.6,Iron,3,13.8,14.4876
Satara,4,31.4,40.4,Refrigerator,3,23.2,4.6261
Satara,3,28.2,37.5,Water Heater (Geyser),3,2.6,6.3444
Mumbai,11,26.5,46.3,Iron,2,4.7,5.2525
Satara,10,25.8,67.4,Refrigerator,3,21.5,4.1479
Satara,11,21.4,42.1,Air Conditioner,2,9.9,22.1978
Mumbai,1,13.2,71.1,Refrigerator,2,2.2,0.4109
Mumbai,11,29.9,65.9,LED TV,2,4.3,0.4384
Mumbai,10,31.7,83.3,Room Heater,4,3.1,6.7953
Satara,5,31.4,52.5,Ceiling Fan,5,11.4,0.7741
Mumbai,5,33.0,64.4,Air Conditioner,3,2.9,7.6166
Satara,1,22.9,42.5,LED TV,3,7.1,0.5952
Mumbai,1,27.4,54.9,Microwave Oven,1,1.0,1.5787
Satara,9,24.2,77.6,Air Conditioner,3,4.9,11.0022
Mumbai,12,26.2,62.4,Iron,2,0.9,1.0323
Satara,8,32.2,53.8,Washing Machine,3,4.1,2.3278
Satara,3,29.1,39.0,Water Heater (Geyser),2,1.1,2.9754
Satara,1,23.9,47.3,Washing Machine,4,1.3,0.6106
Satara,8,25.4,84.7,Iron,2,1.3,1.5565
Mumbai,10,31.9,67.0,Refrigerator,2,20.8,4.9531
Mumbai,7,28.7,85.2,Ceiling Fan,3,5.6,0.5826
Satara,8,23.7,82.5,Air Conditioner,5,7.7,13.2244
Mumbai,1,23.9,58.1,Room Heater,1,5.3,13.1619
Satara,9,16.3,50.8,Desktop Computer,2,13.1,3.8448
Mumbai,12,26.4,64.6,Water Heater (Geyser),1,1.1,3.3429
Satara,7,27.9,78.8,LED TV,4,2.9,0.2393
Mumbai,9,28.1,92.9,Microwave Oven,1,0.3,0.4933
Satara,3,26.5,32.9,Iron,3,12.1,12.586
Mumbai,11,30.9,65.0,Water Heater (Geyser),3,1.7,4.4608
Satara,3,28.7,32.8,Microwave Oven,5,0.9,0.9824
Satara,10,25.9,55.1,Washing Machine,3,1.2,0.6653
Mumbai,6,28.2,87.9,Refrigerator,4,23.7,4.1809
Satara,11,22.9,61.6,Ceiling Fan,1,9.2,1.1504
Mumbai,6,34.1,84.2,Water Heater (Geyser),3,2.2,5.9888
Satara,8,28.1,81.1,Air Conditioner,4,3.0,6.5171
Satara,5,34.0,52.9,LED TV,2,4.9,0.4903
Satara,6,29.8,81.7,Air Conditioner,3,10.5,26.8812
Mumbai,7,16.8,42.4,Washing Machine,1,6.0,3.9877
Satara,2,46.3,19.1,Water Heater (Geyser),1,22.3,75.6635
Mumbai,8,27.8,85.8,Desktop Computer,1,5.6,2.0598
Satara,1,20.9,49.0,Washing Machine,3,20.6,11.1725
Mumbai,12,27.7,58.3,Ceiling Fan,5,4.0,0.2503
Satara,11,28.3,59.7,Refrigerator,5,21.0,2.9445
Mumbai,5,31.6,65.3,Microwave Oven,3,1.2,1.6656
Satara,5,31.6,57.7,Microwave Oven,3,1.3,1.7736
Satara,11,22.8,35.0,Water Heater (Geyser),3,1.8,4.1172
Mumbai,9,13.7,56.7,LED TV,2,14.3,1.2987
Satara,5,17.0,36.4,Refrigerator,5,21.3,2.4202
Mumbai,7,24.9,55.4,Desktop Computer,3,21.5,5.9725
Mumbai,9,30.0,88.8,Desktop Computer,3,8.8,2.6889
Mumbai,3,26.9,71.7,Ceiling Fan,1,7.4,1.0081
Satara,1,11.3,36.4,Air Conditioner,3,5.0,7.5152
Satara,8,14.1,40.3,Washing Machine,1,10.2,6.5551
Satara,11,13.4,89.7,Desktop Computer,4,19.7,4.6368
Mumbai,7,26.3,34.1,Water Heater (Geyser),1,15.3,44.1988
Satara,5,36.7,62.1,Air Conditioner,5,9.7,21.3529
Mumbai,9,13.5,55.0,Ceiling Fan,5,17.1,0.8202
Mumbai,8,27.9,89.6,Refrigerator,1,22.7,6.0335
Satara,12,45.2,54.8,Iron,5,1.8,1.8184
Mumbai,1,25.9,55.2,Ceiling Fan,2,10.1,1.1322
Mumbai,5,32.5,73.4,Air Conditioner,3,7.1,18.9755
Mumbai,10,35.0,80.7,Refrigerator,5,19.1,2.9782
Mumbai,10,30.6,78.2,LED TV,5,6.8,0.5061
Satara,12,22.9,47.3,Iron,1,1.1,1.2741
Satara,9,16.6,18.1,Microwave Oven,5,16.8,16.9932
Mumbai,12,12.0,84.4,Air Conditioner,2,13.1,25.0868
Satara,6,27.6,81.4,Ceiling Fan,3,4.6,0.4641
Mumbai,10,20.1,32.7,Room Heater,3,8.7,17.1131
Mumbai,11,30.3,65.1,Washing Machine,5,1.6,0.6704
Mumbai,9,20.6,41.6,Water Heater (Geyser),3,13.6,30.6557
Satara,1,19.4,43.0,Refrigerator,3,23.3,4.0697
Mumbai,1,26.6,64.2,Refrigerator,4,20.7,3.4136
Satara,5,27.3,67.4,Desktop Computer,3,11.9,3.412
Mumbai,7,29.9,91.8,Microwave Oven,4,1.3,1.7255
Satara,7,26.2,78.8,Air Conditioner,1,7.9,23.5145
Mumbai,1,26.9,65.8,Desktop Computer,1,4.3,1.5171
Mumbai,7,27.9,89.6,Microwave Oven,1,0.9,1.4517
Satara,9,26.0,62.4,Air Conditioner,3,10.4,24.5399
Satara,1,39.9,59.7,Desktop Computer,4,19.8,5.2963
Satara,7,24.0,54.4,LED TV,1,10.2,1.0324
Mumbai,5,28.9,65.2,Washing Machine,5,0.9,0.3707
Satara,6,26.2,71.4,Iron,3,0.9,1.0006
Satara,7,26.7,86.9,LED TV,4,6.5,0.537
Mumbai,3,29.0,65.9,Air Conditioner,3,2.2,5.4041
Satara,12,21.8,39.0,Ceiling Fan,5,10.6,0.5916
Mumbai,12,27.0,66.8,Desktop Computer,1,2.6,0.9208
Mumbai,5,36.7,78.0,Desktop Computer,4,6.6,1.7996
Mumbai,12,43.6,94.1,LED TV,4,1.7,0.1546
Satara,5,34.5,63.1,Air Conditioner,4,9.6,22.8758
Mumbai,3,30.6,63.1,Water Heater (Geyser),3,0.6,1.5723
Satara,3,22.5,75.6,Ceiling Fan,1,1.4,0.1785
Satara,3,39.9,60.4,Room Heater,4,7.9,18.0787
Mumbai,3,28.3,58.5,Desktop Computer,3,4.1,1.183
Satara,2,23.4,34.0,Ceiling Fan,3,5.1,0.4532
Mumbai,4,30.8,68.3,Air Conditioner,1,5.4,17.0225
Satara,12,23.2,38.6,LED TV,4,4.7,0.352
Satara,9,24.6,75.3,Water Heater (Geyser),3,1.0,2.4643
Satara,8,24.6,89.7,Room Heater,4,3.5,7.2735
Satara,9,26.0,90.3,Water Heater (Geyser),5,1.9,3.9227
Mumbai,2,17.5,77.7,LED TV,3,21.9,1.9237
Satara,5,35.9,53.4,Microwave Oven,1,0.7,1.1325
Satara,6,47.5,33.4,Ceiling Fan,3,5.6,0.6911
Satara,2,21.7,44.9,Water Heater (Geyser),4,2.5,5.0929
Mumbai,12,18.9,29.7,LED TV,4,18.0,1.3187
Mumbai,3,30.7,42.1,Refrigerator,3,11.6,2.3332
Satara,4,35.5,46.2,Iron,1,0.8,0.9764
Mumbai,5,32.6,68.6,Iron,4,1.1,1.1751
Satara,8,25.9,76.7,Iron,3,0.8,0.9006
Mumbai,7,28.5,89.2,Microwave Oven,5,1.1,1.3022
Mumbai,3,27.1,64.7,Refrigerator,5,20.8,2.8589
Satara,1,20.6,52.9,Iron,3,0.8,0.8314
Satara,4,21.2,60.6,Air Conditioner,4,19.4,35.4003
Mumbai,1,25.6,65.5,Desktop Computer,2,5.5,1.7705
Satara,3,42.3,34.6,Air Conditioner,1,17.1,62.4686
Satara,11,12.8,34.7,Desktop Computer,2,5.5,1.5427
Mumbai,4,28.5,74.4,Desktop Computer,5,2.8,0.6351
Mumbai,7,29.3,88.4,Room Heater,4,4.3,9.3731
Mumbai,5,21.0,31.6,Water Heater (Geyser),5,9.8,17.3716
Satara,2,42.9,56.0,Refrigerator,1,12.6,3.8687
Satara,2,24.9,50.6,Refrigerator,1,21.1,5.0852
Mumbai,1,25.2,55.8,Washing Machine,1,1.9,1.3437
Satara,5,32.1,45.2,Room Heater,2,2.7,6.4887
Satara,10,27.0,69.4,Microwave Oven,2,1.2,1.7642
Satara,9,26.6,73.7,Desktop Computer,1,3.1,1.1167
Mumbai,2,31.6,61.3,Air Conditioner,3,12.0,30.4795
Mumbai,2,28.6,58.3,Water Heater (Geyser),3,2.6,6.5967
Mumbai,2,24.1,59.7,Washing Machine,3,1.0,0.5592
Satara,10,30.1,74.1,Air Conditioner,4,6.4,14.4335
Mumbai,4,32.1,25.4,Microwave Oven,2,23.2,32.6945
Satara,9,13.9,82.6,LED TV,2,23.1,2.1856
Satara,11,27.2,44.9,Iron,2,0.4,0.4572
Satara,9,25.3,67.7,LED TV,1,2.2,0.2366
Satara,10,38.8,84.5,Microwave Oven,3,8.7,12.967
Mumbai,4,31.2,72.6,Iron,5,0.3,0.2971
Mumbai,5,31.2,70.0,Room Heater,4,1.3,2.7477
Satara,4,30.8,55.7,Air Conditioner,4,11.7,26.4105
Satara,4,44.3,24.9,LED TV,5,16.2,1.1629
Mumbai,12,26.2,60.0,LED TV,1,5.5,0.586
Mumbai,7,30.0,83.0,Iron,1,0.7,0.8855
Mumbai,11,28.0,61.9,Iron,5,1.0,0.9733
Mumbai,11,28.0,60.9,Microwave Oven,4,1.3,1.611
Satara,2,16.1,36.3,Washing Machine,2,0.9,0.527
Satara,7,24.8,81.7,Refrigerator,3,20.5,3.9903
Mumbai,10,31.9,77.3,Air Conditioner,2,11.3,33.3284
Mumbai,11,29.1,83.5,Water Heater (Geyser),2,2.8,8.0324
Satara,12,19.9,54.7,Refrigerator,4,20.6,3.039
Satara,8,23.9,82.0,Iron,5,1.1,1.0688
Mumbai,1,10.5,34.3,Water Heater (Geyser),1,23.4,55.3302
Satara,7,24.2,86.6,Ceiling Fan,5,14.2,0.8905
Satara,7,25.0,72.7,Refrigerator,4,20.0,3.3341
Satara,9,24.4,80.2,Room Heater,3,5.3,11.6165
Satara,11,21.1,54.4,Water Heater (Geyser),4,0.5,1.055
Satara,11,38.3,47.1,Microwave Oven,5,17.1,20.03
Mumbai,8,28.8,96.6,Ceiling Fan,3,4.6,0.4826
Mumbai,2,24.6,65.8,Washing Machine,1,1.3,0.9269
Mumbai,7,32.9,83.1,LED TV,4,1.6,0.135
Mumbai,2,28.6,62.7,Air Conditioner,1,7.6,23.1686
Satara,10,27.5,42.0,Refrigerator,3,12.4,2.3696
Satara,5,37.5,70.7,LED TV,1,5.9,0.6703
Satara,3,27.3,51.2,Room Heater,1,4.3,10.9097
Mumbai,5,33.2,68.4,Washing Machine,5,0.9,0.3797
Mumbai,1,26.2,58.4,Microwave Oven,3,1.2,1.6106
Mumbai,9,28.6,90.8,Refrigerator,1,23.2,6.3246
Mumbai,8,27.9,86.8,Desktop Computer,4,8.0,2.0737
Satara,12,25.9,39.2,Microwave Oven,3,1.0,1.2949
Mumbai,9,21.5,72.2,Refrigerator,3,16.0,2.9587
Mumbai,2,46.5,79.6,Iron,5,11.3,11.958
Mumbai,9,30.4,85.7,Room Heater,4,4.3,9.4873
Satara,9,24.8,68.7,Water Heater (Geyser),3,1.8,4.4501
Mumbai,3,35.9,24.7,LED TV,3,3.2,0.2823
Satara,12,45.1,47.2,Ceiling Fan,3,5.5,0.6794
Mumbai,2,27.4,64.4,Refrigerator,1,21.6,5.4966
Mumbai,9,29.5,83.0,Microwave Oven,3,1.0,1.4234
Mumbai,7,28.3,79.6,Iron,5,1.3,1.2589
Mumbai,11,16.8,72.6,Ceiling Fan,5,4.6,0.2471
Mumbai,10,29.1,70.9,Room Heater,2,6.0,14.5495
Satara,11,31.0,51.0,Air Conditioner,1,3.4,10.6639
Satara,2,37.0,29.6,Desktop Computer,3,5.9,1.7091
Satara,4,27.3,40.2,Water Heater (Geyser),2,2.3,6.1092
Satara,8,31.3,58.0,Water Heater (Geyser),5,20.9,43.4294
Satara,3,26.7,36.6,Washing Machine,2,1.9,1.167
Satara,10,23.4,51.8,Ceiling Fan,5,9.6,0.557
Mumbai,2,12.8,68.1,LED TV,5,14.5,0.9685
Mumbai,6,29.3,82.4,Air Conditioner,4,8.1,18.1183
Mumbai,7,28.9,86.2,Desktop Computer,5,7.8,1.731
Mumbai,2,25.0,62.3,Iron,4,0.8,0.8235
Satara,8,23.5,79.7,Air Conditioner,1,10.6,29.6768
Satara,11,26.4,45.3,Water Heater (Geyser),5,1.1,2.161
Mumbai,9,27.5,77.7,Washing Machine,3,1.2,0.6941
Mumbai,1,24.3,57.6,Refrigerator,5,20.8,2.7533
Mumbai,5,32.3,69.7,Water Heater (Geyser),2,2.6,7.6197
Satara,6,24.4,64.7,Ceiling Fan,1,8.2,1.0494
Satara,6,14.6,70.5,Ceiling Fan,5,8.5,0.4306
Mumbai,1,44.3,51.9,Water Heater (Geyser),2,15.5,49.6434
Mumbai,7,30.4,89.3,Room Heater,4,5.7,12.2679
Satara,3,16.4,23.8,Iron,5,4.0,3.4372
Satara,6,24.3,84.5,LED TV,5,4.4,0.3132
Satara,2,26.2,45.7,Ceiling Fan,3,23.5,2.2318
Mumbai,1,26.4,93.4,Desktop Computer,5,2.1,0.4746
Mumbai,8,30.5,84.9,Refrigerator,1,21.1,5.7625
Mumbai,5,31.5,72.5,LED TV,5,7.6,0.5601
Satara,11,25.7,61.3,Iron,5,0.9,0.8587
Satara,2,22.6,49.9,Microwave Oven,3,0.9,1.1538
Mumbai,6,30.0,83.8,Microwave Oven,2,1.2,1.8422
Mumbai,6,32.1,85.6,Air Conditioner,3,8.3,22.4297
Satara,8,24.3,89.2,Iron,4,1.4,1.4723
Mumbai,11,30.7,63.5,Microwave Oven,3,0.5,0.6909
Satara,5,33.5,46.5,Refrigerator,3,20.7,4.3693
Mumbai,3,17.5,15.7,LED TV,2,15.2,1.3044
Mumbai,9,31.8,89.8,Ceiling Fan,5,13.9,0.9933
Mumbai,1,27.0,61.2,Refrigerator,4,21.4,3.547
Mumbai,7,29.8,87.0,Ceiling Fan,5,7.3,0.4914
Satara,5,30.4,42.8,Air Conditioner,3,11.3,27.7311
Mumbai,2,27.4,64.0,Microwave Oven,4,0.8,1.0113
Satara,2,24.4,38.5,Washing Machine,3,0.7,0.3773
Satara,3,35.6,42.0,Microwave Oven,5,1.0,1.1577
Mumbai,3,26.9,62.6,Iron,2,0.4,0.467
Satara,6,25.7,68.6,Water Heater (Geyser),3,2.2,5.5708
Satara,2,24.9,37.3,Desktop Computer,3,7.0,1.9083
Satara,8,25.7,83.4,Room Heater,5,5.4,10.1184
Mumbai,9,29.2,77.2,Room Heater,3,4.9,11.2887
Mumbai,9,11.7,16.1,Air Conditioner,5,8.1,9.1655
Mumbai,9,29.7,44.4,Ceiling Fan,4,23.8,1.8804
Mumbai,7,30.1,88.3,Air Conditioner,4,4.9,11.1962
Satara,10,31.0,61.2,Ceiling Fan,2,10.1,1.2084
Mumbai,12,30.3,68.8,Microwave Oven,1,1.4,2.2337
Mumbai,2,32.9,67.8,Refrigerator,3,16.7,3.5901
Satara,5,37.4,90.0,Desktop Computer,3,9.7,3.0221
Satara,6,36.7,61.8,Room Heater,4,16.8,37.2527
Mumbai,11,27.1,69.7,Ceiling Fan,2,14.2,1.6397
Satara,7,25.4,22.6,Desktop Computer,5,20.3,4.0124
Satara,5,19.1,42.6,Ceiling Fan,4,19.1,1.2917
Mumbai,9,11.3,23.8,LED TV,1,18.0,1.6742
Mumbai,12,27.2,66.6,Water Heater (Geyser),3,1.4,3.6206
Mumbai,1,25.9,59.4,Desktop Computer,2,5.8,1.822
Mumbai,1,26.0,59.8,Desktop Computer,1,7.1,2.445
Mumbai,9,29.1,82.3,Desktop Computer,3,7.0,2.069
Mumbai,5,25.8,49.7,Refrigerator,4,11.5,1.8322
Mumbai,7,29.2,82.8,Refrigerator,1,22.0,6.0436
Satara,6,27.1,69.9,Iron,4,1.4,1.4277
Mumbai,1,25.5,44.8,LED TV,2,6.6,0.6204
Satara,10,24.5,50.1,LED TV,5,7.5,0.5128
Mumbai,9,44.1,63.0,Room Heater,1,16.9,51.1604
Satara,8,23.9,85.3,Microwave Oven,1,1.4,2.2412
Satara,6,27.5,68.5,Iron,3,1.3,1.433
Mumbai,7,30.0,78.3,Room Heater,2,2.4,5.9397
Satara,8,25.3,82.3,Ceiling Fan,2,11.3,1.3109
Mumbai,8,35.4,26.3,Desktop Computer,4,17.8,4.4153
Satara,4,29.5,52.4,Microwave Oven,5,0.8,0.9068
Mumbai,3,29.7,71.8,Room Heater,4,4.2,8.9015
Satara,7,21.3,23.8,Washing Machine,3,6.6,3.376
Mumbai,2,24.9,71.0,Water Heater (Geyser),1,0.7,2.082
Mumbai,7,27.7,88.8,Refrigerator,2,21.2,5.1409
Mumbai,2,24.1,51.8,Washing Machine,1,0.7,0.4931
Mumbai,7,30.0,85.6,Iron,5,1.1,1.0886
Mumbai,10,29.0,89.1,Refrigerator,3,20.6,4.2375
Mumbai,10,31.1,80.0,Microwave Oven,2,1.3,1.9984
Mumbai,7,29.8,87.5,LED TV,1,3.1,0.3578
Satara,11,29.1,44.2,Washing Machine,3,0.8,0.4449
Mumbai,8,28.2,90.0,Water Heater (Geyser),5,0.8,1.6969
Mumbai,9,30.0,86.9,Air Conditioner,3,10.6,27.5158
Mumbai,3,26.9,63.5,Refrigerator,3,20.2,3.9029
Satara,4,29.1,33.2,Microwave Oven,2,0.3,0.4206
Mumbai,7,30.4,87.8,Desktop Computer,4,4.3,1.1297
Satara,2,24.1,63.1,Microwave Oven,3,14.2,18.6227
Satara,5,32.9,51.3,Air Conditioner,3,4.0,10.6432
Satara,3,14.0,46.5,Microwave Oven,2,11.6,15.4954
Mumbai,5,29.6,74.0,Desktop Computer,3,6.1,1.7921
Mumbai,1,24.2,68.0,Washing Machine,5,0.6,0.2446
Mumbai,8,17.3,70.6,Room Heater,2,13.1,28.5456
Mumbai,11,46.0,64.5,Iron,5,5.9,6.1671
Mumbai,8,28.3,83.6,Ceiling Fan,4,8.3,0.6982
Satara,4,28.5,52.8,Room Heater,2,2.2,5.236
Mumbai,5,37.4,81.7,Water Heater (Geyser),2,9.8,30.4708
Mumbai,5,33.5,88.4,Washing Machine,5,11.4,5.0335
Mumbai,2,27.3,53.9,Room Heater,4,1.6,3.1933
Mumbai,1,25.8,65.0,Desktop Computer,4,7.8,1.9586
Mumbai,11,31.0,77.6,Ceiling Fan,2,5.7,0.7151
Mumbai,3,28.1,62.4,LED TV,3,3.5,0.3173
Mumbai,11,29.9,58.4,Iron,4,1.0,1.0374
Mumbai,10,31.1,71.8,LED TV,1,2.7,0.2971
Satara,3,33.7,36.6,Washing Machine,2,2.0,1.2762
Satara,4,44.0,93.3,Desktop Computer,2,10.7,3.9377
Satara,10,29.5,57.7,Water Heater (Geyser),2,1.7,4.8087
Satara,12,31.8,46.5,Washing Machine,4,21.1,10.2179
Mumbai,12,26.6,55.9,Washing Machine,5,1.8,0.7373
Satara,7,22.8,93.0,Water Heater (Geyser),2,2.0,5.5971
Mumbai,11,33.9,70.8,LED TV,1,4.6,0.5053
Mumbai,7,29.6,73.8,Desktop Computer,1,2.7,0.9665
Mumbai,6,30.7,88.6,Washing Machine,3,1.2,0.7133
Satara,12,22.8,84.0,Microwave Oven,3,19.5,26.5521
Mumbai,1,24.3,58.7,Desktop Computer,4,4.7,1.1357
Satara,12,24.6,66.8,Microwave Oven,4,10.1,12.5589
Satara,7,24.3,52.2,Refrigerator,5,12.2,1.6133
Satara,10,44.3,77.7,Microwave Oven,5,19.3,24.3208
Satara,3,24.6,32.5,Air Conditioner,3,5.7,12.2714
Satara,3,26.8,32.3,Microwave Oven,1,1.0,1.4817
Satara,4,27.4,40.9,Desktop Computer,2,5.8,1.8118
Satara,8,28.8,82.9,Refrigerator,5,6.3,0.9186
Mumbai,9,28.7,93.2,Air Conditioner,1,4.4,13.7837
Satara,4,13.0,48.8,Washing Machine,3,5.7,2.9053
Mumbai,3,32.7,37.0,Room Heater,4,2.4,5.0014
Satara,4,20.7,50.8,Refrigerator,5,8.0,0.9903
Satara,1,25.4,62.0,Ceiling Fan,2,4.5,0.5133
Mumbai,11,40.7,58.7,Room Heater,1,8.5,24.7972
Mumbai,3,10.1,51.1,Desktop Computer,5,8.8,1.6868
Satara,2,17.4,66.3,Water Heater (Geyser),2,7.9,19.8385
Mumbai,10,31.4,75.3,Iron,5,1.1,1.0762
Mumbai,9,27.9,81.3,Room Heater,2,3.6,9.0725
Mumbai,10,37.5,76.9,Microwave Oven,5,17.5,21.595
Satara,11,24.6,46.0,Iron,3,0.7,0.7277
Satara,2,15.9,18.4,Air Conditioner,1,6.6,13.9026
Satara,9,24.1,76.5,Microwave Oven,4,1.0,1.2467
Mumbai,6,32.4,84.8,Refrigerator,2,23.5,5.9001
Satara,10,25.9,59.8,Air Conditioner,5,4.3,7.3022
Mumbai,9,29.5,90.9,Water Heater (Geyser),3,2.1,5.5815
Mumbai,8,31.2,36.2,LED TV,2,9.5,0.9038
Mumbai,12,27.6,72.5,Water Heater (Geyser),4,1.7,4.0003
Mumbai,5,31.0,66.8,Desktop Computer,5,2.3,0.5178
Mumbai,10,28.8,79.0,Iron,4,0.4,0.4342
Mumbai,8,29.2,89.4,LED TV,1,4.7,0.5262
Satara,8,27.6,85.7,LED TV,4,6.8,0.5654
Mumbai,7,30.0,90.7,LED TV,3,7.6,0.7103
Mumbai,3,27.7,57.0,Washing Machine,3,1.3,0.7362
Mumbai,12,28.9,65.5,Air Conditioner,5,7.6,14.4299
Satara,5,30.8,27.0,Iron,4,0.3,0.2965
Mumbai,2,25.9,61.5,Air Conditioner,5,8.1,14.2617
Mumbai,3,25.7,66.1,Washing Machine,1,1.2,0.8702
Mumbai,11,28.9,71.8,Water Heater (Geyser),4,2.9,6.7779
Satara,1,28.5,22.5,Refrigerator,3,19.0,3.6053
Satara,10,26.2,55.8,Desktop Computer,2,7.5,2.3106
Mumbai,6,12.0,49.3,Ceiling Fan,4,19.0,1.1335
Satara,12,21.5,53.3,Ceiling Fan,2,14.2,1.4634
Mumbai,11,33.3,76.6,Water Heater (Geyser),4,1.1,2.6991
Satara,8,25.1,76.0,Iron,3,0.8,0.869
Satara,10,26.9,68.7,Refrigerator,4,22.3,3.7982
Satara,9,25.5,87.0,Iron,1,0.4,0.5049
Mumbai,2,25.6,33.7,Microwave Oven,3,1.0,1.2866
Satara,8,27.1,82.2,Washing Machine,4,1.2,0.606
Mumbai,1,28.5,64.6,LED TV,5,3.4,0.2434
Satara,12,23.3,36.1,LED TV,5,2.3,0.1539
Mumbai,7,28.9,86.5,Microwave Oven,4,1.0,1.2841
Mumbai,9,40.1,15.2,Microwave Oven,3,8.6,11.6325
Satara,5,13.0,76.7,Water Heater (Geyser),4,10.4,20.3865
Satara,12,21.2,55.3,Refrigerator,3,22.7,4.086
Mumbai,6,23.1,81.7,Iron,5,9.1,8.7987
Satara,3,39.0,45.9,Water Heater (Geyser),1,16.2,53.2915
Mumbai,6,32.5,85.5,Refrigerator,3,21.2,4.6725
Mumbai,12,27.0,69.4,LED TV,2,7.2,0.7004
Satara,11,11.4,30.8,Washing Machine,2,8.9,5.018
Satara,11,34.0,78.7,Washing Machine,4,13.1,6.8449
Satara,11,29.1,64.7,Iron,4,0.8,0.8326
Mumbai,10,28.5,75.7,Washing Machine,2,1.0,0.6603
Mumbai,9,30.3,78.3,LED TV,2,7.5,0.7496
Mumbai,10,31.1,87.5,Iron,3,0.5,0.5739
Satara,5,33.5,51.5,LED TV,5,5.3,0.3802
Satara,7,27.2,90.3,Air Conditioner,3,11.3,28.1269
Mumbai,6,30.6,80.8,LED TV,4,4.5,0.3781
Mumbai,12,10.2,17.1,Microwave Oven,2,8.9,10.8173
Mumbai,6,33.2,87.0,Air Conditioner,1,3.4,11.7027
Mumbai,11,30.4,70.8,LED TV,5,4.4,0.3177
Mumbai,4,27.9,65.4,Air Conditioner,2,4.3,11.6207
Mumbai,9,30.1,82.1,Room Heater,2,4.4,11.2839
Satara,2,16.1,38.6,Iron,2,5.6,5.9458
Mumbai,3,30.1,51.1,Washing Machine,5,0.6,0.2476
Satara,6,22.2,77.7,Refrigerator,4,23.5,3.7686
Satara,1,19.9,22.0,Ceiling Fan,4,23.7,1.589
Satara,10,25.7,60.6,Refrigerator,3,21.0,4.0687
Mumbai,9,30.8,83.6,Ceiling Fan,3,13.9,1.4869
Satara,11,24.8,54.8,Washing Machine,2,0.9,0.5641
Mumbai,11,29.0,64.0,Desktop Computer,2,4.9,1.5551
Satara,2,10.1,21.3,Room Heater,5,12.8,18.3478
Satara,1,21.3,41.1,Water Heater (Geyser),3,2.6,5.8816
Mumbai,1,25.9,58.2,Water Heater (Geyser),1,0.7,2.0312
Mumbai,11,26.2,58.3,Washing Machine,4,1.9,0.9297
Mumbai,10,32.0,82.9,Air Conditioner,2,8.8,26.5782
Satara,2,24.3,43.3,LED TV,5,3.0,0.2035
Satara,8,29.9,78.8,Desktop Computer,1,9.6,3.5275
Mumbai,2,26.0,66.5,Water Heater (Geyser),1,1.1,3.3602
Mumbai,2,40.4,41.7,LED TV,1,17.7,1.9646
Satara,3,32.8,26.7,Water Heater (Geyser),5,3.8,7.6285
Mumbai,7,29.1,88.7,Desktop Computer,1,6.7,2.4847
Mumbai,3,29.2,70.8,Desktop Computer,3,14.3,4.1811
Mumbai,7,29.3,88.6,Air Conditioner,5,11.8,23.0104
Mumbai,6,30.6,83.6,Room Heater,4,2.1,4.5838
Satara,5,31.8,50.5,Refrigerator,1,22.9,6.0495
Mumbai,1,13.0,34.2,Room Heater,3,19.2,34.8943
Mumbai,1,25.3,58.6,Water Heater (Geyser),1,0.8,2.3339
Satara,2,14.1,63.4,LED TV,5,20.0,1.3303
Mumbai,9,27.3,79.2,Microwave Oven,3,1.1,1.5116
Mumbai,7,29.5,84.6,Air Conditioner,2,6.2,17.7315
Mumbai,7,41.7,28.3,Air Conditioner,3,1.7,4.9858
Mumbai,6,16.7,43.7,Ceiling Fan,4,15.9,1.0277
Satara,5,10.4,93.1,Refrigerator,4,21.6,2.9589
Satara,1,20.8,28.8,Iron,4,11.2,10.5041
Mumbai,7,47.4,39.3,Air Conditioner,2,8.1,29.1752
Mumbai,6,32.6,85.5,Desktop Computer,5,7.2,1.6285
Mumbai,8,28.6,96.9,LED TV,1,3.7,0.4184
Satara,5,30.3,53.5,Iron,5,0.3,0.2819
Satara,3,15.0,83.9,Air Conditioner,5,13.1,17.8917
Mumbai,12,25.1,68.7,Microwave Oven,5,1.3,1.4822
Mumbai,6,33.5,86.0,LED TV,2,6.2,0.6508
Satara,7,28.6,89.0,Refrigerator,1,21.9,5.9285
Mumbai,3,28.5,67.6,Microwave Oven,2,1.1,1.6324
Satara,8,23.9,91.6,Washing Machine,1,0.7,0.5285
Mumbai,7,24.0,54.9,Iron,4,5.5,5.602
Satara,12,23.7,48.9,Refrigerator,1,22.2,5.3133
Satara,10,43.2,92.2,Ceiling Fan,4,10.6,1.1221
Satara,11,24.3,51.3,Refrigerator,5,21.2,2.7525
Satara,5,31.1,48.1,Room Heater,1,2.6,6.872
Satara,2,20.7,56.0,Water Heater (Geyser),5,2.8,5.2039
Satara,5,33.8,43.0,Refrigerator,3,21.4,4.4083
Mumbai,6,30.5,81.7,Microwave Oven,4,1.2,1.6046
Mumbai,7,35.2,22.9,Microwave Oven,4,23.3,28.2065
Mumbai,3,29.0,51.4,Room Heater,1,3.1,7.9834
Satara,1,10.7,32.1,Air Conditioner,5,10.5,11.9203
Mumbai,10,32.0,71.1,Iron,1,1.5,1.8732
Mumbai,10,17.0,56.6,Room Heater,4,5.4,9.8168
Satara,12,21.4,40.4,LED TV,3,2.3,0.1918
Satara,3,30.3,27.8,Ceiling Fan,5,4.6,0.2846
Satara,8,24.4,88.8,Ceiling Fan,4,8.0,0.6382
Satara,3,30.9,53.9,Washing Machine,4,1.7,0.8299
Mumbai,2,25.7,48.8,Desktop Computer,5,5.6,1.161
Mumbai,7,32.4,88.2,Washing Machine,4,2.0,1.0572
Mumbai,7,29.2,90.2,Water Heater (Geyser),1,1.7,5.5204
Satara,4,14.1,22.3,Microwave Oven,2,9.3,11.7316
Satara,6,22.7,91.2,Microwave Oven,4,2.0,2.5512
Mumbai,1,10.8,40.9,LED TV,3,12.0,0.9568
Mumbai,1,26.6,55.4,Desktop Computer,4,8.3,2.0377
Satara,1,21.5,54.6,Room Heater,5,2.7,4.6102
Mumbai,1,24.6,69.7,Room Heater,1,5.6,14.1842
Mumbai,4,31.1,69.8,Refrigerator,2,22.7,5.5612
Mumbai,8,31.1,83.4,Iron,2,1.4,1.6864
Satara,5,31.0,50.1,Ceiling Fan,1,14.0,1.9223
Satara,1,26.8,44.3,Desktop Computer,2,7.7,2.365
Satara,10,14.4,95.0,Air Conditioner,3,19.9,36.1583
Mumbai,10,32.5,81.4,Iron,3,0.8,0.9153
Mumbai,12,27.9,74.1,Room Heater,5,7.2,13.5958
Satara,11,23.9,52.7,Desktop Computer,5,4.7,0.972
Mumbai,2,47.6,93.2,Refrigerator,5,19.2,3.4988
Satara,8,23.1,71.7,Room Heater,3,5.3,11.5182
Mumbai,10,28.1,73.2,Ceiling Fan,3,14.3,1.4535
Satara,5,30.3,66.1,Desktop Computer,3,5.1,1.4963
Satara,8,24.1,84.4,Iron,3,0.8,0.8611
Mumbai,6,34.2,79.4,Ceiling Fan,3,8.0,0.9109
Mumbai,10,28.7,28.7,Refrigerator,3,16.3,3.0528
Satara,10,17.4,45.0,LED TV,5,8.1,0.5198
Satara,10,28.1,59.1,Iron,3,0.9,0.9831
Mumbai,1,13.6,16.9,Washing Machine,4,15.6,6.4574
Mumbai,1,27.8,60.7,LED TV,3,7.7,0.6745
Mumbai,2,24.7,70.6,Washing Machine,4,1.7,0.8346
Satara,12,21.8,37.0,Air Conditioner,3,9.3,18.5786
Mumbai,12,27.4,52.5,Ceiling Fan,1,19.4,2.5529
Satara,12,19.9,47.3,Desktop Computer,5,9.4,1.8996
Satara,6,27.7,81.8,Refrigerator,5,20.9,2.9927
Mumbai,12,25.7,60.3,Iron,5,0.6,0.5792
Satara,3,28.0,45.6,Desktop Computer,2,8.1,2.5358
Mumbai,12,30.4,60.2,Ceiling Fan,2,4.5,0.5413
Mumbai,3,24.6,68.0,Room Heater,3,4.9,10.5948
Mumbai,4,14.6,89.4,Iron,5,13.5,12.7097
Satara,6,28.3,72.0,Water Heater (Geyser),5,2.2,4.5916
Satara,1,20.5,42.2,Iron,4,0.5,0.4841
Satara,9,23.8,76.2,Iron,3,0.8,0.867
Mumbai,2,27.5,58.0,Room Heater,1,5.8,14.8126
Satara,11,25.2,46.3,Ceiling Fan,2,7.5,0.8263
Mumbai,5,35.0,65.2,Refrigerator,4,22.1,4.1817
Satara,3,26.3,41.9,Ceiling Fan,4,12.8,0.9825
Mumbai,1,23.9,65.1,Refrigerator,2,23.8,5.2582
Satara,1,24.3,48.3,Ceiling Fan,5,15.6,0.9145
Satara,5,31.9,59.6,Refrigerator,4,21.1,3.7385
Mumbai,4,30.5,66.4,LED TV,4,2.8,0.2273
Mumbai,1,26.5,52.8,Microwave Oven,3,1.1,1.4552
Mumbai,3,32.8,22.1,Iron,2,1.9,2.0611
Mumbai,6,33.3,77.7,Ceiling Fan,1,9.1,1.3807
Mumbai,9,29.4,75.2,LED TV,4,6.4,0.5237
Satara,6,14.0,25.2,Ceiling Fan,2,10.0,0.8764
Mumbai,10,29.7,76.2,Air Conditioner,1,4.6,14.3981
Mumbai,9,29.3,79.1,Washing Machine,4,1.6,0.8106
Mumbai,7,13.4,85.4,Refrigerator,5,21.6,2.4924
Mumbai,6,33.1,74.3,Washing Machine,3,1.2,0.7234
Mumbai,1,22.8,26.4,Iron,3,16.8,17.0079
Mumbai,3,25.2,68.6,Room Heater,3,1.0,2.1702
Mumbai,5,31.3,76.2,Water Heater (Geyser),4,1.0,2.4096
Mumbai,8,28.1,94.0,Washing Machine,4,1.5,0.7764
Satara,12,15.9,37.1,Refrigerator,3,23.7,3.8248
Mumbai,2,29.3,76.7,Water Heater (Geyser),1,1.1,3.4742
Mumbai,12,24.2,75.9,Microwave Oven,5,1.4,1.6457
Satara,9,25.7,85.7,Refrigerator,3,20.7,4.0993
Mumbai,2,25.6,56.0,Microwave Oven,3,0.8,1.0549
Satara,4,27.8,41.3,Ceiling Fan,2,7.7,0.8629
Satara,3,28.6,48.9,Iron,2,1.1,1.2516
Mumbai,10,29.6,80.7,Refrigerator,2,21.6,5.2077
Mumbai,4,30.7,68.6,Air Conditioner,5,8.5,16.6841
Mumbai,2,28.4,55.8,Washing Machine,4,1.8,0.856
Satara,9,24.5,75.0,Water Heater (Geyser),2,0.8,2.1584
Mumbai,6,36.1,94.6,LED TV,4,11.5,1.0168
Satara,8,46.8,50.3,Room Heater,2,17.6,48.2723
Satara,6,30.0,81.1,Microwave Oven,3,1.1,1.582
Satara,4,32.6,44.9,Water Heater (Geyser),3,2.6,6.7313
Mumbai,8,28.7,88.6,Air Conditioner,2,11.0,31.1815
Mumbai,11,30.5,59.5,Ceiling Fan,5,12.2,0.8101
Mumbai,5,33.4,74.4,Microwave Oven,1,0.3,0.5043
Satara,9,23.5,79.4,Ceiling Fan,3,8.6,0.8075
Mumbai,12,22.9,69.0,Refrigerator,1,21.9,5.3543
Mumbai,2,25.8,66.7,Water Heater (Geyser),3,0.9,2.2421
Satara,5,28.2,62.3,Washing Machine,1,0.7,0.51
Satara,10,25.3,59.3,Iron,4,0.6,0.6092
Satara,7,24.0,83.4,Iron,5,0.4,0.3952
Mumbai,2,26.5,68.7,Ceiling Fan,5,11.2,0.7055
Satara,1,20.1,54.3,Ceiling Fan,1,13.1,1.5585
Mumbai,12,27.3,65.4,Washing Machine,1,1.7,1.2534
Mumbai,12,39.0,29.4,Desktop Computer,4,22.3,5.6819
Satara,4,27.7,58.2,Iron,3,1.0,1.098
Mumbai,9,45.2,31.1,Room Heater,1,2.4,6.9099
Mumbai,2,20.7,59.9,Microwave Oven,2,1.2,1.6795
Satara,3,29.8,37.8,Washing Machine,4,1.4,0.6832
Satara,11,22.0,57.5,Iron,3,0.4,0.4237
Satara,3,15.3,78.1,Ceiling Fan,1,5.9,0.6571
Satara,12,45.0,94.8,Microwave Oven,2,13.7,22.812
Satara,3,32.8,44.9,Ceiling Fan,5,13.1,0.8673
Satara,2,30.4,51.1,Desktop Computer,3,19.0,5.403
Satara,4,15.6,87.5,Iron,1,19.7,23.6244
Mumbai,2,25.6,32.4,Iron,2,23.2,25.3083
Satara,9,43.7,50.7,Washing Machine,2,18.1,12.8553
Satara,4,10.3,49.8,Iron,4,18.6,17.5872
Satara,5,16.0,60.2,Desktop Computer,1,8.0,2.5575
Satara,6,28.9,74.1,Microwave Oven,1,1.4,2.2174
Mumbai,7,44.9,86.6,Room Heater,1,21.9,67.7924
Mumbai,5,34.5,69.0,LED TV,2,3.1,0.3121
Mumbai,1,28.1,58.4,Microwave Oven,2,5.9,8.6334
Mumbai,8,28.8,90.2,Washing Machine,3,0.5,0.2999
Mumbai,6,30.5,81.9,Room Heater,3,6.0,14.1631
Mumbai,12,24.8,65.0,Desktop Computer,2,2.6,0.8288
Mumbai,8,28.1,83.9,Refrigerator,5,22.4,3.1679
Mumbai,10,26.0,72.4,Washing Machine,3,1.1,0.6456
Mumbai,2,27.8,70.3,Air Conditioner,5,11.9,21.7694
Mumbai,6,32.7,84.6,Desktop Computer,5,4.2,0.97
Mumbai,1,26.5,74.3,Iron,3,0.5,0.5475
Mumbai,4,29.9,74.6,Ceiling Fan,5,15.9,1.0656
Satara,1,23.8,45.2,LED TV,4,2.3,0.1744
Mumbai,7,31.2,90.7,Room Heater,4,2.7,5.9209
Mumbai,11,24.9,27.7,Water Heater (Geyser),4,9.7,20.3403
Mumbai,3,28.2,54.6,LED TV,3,6.8,0.605
Satara,2,22.6,60.9,Desktop Computer,1,3.4,1.1733
Mumbai,11,30.6,71.8,LED TV,1,2.4,0.2619
Satara,9,31.1,25.6,Desktop Computer,4,1.7,0.4162
Satara,2,21.7,39.9,Refrigerator,1,21.4,4.9899
Satara,5,26.2,61.9,Refrigerator,4,22.4,3.695
Satara,7,22.5,77.7,Water Heater (Geyser),4,2.8,6.1075
Mumbai,11,26.9,64.2,Microwave Oven,5,0.9,1.0178
Satara,9,28.2,76.8,Water Heater (Geyser),1,2.6,8.0809
Mumbai,3,13.8,44.1,Desktop Computer,2,12.3,3.4936
Satara,2,23.3,38.5,Iron,2,0.7,0.7559
Satara,6,30.9,80.6,Iron,4,0.6,0.6421
Mumbai,11,28.2,79.4,Microwave Oven,1,1.0,1.6397
Satara,12,20.8,47.6,Air Conditioner,4,5.7,10.1433
Mumbai,6,29.4,85.5,LED TV,5,3.4,0.2561
Mumbai,2,27.4,62.2,Room Heater,2,5.2,12.296
Mumbai,5,29.7,73.2,Ceiling Fan,4,6.6,0.5654
Mumbai,4,29.0,71.5,Water Heater (Geyser),5,2.4,5.0088
Mumbai,10,31.9,79.3,Refrigerator,3,20.7,4.4244
Mumbai,7,27.8,93.2,Ceiling Fan,3,7.8,0.8057
Satara,1,23.0,42.0,Microwave Oven,4,0.6,0.7131
Mumbai,9,29.7,87.1,Water Heater (Geyser),3,2.0,5.3749
Satara,11,24.6,62.1,Refrigerator,5,21.6,2.8091
Satara,5,33.6,74.0,Air Conditioner,1,10.1,34.1663
Satara,2,37.4,78.4,Air Conditioner,5,9.8,21.6824
Satara,9,24.4,76.3,LED TV,2,5.9,0.5622
Satara,3,30.6,40.4,Washing Machine,3,0.9,0.5015
Mumbai,1,31.4,91.6,Washing Machine,4,4.6,2.4207
Mumbai,4,31.3,67.9,Air Conditioner,4,10.7,24.5418
Satara,11,26.6,53.6,Water Heater (Geyser),5,2.8,5.5699
Mumbai,12,30.9,67.4,Water Heater (Geyser),3,2.1,5.4961
Mumbai,7,18.4,45.4,Desktop Computer,2,18.4,5.452
Mumbai,6,29.2,77.6,Room Heater,4,4.3,9.1228
Satara,10,26.2,49.7,Desktop Computer,3,9.2,2.5141
Mumbai,4,27.8,67.7,Air Conditioner,4,10.7,22.3515
Mumbai,8,29.8,86.0,Microwave Oven,3,0.4,0.5657
Satara,11,26.8,40.6,Desktop Computer,1,5.4,1.8216
Mumbai,3,29.1,58.0,Water Heater (Geyser),5,2.9,5.8644
Mumbai,11,13.6,93.0,Water Heater (Geyser),1,10.5,28.1313
Satara,6,30.1,69.5,Refrigerator,4,21.3,3.7655
Mumbai,3,26.8,59.4,Iron,4,0.7,0.7182
Mumbai,6,32.6,83.7,Water Heater (Geyser),5,2.1,4.6292
Satara,3,23.3,23.0,Air Conditioner,2,8.2,18.542
Satara,12,21.3,59.3,Washing Machine,4,1.6,0.7529
Mumbai,11,29.3,67.7,Refrigerator,5,20.1,2.87
Mumbai,5,31.9,70.6,Room Heater,3,2.0,4.7346
Mumbai,12,16.8,51.5,Washing Machine,1,6.0,4.0402
Mumbai,11,26.2,60.6,Desktop Computer,4,9.8,2.4119
Satara,11,10.6,70.4,Iron,4,11.6,11.1524
Satara,5,38.8,77.5,Water Heater (Geyser),3,14.1,41.1047
Mumbai,8,29.8,84.6,LED TV,2,4.7,0.475
Mumbai,2,27.5,66.0,Refrigerator,1,23.7,6.1989
Mumbai,10,37.7,34.3,Room Heater,3,20.1,46.2267
Mumbai,3,29.1,56.8,LED TV,2,3.2,0.3123
Satara,3,47.4,23.6,Washing Machine,1,10.1,7.6551
Mumbai,10,29.9,78.4,Washing Machine,2,0.9,0.6038
Mumbai,1,10.7,38.5,Microwave Oven,5,18.7,18.6904
Satara,7,23.9,85.5,Room Heater,3,2.4,5.31
Satara,4,30.8,44.1,Ceiling Fan,4,5.6,0.4615
Satara,10,30.6,82.1,Refrigerator,1,2.0,0.5489
Satara,1,19.8,58.6,Ceiling Fan,5,4.6,0.2544
Satara,4,31.9,47.0,Refrigerator,5,22.0,3.1307
Satara,1,17.2,48.5,LED TV,5,4.8,0.318
Mumbai,2,24.6,67.0,Washing Machine,3,1.3,0.7336
Mumbai,1,26.1,72.9,Room Heater,1,1.4,3.5539
Satara,9,22.9,80.0,Refrigerator,3,20.9,3.9992
Satara,10,45.3,25.8,Ceiling Fan,1,20.6,3.3666
Mumbai,9,30.0,82.3,Water Heater (Geyser),5,1.0,2.147
Mumbai,11,26.4,60.4,Washing Machine,2,1.8,1.1503
Mumbai,9,29.9,80.6,LED TV,4,2.1,0.1734
Satara,10,27.3,69.7,Desktop Computer,2,8.9,2.8568
Satara,11,23.7,53.5,LED TV,2,6.4,0.5947
Satara,12,30.6,33.8,Water Heater (Geyser),5,3.1,6.0804
Mumbai,7,13.4,71.0,Ceiling Fan,5,17.5,0.8838
Mumbai,12,27.5,73.4,Desktop Computer,4,7.8,1.9442
Mumbai,7,38.8,22.0,Washing Machine,1,12.0,8.6925
Mumbai,10,33.6,76.3,Iron,1,1.4,1.7967
Mumbai,10,30.0,81.6,Refrigerator,4,23.2,4.1175
Satara,10,33.5,49.4,Microwave Oven,2,3.6,5.3866
Satara,11,13.1,27.3,Iron,4,16.8,15.5073
Satara,2,25.9,24.6,Air Conditioner,2,2.8,6.7425
Satara,11,35.4,65.2,Microwave Oven,4,11.3,14.9295
Mumbai,3,29.8,57.1,LED TV,1,3.6,0.3837
Mumbai,3,27.8,55.9,Washing Machine,2,1.2,0.7686
Mumbai,10,31.5,71.8,Air Conditioner,1,9.9,31.6931
Satara,8,26.7,86.1,Room Heater,5,5.2,10.002
Satara,12,17.4,49.7,Ceiling Fan,5,5.7,0.294
Satara,6,27.5,76.0,Washing Machine,5,1.1,0.4542
Satara,12,21.9,54.0,Air Conditioner,5,3.3,5.2764
Satara,8,18.5,77.8,Washing Machine,2,17.7,11.2402
Mumbai,2,21.3,59.7,LED TV,2,2.1,0.1984
Satara,10,28.1,67.1,Room Heater,2,1.9,4.6571
Mumbai,2,33.8,60.7,Ceiling Fan,5,4.8,0.332
Satara,11,34.2,93.8,Refrigerator,4,15.7,2.9961
Mumbai,8,29.9,85.8,Water Heater (Geyser),2,1.2,3.5676
Mumbai,9,28.8,53.6,Water Heater (Geyser),3,11.2,28.0026
Mumbai,11,26.9,64.7,Desktop Computer,3,3.0,0.8412
Mumbai,2,22.9,78.5,Water Heater (Geyser),4,1.5,3.2986
Mumbai,6,31.9,89.0,Microwave Oven,1,1.2,2.0256
Mumbai,7,41.5,84.4,Washing Machine,1,12.8,10.5541
Satara,2,26.1,64.8,Iron,1,0.7,0.8541
Mumbai,9,32.4,79.8,LED TV,4,4.9,0.4118
Satara,10,28.8,70.0,Refrigerator,5,21.3,3.0109
Satara,8,28.6,36.4,Iron,1,10.4,12.0375
Mumbai,10,30.6,70.4,Room Heater,3,3.4,7.7694
Mumbai,6,40.3,78.9,Desktop Computer,1,18.7,7.3294
Mumbai,10,30.1,77.2,Ceiling Fan,3,13.2,1.3847
Satara,9,12.9,32.3,Room Heater,5,23.5,35.858
Mumbai,2,21.1,76.8,Iron,5,2.3,2.1985
Satara,8,22.5,75.3,LED TV,1,5.7,0.6032
Satara,6,27.2,77.6,Refrigerator,4,22.2,3.7522
Satara,1,20.0,41.9,Iron,5,0.6,0.5488
Satara,9,45.5,64.8,Iron,5,11.5,11.7059
Mumbai,1,14.2,43.4,LED TV,1,7.3,0.7009
Satara,4,11.5,41.8,Ceiling Fan,2,17.6,1.4858
Mumbai,7,23.9,26.1,Refrigerator,4,16.7,2.5557
Satara,5,32.3,39.2,Microwave Oven,2,0.6,0.8705
Mumbai,4,30.5,56.9,Refrigerator,1,21.8,5.8273
Satara,12,45.0,59.9,Washing Machine,3,2.9,1.8251
Satara,1,21.6,64.1,Air Conditioner,1,11.4,29.4665
Satara,3,27.0,31.8,Microwave Oven,5,0.5,0.5388
Mumbai,8,30.6,91.7,Water Heater (Geyser),5,2.0,4.3138
Mumbai,1,36.4,32.5,Iron,5,14.5,13.864
Mumbai,5,38.5,42.2,Room Heater,3,10.6,24.5146
Satara,1,23.7,40.9,LED TV,1,6.3,0.6432
Mumbai,11,27.0,56.1,Desktop Computer,1,2.2,0.7646
Mumbai,1,24.8,63.3,LED TV,1,4.0,0.4192
Satara,1,20.6,53.1,Water Heater (Geyser),5,2.5,4.5455
Satara,7,24.8,75.1,Ceiling Fan,3,13.8,1.3167
Satara,1,23.8,42.0,Microwave Oven,4,1.1,1.2833
Satara,8,25.0,81.4,Desktop Computer,5,6.5,1.4474
Mumbai,4,29.2,67.7,Washing Machine,4,1.6,0.7877
Mumbai,7,30.3,86.0,Air Conditioner,1,4.9,15.9673
Satara,10,27.6,56.3,Ceiling Fan,4,14.4,1.1618
Satara,3,21.2,26.3,LED TV,5,3.5,0.2297
Satara,2,21.9,49.6,LED TV,5,7.0,0.4834
Satara,10,29.9,51.3,Room Heater,1,10.2,26.371
Mumbai,6,13.5,41.9,Microwave Oven,4,18.7,20.7811
Mumbai,8,31.7,92.7,Washing Machine,3,1.8,1.0982
Satara,10,31.4,63.1,Refrigerator,2,23.5,5.6955
Satara,10,26.0,59.5,Microwave Oven,4,0.7,0.8693
Mumbai,12,28.8,66.2,Iron,1,0.7,0.864
Mumbai,12,25.6,55.9,Washing Machine,2,1.3,0.8209
Satara,3,26.4,41.3,Microwave Oven,1,1.0,1.4983
Mumbai,5,31.2,83.9,Water Heater (Geyser),3,0.7,1.8941
Mumbai,10,10.3,77.5,Room Heater,3,20.4,39.0018
Mumbai,10,32.1,78.1,Washing Machine,1,0.7,0.5416
Mumbai,9,31.2,85.5,Iron,2,0.6,0.7238
Mumbai,1,23.6,61.2,Room Heater,5,1.4,2.4985
Satara,4,31.0,43.5,Refrigerator,2,20.4,4.7465
Mumbai,9,16.3,80.6,Ceiling Fan,4,19.4,1.313
Satara,6,28.5,79.5,LED TV,1,3.2,0.3493
Satara,1,20.6,66.6,Refrigerator,4,18.6,2.8598
Satara,6,28.3,80.9,Washing Machine,3,1.9,1.1191
Mumbai,5,15.8,22.4,Washing Machine,3,6.1,3.0505
Mumbai,9,47.6,51.2,LED TV,5,3.5,0.2648
Satara,4,27.6,45.6,Ceiling Fan,1,15.4,2.0085
Satara,5,34.7,32.9,Ceiling Fan,4,20.0,1.7488
Satara,5,28.3,41.1,Room Heater,4,1.6,3.1406
Mumbai,11,20.6,25.6,Refrigerator,4,22.4,3.2717
Satara,3,34.3,71.0,Refrigerator,2,5.0,1.262
Satara,8,24.6,86.9,Refrigerator,3,23.7,4.6575
Satara,10,29.0,52.2,Iron,1,0.3,0.3669
Mumbai,10,36.1,21.2,Washing Machine,4,16.1,7.8074
Satara,9,27.0,77.2,Washing Machine,3,1.6,0.9303
Mumbai,3,26.2,61.4,Iron,2,1.3,1.48
Mumbai,10,29.3,78.6,Refrigerator,5,22.4,3.2209
Mumbai,5,20.2,80.5,Washing Machine,4,17.2,8.4252
Satara,9,24.8,85.5,LED TV,5,6.0,0.4361
Mumbai,8,28.7,83.8,Desktop Computer,1,6.8,2.5075
Mumbai,1,24.2,73.2,Water Heater (Geyser),4,2.0,4.5243
Satara,11,26.5,61.8,Ceiling Fan,2,6.5,0.7415
Mumbai,11,30.2,82.2,Desktop Computer,5,9.9,2.2184
Satara,9,19.3,58.9,Water Heater (Geyser),4,16.9,34.0302
Satara,5,31.5,58.1,Water Heater (Geyser),1,1.7,5.3231
Satara,3,28.1,42.5,Water Heater (Geyser),3,2.9,7.0921
Mumbai,9,27.7,82.6,LED TV,1,2.2,0.2418
Satara,10,23.5,59.3,Refrigerator,5,20.3,2.6322
Satara,5,40.5,48.8,Microwave Oven,4,3.9,5.1137
Mumbai,5,33.3,65.3,Ceiling Fan,3,17.8,1.9258
Mumbai,11,31.9,69.8,Microwave Oven,2,0.5,0.7519
Mumbai,11,43.8,23.2,Air Conditioner,2,24.0,80.286
Satara,7,26.6,87.5,Washing Machine,5,1.4,0.5888
Mumbai,12,31.8,22.3,Iron,5,16.5,15.2374
Mumbai,7,18.8,68.0,LED TV,2,12.3,1.1629
Mumbai,6,14.3,65.5,Ceiling Fan,4,6.2,0.4008
Satara,3,16.0,41.9,Air Conditioner,4,22.8,35.7344
Satara,9,27.2,84.0,Washing Machine,4,0.8,0.4088
Satara,11,22.8,49.4,Microwave Oven,3,1.0,1.319
Satara,10,24.2,57.4,Water Heater (Geyser),2,1.1,2.947
Mumbai,3,26.7,61.8,Washing Machine,1,19.7,14.2865
Satara,5,30.7,52.5,Ceiling Fan,2,12.6,1.5224
Mumbai,2,25.0,67.1,Ceiling Fan,2,7.7,0.8762
Mumbai,4,29.9,73.6,Desktop Computer,3,2.3,0.6777
Mumbai,7,29.7,95.3,Ceiling Fan,2,6.7,0.8435
Mumbai,6,15.8,78.4,Ceiling Fan,5,2.0,0.1055
Satara,11,21.9,40.2,Air Conditioner,1,3.5,8.8546
Mumbai,6,32.8,85.3,Refrigerator,2,21.0,5.2426
Satara,6,39.1,38.5,Iron,1,4.6,5.5897
Mumbai,6,30.4,75.3,Washing Machine,3,1.4,0.8195
Satara,2,12.2,82.9,Desktop Computer,4,20.7,4.8804
Satara,8,20.6,27.7,Air Conditioner,3,13.7,26.8504
Mumbai,5,29.7,70.3,Ceiling Fan,3,14.0,1.4564
Satara,6,26.0,79.1,Ceiling Fan,1,11.2,1.5446
Satara,8,42.6,63.9,Microwave Oven,4,19.5,26.2694
Satara,5,30.7,56.0,Desktop Computer,1,5.0,1.7839
Satara,6,31.1,76.4,Air Conditioner,4,2.6,5.854
Mumbai,2,18.1,47.9,Room Heater,1,17.0,38.7687
Mumbai,10,28.6,86.9,LED TV,5,6.8,0.5039
Mumbai,12,28.6,66.7,Air Conditioner,4,2.3,4.944
Satara,9,28.5,81.0,Room Heater,1,5.7,15.4195
Mumbai,7,29.1,88.0,Ceiling Fan,5,7.6,0.5054
Mumbai,9,29.0,88.1,Water Heater (Geyser),4,1.9,4.5148
Mumbai,11,15.8,60.5,Room Heater,4,2.9,5.1806
Satara,7,27.3,79.3,Refrigerator,1,23.8,6.34
Satara,9,11.7,79.1,Iron,2,5.1,5.7141
Satara,5,12.4,91.9,Water Heater (Geyser),1,20.7,54.7364
Mumbai,2,25.7,48.5,Air Conditioner,5,5.4,9.1584
Mumbai,1,26.4,56.5,Air Conditioner,3,5.9,13.5332
Satara,3,28.2,29.1,Water Heater (Geyser),3,0.9,2.1677
Mumbai,8,29.0,75.2,Desktop Computer,2,5.5,1.8102
Mumbai,9,27.8,81.4,Iron,4,1.1,1.1761
Satara,5,29.6,53.0,Water Heater (Geyser),5,2.6,5.3526
Mumbai,12,25.8,63.7,Room Heater,2,3.2,7.5753
Mumbai,3,26.4,61.3,Washing Machine,3,0.6,0.3398
Satara,3,27.6,35.1,Washing Machine,3,2.0,1.0898
Mumbai,6,31.8,75.9,Air Conditioner,5,6.3,12.8249
Satara,11,20.1,57.9,Microwave Oven,1,0.4,0.6018
Mumbai,1,29.2,72.5,Desktop Computer,4,20.8,5.4181
Satara,6,27.7,70.7,Water Heater (Geyser),2,0.9,2.5604
Satara,11,25.0,47.5,Room Heater,1,3.3,8.0469
Satara,1,20.8,48.5,Desktop Computer,1,4.9,1.6534
Mumbai,4,30.6,46.0,Microwave Oven,2,2.9,4.1553
Mumbai,6,31.7,90.7,LED TV,5,6.6,0.4982
Satara,5,33.1,53.6,Microwave Oven,4,0.5,0.6328
Satara,2,15.2,85.2,Washing Machine,1,22.2,15.446
Mumbai,5,30.0,31.3,Iron,4,3.3,3.2264
Mumbai,12,25.2,56.4,Water Heater (Geyser),2,1.3,3.498
Satara,9,28.9,27.9,Ceiling Fan,2,19.6,2.2002
Mumbai,6,33.2,84.9,Washing Machine,1,1.5,1.1655
Satara,1,23.6,49.6,Room Heater,3,5.8,12.1002
Mumbai,1,43.2,24.0,Room Heater,3,17.0,40.3158
Mumbai,11,32.0,94.2,Ceiling Fan,4,16.7,1.5368
Mumbai,11,28.8,71.2,Room Heater,3,1.4,3.1259
Mumbai,5,31.3,84.3,Iron,5,0.3,0.3026
Mumbai,3,27.7,47.6,Air Conditioner,1,7.0,20.3639
Satara,5,11.2,78.8,Refrigerator,1,7.6,1.5792
Satara,2,24.8,41.0,Air Conditioner,1,9.7,26.0345
Mumbai,9,28.9,83.1,Air Conditioner,2,9.0,25.6218
Satara,10,28.9,67.3,Washing Machine,3,1.8,1.0546
Mumbai,2,24.9,63.2,Air Conditioner,4,6.6,13.0894
Satara,4,12.5,45.5,Ceiling Fan,4,4.0,0.2386
Mumbai,8,42.0,19.1,Iron,2,4.5,5.0325
Mumbai,2,25.9,58.7,Refrigerator,4,23.1,3.7788
Satara,8,24.9,74.4,Microwave Oven,4,1.0,1.2263
Satara,5,30.1,74.8,Microwave Oven,1,21.3,34.8307
Satara,1,44.5,51.6,Desktop Computer,1,9.0,3.4361
Satara,11,46.0,26.0,Ceiling Fan,3,21.2,2.5276
Satara,5,18.2,46.7,Refrigerator,2,19.6,3.8412
Mumbai,1,27.1,55.8,Iron,5,0.9,0.8574
Mumbai,12,28.9,61.8,Air Conditioner,3,10.0,24.4974
Satara,2,27.3,73.0,Desktop Computer,2,23.1,7.4638
Mumbai,12,24.3,62.2,Washing Machine,1,1.2,0.8575
Satara,2,22.6,44.9,Room Heater,2,3.7,8.2292
Satara,7,30.0,24.3,Desktop Computer,3,18.8,5.1779
Mumbai,8,30.7,88.1,Air Conditioner,5,9.0,18.0626
Satara,1,22.2,42.3,LED TV,2,7.8,0.7336
Mumbai,4,32.7,60.4,Desktop Computer,2,7.7,2.4984
Mumbai,7,28.6,90.9,LED TV,4,7.7,0.6514
Mumbai,12,25.3,71.8,Air Conditioner,4,5.0,10.2168
Mumbai,4,29.9,71.4,Desktop Computer,2,2.3,0.7565
Satara,4,30.9,19.2,Washing Machine,2,1.3,0.7999
Satara,1,13.7,37.1,Ceiling Fan,3,23.9,1.7709
Mumbai,3,29.0,80.4,Ceiling Fan,4,7.9,0.6694
Satara,3,36.7,76.4,Iron,1,10.7,13.6416
Satara,3,23.7,36.8,Air Conditioner,1,8.3,22.0048
Mumbai,6,31.1,77.7,Air Conditioner,2,11.3,33.3049
Satara,6,31.9,77.1,Ceiling Fan,3,15.6,1.7102
Mumbai,3,35.5,15.3,Room Heater,2,22.2,53.5796
Mumbai,9,28.3,78.7,Microwave Oven,2,0.7,1.052
Mumbai,1,26.3,58.5,Ceiling Fan,3,8.0,0.7671
Satara,7,14.9,39.0,LED TV,5,8.2,0.5303
Mumbai,5,11.8,60.8,Desktop Computer,5,8.4,1.6484
Mumbai,12,25.4,62.5,Room Heater,3,1.0,2.1766
Satara,1,25.3,46.1,Water Heater (Geyser),1,2.6,7.5706
Mumbai,6,24.9,21.0,Ceiling Fan,1,11.7,1.41
Mumbai,4,33.1,67.3,Air Conditioner,3,7.8,21.0221
Satara,4,45.2,89.2,Microwave Oven,4,0.7,0.9937
Mumbai,5,36.4,77.6,LED TV,3,6.7,0.6317
Mumbai,7,45.6,33.2,Water Heater (Geyser),4,10.1,25.8078
Mumbai,10,26.4,22.7,Refrigerator,1,2.3,0.547
Mumbai,8,29.0,93.6,Ceiling Fan,1,8.9,1.2823
Satara,9,24.4,72.7,Room Heater,4,4.8,9.6511
Satara,6,27.1,69.3,Iron,4,21.7,22.5955
Mumbai,12,26.0,52.0,Refrigerator,5,22.9,3.0658
Satara,10,30.5,59.8,Microwave Oven,3,1.2,1.6648
Mumbai,8,31.1,83.2,Water Heater (Geyser),2,1.7,5.0294
Satara,4,30.1,50.2,Air Conditioner,4,7.3,15.6752
Satara,12,20.8,60.0,Desktop Computer,4,5.3,1.2622
Mumbai,9,30.5,37.2,Air Conditioner,4,22.0,47.3474
Mumbai,8,44.0,29.5,Air Conditioner,1,11.3,42.3903
Mumbai,3,26.0,72.6,Desktop Computer,1,9.6,3.4106
Mumbai,10,29.5,75.9,Ceiling Fan,4,7.3,0.6177
Mumbai,12,26.1,67.8,Iron,4,1.0,1.0295
Satara,12,20.5,46.5,Refrigerator,4,20.7,3.1064
Mumbai,10,29.9,86.7,Desktop Computer,4,4.8,1.2671
Satara,3,31.6,24.1,Refrigerator,2,22.6,5.0632
Mumbai,6,30.3,78.8,Refrigerator,3,21.9,4.607
Satara,1,21.1,48.2,Desktop Computer,1,3.6,1.2147
Mumbai,7,26.9,86.3,Water Heater (Geyser),2,2.7,7.7729
Satara,11,31.1,69.9,Iron,2,23.5,27.6908
Mumbai,4,21.8,34.2,Microwave Oven,2,8.9,12.0901
Satara,12,19.2,35.1,Microwave Oven,5,0.6,0.6226
Mumbai,12,23.2,67.4,Iron,2,1.4,1.6235
Mumbai,6,28.3,79.2,Air Conditioner,3,5.7,14.0774
Satara,6,26.4,72.8,Microwave Oven,1,1.0,1.5934
Mumbai,4,33.5,73.9,Room Heater,3,2.9,6.7903
Satara,1,24.8,41.9,Iron,1,1.2,1.4202
Mumbai,1,25.2,50.0,Refrigerator,1,22.5,5.4275
Mumbai,8,29.5,75.1,Microwave Oven,4,11.0,14.0038
Mumbai,11,27.7,83.7,LED TV,4,6.1,0.5011
Satara,4,34.9,40.3,Desktop Computer,2,9.0,2.87
Mumbai,8,28.6,85.6,Refrigerator,3,22.3,4.6049
Mumbai,10,33.4,73.7,Refrigerator,2,23.1,5.6663
Satara,3,11.4,50.5,Desktop Computer,2,6.3,1.7846
Satara,8,40.7,65.8,Microwave Oven,3,3.5,5.0879
Satara,1,23.8,52.0,LED TV,1,6.7,0.6846
Mumbai,4,31.6,81.9,Microwave Oven,1,1.1,1.8219
Satara,9,36.3,36.8,Microwave Oven,4,15.8,19.8585
Satara,11,26.1,64.8,Desktop Computer,4,9.6,2.3812
Mumbai,10,32.5,68.9,Iron,2,0.8,0.9397
Satara,3,35.9,64.0,Water Heater (Geyser),1,15.6,51.1973
Satara,10,26.1,70.1,Refrigerator,1,23.7,6.1236
Satara,6,22.1,20.5,Ceiling Fan,3,22.2,1.8662
Satara,11,23.8,48.0,Refrigerator,2,22.2,4.7239
Mumbai,11,25.2,38.4,LED TV,5,4.5,0.2985
Satara,7,27.4,67.3,Microwave Oven,5,19.2,22.092
Mumbai,1,10.1,73.3,Desktop Computer,3,23.2,5.9586
Mumbai,9,29.1,82.6,Water Heater (Geyser),4,2.4,5.7036
Satara,11,32.2,67.0,Refrigerator,1,13.1,3.54
Satara,12,27.2,38.5,Refrigerator,2,3.1,0.6786
Mumbai,1,33.2,47.9,Washing Machine,3,20.2,11.5909
Satara,4,28.7,40.1,Air Conditioner,1,4.3,12.4098
Mumbai,6,34.8,79.8,Washing Machine,5,1.6,0.7112
Mumbai,11,27.9,70.8,Ceiling Fan,4,11.8,0.977
Satara,9,25.7,72.2,Iron,5,0.4,0.3903
Satara,3,44.0,48.2,Refrigerator,1,2.5,0.76
Satara,8,46.2,26.7,Washing Machine,5,18.9,8.1285
Mumbai,6,30.5,78.4,Desktop Computer,3,2.4,0.7157
Satara,5,33.5,43.5,LED TV,5,5.0,0.3448
Satara,9,41.6,58.4,Ceiling Fan,2,19.7,2.7752
Mumbai,8,28.5,81.6,LED TV,1,4.8,0.5288
Satara,2,21.4,40.6,Refrigerator,5,20.5,2.5212
Mumbai,12,25.6,63.6,Desktop Computer,3,3.2,0.9127
Mumbai,3,30.5,54.5,Ceiling Fan,3,6.3,0.6343
Satara,3,27.1,37.9,Room Heater,5,4.1,7.2034
Mumbai,5,15.4,80.7,Room Heater,4,21.3,40.1959
Mumbai,5,31.3,82.2,Washing Machine,1,1.0,0.7573
Satara,5,35.8,91.3,Microwave Oven,3,3.3,4.8917
Satara,11,21.6,38.8,LED TV,1,16.8,1.6854
Satara,1,21.4,39.0,Refrigerator,3,23.8,4.0946
Mumbai,7,30.0,85.3,LED TV,1,6.3,0.6967
Satara,1,16.0,56.3,Desktop Computer,3,5.5,1.4314
Satara,7,28.0,82.0,Desktop Computer,1,8.8,3.2501
Satara,7,11.4,20.8,Microwave Oven,1,1.0,1.3505
Satara,12,21.3,45.5,Air Conditioner,3,8.3,16.9909
Mumbai,10,30.2,77.1,Iron,5,0.9,0.8944
Mumbai,5,16.0,46.8,Microwave Oven,3,5.9,7.2839
Mumbai,4,32.5,77.4,Ceiling Fan,4,14.2,1.2613
Satara,2,22.8,34.5,Iron,5,0.7,0.6176
Mumbai,5,31.1,69.0,Water Heater (Geyser),5,1.9,4.0582
Satara,8,22.7,82.2,Microwave Oven,5,19.6,22.1874
Mumbai,9,12.9,27.8,Water Heater (Geyser),1,20.2,49.2167
Satara,10,43.0,33.3,Iron,5,19.8,18.7775
Mumbai,6,31.4,83.6,Washing Machine,3,1.5,0.9138
Satara,7,38.7,77.7,LED TV,2,20.6,2.178
Satara,11,25.8,53.2,Water Heater (Geyser),1,2.4,7.0638
Satara,1,30.6,55.2,Refrigerator,1,22.1,5.9009
Satara,4,27.8,59.6,Iron,4,0.9,0.9345
Satara,6,25.2,76.0,Desktop Computer,1,5.0,1.7763
Satara,7,25.4,82.3,Desktop Computer,2,3.6,1.1548
Mumbai,12,25.8,67.8,Room Heater,3,1.3,2.8547
Mumbai,11,31.0,71.5,Refrigerator,5,21.3,3.0878
Satara,10,27.5,58.5,Room Heater,2,5.5,13.1186
Satara,1,22.3,47.7,Refrigerator,5,20.8,2.6076
Satara,4,28.2,49.1,Room Heater,1,2.4,6.1027
Satara,12,24.8,48.5,Microwave Oven,5,0.6,0.654
Satara,8,25.8,80.6,Water Heater (Geyser),1,2.9,8.747
Mumbai,6,21.1,59.1,Refrigerator,1,8.0,1.8704
Satara,1,24.3,44.9,Ceiling Fan,2,7.5,0.7961
Satara,7,24.0,83.0,Water Heater (Geyser),3,1.4,3.4944
Mumbai,2,27.5,51.1,Desktop Computer,4,7.2,1.7589
Satara,3,16.4,87.7,Microwave Oven,3,10.5,13.8682
Satara,10,31.5,45.5,Ceiling Fan,4,12.1,1.0109
Satara,4,30.1,43.0,Water Heater (Geyser),2,1.4,3.8633
Satara,12,19.5,64.4,LED TV,2,2.9,0.2711
Mumbai,10,28.7,82.8,Microwave Oven,1,0.6,0.9943
Mumbai,6,32.6,78.9,Ceiling Fan,5,9.8,0.6853
Satara,9,36.0,84.4,Iron,4,2.6,2.8325
Mumbai,7,29.0,85.6,LED TV,2,2.4,0.2482
Mumbai,8,30.5,82.3,Ceiling Fan,4,13.5,1.1889
Satara,5,30.2,62.1,Ceiling Fan,1,14.3,1.9604
Satara,2,24.6,90.2,Desktop Computer,3,20.7,5.9897
Satara,4,31.8,51.2,LED TV,4,2.6,0.2078
Mumbai,5,26.7,68.8,Refrigerator,2,21.6,4.9174
Mumbai,10,19.4,28.5,Ceiling Fan,5,16.3,0.8533
Satara,1,19.7,91.1,Washing Machine,1,17.7,12.7566
Mumbai,6,18.1,57.9,Room Heater,2,11.8,25.0038
Satara,11,23.4,58.8,Water Heater (Geyser),1,1.6,4.5949
Satara,9,26.5,70.9,Microwave Oven,1,0.6,0.9278
Satara,10,27.3,62.0,Water Heater (Geyser),4,1.9,4.3123
Mumbai,6,31.7,85.0,Air Conditioner,5,9.6,19.6424
Satara,5,43.2,66.2,Iron,2,2.9,3.4892
Satara,10,26.0,53.2,Iron,3,1.1,1.169
Satara,2,22.8,39.8,Iron,1,0.5,0.5873
Satara,6,28.1,83.0,LED TV,2,6.0,0.6031
Mumbai,9,33.6,49.9,LED TV,3,10.0,0.8902
Satara,10,13.1,55.6,Air Conditioner,1,16.4,34.1548
Mumbai,3,26.2,25.3,Air Conditioner,3,22.8,48.716
Mumbai,10,28.7,77.7,Room Heater,5,1.1,2.1572
Mumbai,12,24.6,65.2,Water Heater (Geyser),5,3.0,5.8858
Satara,4,27.5,43.1,Room Heater,2,2.2,5.0382
Mumbai,4,31.5,64.2,Iron,1,1.0,1.2415
Satara,12,39.6,35.1,Microwave Oven,5,9.7,11.2551
Mumbai,1,22.3,69.8,Microwave Oven,1,1.1,1.6681
Satara,5,36.4,92.2,Water Heater (Geyser),5,20.9,47.5867
Mumbai,11,30.0,77.5,Iron,4,0.6,0.6332
Satara,7,26.8,79.0,Desktop Computer,3,2.2,0.6472
Mumbai,10,30.2,78.3,Water Heater (Geyser),5,2.0,4.2939
Mumbai,12,25.6,74.3,Ceiling Fan,3,5.2,0.5097
Mumbai,8,29.7,88.6,LED TV,2,3.6,0.3673
Satara,6,16.0,71.3,Room Heater,5,16.2,26.8613
Mumbai,10,27.9,88.8,LED TV,1,7.5,0.8291
Satara,5,42.0,59.6,Water Heater (Geyser),2,8.3,26.1644
Mumbai,7,30.2,87.3,LED TV,1,7.3,0.8132
Satara,3,32.9,32.1,Water Heater (Geyser),3,2.3,5.8439
Satara,6,27.3,73.0,Microwave Oven,2,0.9,1.3096
Mumbai,10,36.6,17.4,Room Heater,2,16.7,39.6708
Mumbai,12,30.1,66.7,Room Heater,5,1.8,3.4319
Satara,5,36.4,61.0,Iron,2,1.5,1.8023
Mumbai,11,28.7,62.9,Ceiling Fan,5,5.3,0.3446
Mumbai,6,32.8,76.1,Desktop Computer,4,4.6,1.2249
Mumbai,10,23.5,56.8,Air Conditioner,2,13.0,31.1837
Mumbai,3,24.3,62.0,Room Heater,5,3.6,6.4099
Satara,11,23.4,53.8,Washing Machine,5,0.9,0.3556
Mumbai,3,27.8,64.5,Microwave Oven,5,1.3,1.5132
Satara,8,25.1,58.7,Microwave Oven,2,17.2,24.8588
Satara,2,36.7,58.0,LED TV,3,14.0,1.2788
Satara,7,23.4,77.2,Room Heater,2,3.7,8.7223
Satara,3,14.6,63.5,Microwave Oven,2,19.8,26.685
Satara,7,27.4,80.7,Washing Machine,2,1.4,0.9334
Mumbai,4,30.4,69.4,Refrigerator,4,21.5,3.8314
Mumbai,3,29.3,62.4,Desktop Computer,2,3.7,1.1972
Mumbai,12,14.1,68.0,Desktop Computer,5,6.3,1.2392
Satara,9,23.7,75.5,Iron,5,1.1,1.0677
Mumbai,5,33.8,46.4,Water Heater (Geyser),1,23.8,73.6505
Satara,6,27.8,64.1,Microwave Oven,5,0.6,0.6865
Mumbai,5,28.8,75.2,Washing Machine,2,1.1,0.7263
Mumbai,12,30.3,59.6,Ceiling Fan,1,11.0,1.5085
Mumbai,6,35.2,79.5,Ceiling Fan,3,7.4,0.8318
Satara,9,28.0,73.4,Room Heater,3,3.2,7.2065
Mumbai,11,30.3,69.6,Desktop Computer,2,7.9,2.5781
Mumbai,10,26.3,92.1,Desktop Computer,4,15.8,4.0857
Satara,10,28.6,69.7,Ceiling Fan,1,4.4,0.6073
Mumbai,8,28.0,95.5,Ceiling Fan,3,5.9,0.6127
Satara,1,19.9,49.9,LED TV,3,6.8,0.5593
Mumbai,9,28.0,88.5,Water Heater (Geyser),2,1.7,4.893
Satara,10,24.5,65.2,Water Heater (Geyser),3,1.8,4.3662
Mumbai,1,28.0,54.0,Iron,2,1.1,1.2667
Mumbai,4,25.0,29.2,Water Heater (Geyser),1,9.0,24.9449
Satara,9,14.1,52.9,Water Heater (Geyser),3,1.6,3.381
Satara,5,32.4,60.7,Water Heater (Geyser),3,2.0,5.2338
Mumbai,12,23.7,72.6,Room Heater,3,1.1,2.3586
Satara,4,33.4,49.8,Microwave Oven,5,16.2,18.5493
Mumbai,1,43.8,55.2,Microwave Oven,3,11.1,16.4455
Mumbai,7,31.0,84.2,Ceiling Fan,1,9.8,1.4392
Mumbai,10,33.8,85.0,Room Heater,1,2.8,7.8241
Mumbai,3,22.9,53.1,Room Heater,4,7.5,14.5386
Satara,11,25.5,44.3,Air Conditioner,3,4.9,10.8408
Satara,12,16.1,49.7,Ceiling Fan,3,8.0,0.6268
Mumbai,6,33.4,81.3,Washing Machine,2,1.7,1.1814
Satara,8,25.8,89.7,Microwave Oven,4,1.2,1.5313
Satara,1,22.1,32.6,Room Heater,1,3.5,8.1818
Satara,3,28.6,53.4,Room Heater,3,5.7,12.6237
Satara,4,42.1,29.4,Water Heater (Geyser),1,4.6,15.1255
Satara,12,22.4,37.5,Air Conditioner,2,10.3,23.5197
Satara,4,30.3,38.6,Room Heater,1,2.2,5.6233
Mumbai,4,29.3,69.1,Room Heater,2,6.0,15.0807
Satara,3,26.5,50.4,Washing Machine,3,0.7,0.3944
Satara,2,26.0,38.5,Ceiling Fan,4,12.6,0.9528
Mumbai,4,16.6,78.3,Microwave Oven,5,23.0,25.3352
Satara,6,25.2,64.8,Microwave Oven,1,0.7,1.0949
Satara,1,21.2,42.5,Room Heater,3,2.3,4.6429
Satara,11,33.7,64.1,Ceiling Fan,3,13.5,1.4722
Satara,2,23.7,35.8,Air Conditioner,3,4.6,9.7124
Mumbai,3,29.8,72.1,LED TV,4,3.5,0.2848
Mumbai,11,39.7,29.4,LED TV,5,11.4,0.8118
Satara,7,27.5,86.7,Room Heater,5,3.6,6.9482
Satara,4,29.7,31.3,Microwave Oven,2,1.1,1.5654
Satara,6,24.2,66.4,Washing Machine,5,21.6,8.6603
Mumbai,7,30.3,95.9,Iron,1,0.7,0.9001
Satara,6,22.2,58.7,Refrigerator,3,2.8,0.5147
Satara,6,29.8,76.1,Water Heater (Geyser),2,2.6,7.4714
Satara,10,26.1,74.8,Washing Machine,3,1.5,0.8763
Mumbai,12,25.8,54.3,Room Heater,2,5.4,12.52
Satara,6,15.1,72.0,Desktop Computer,5,13.0,2.6601
Mumbai,10,32.9,69.7,Ceiling Fan,2,15.6,2.0035
Mumbai,8,28.5,84.3,Iron,5,0.8,0.7835
Satara,12,21.4,52.9,Iron,3,0.4,0.4191
Mumbai,3,14.8,82.4,Air Conditioner,4,9.0,14.3407
Satara,4,25.7,44.2,LED TV,4,4.5,0.3537
Mumbai,5,16.0,66.3,Washing Machine,3,17.3,9.1302
Mumbai,8,28.7,81.5,Water Heater (Geyser),3,2.8,7.337
Satara,6,31.6,77.8,Air Conditioner,3,5.2,13.6554
Satara,7,25.8,83.6,Water Heater (Geyser),5,2.6,5.392
Mumbai,4,38.8,39.8,Water Heater (Geyser),1,22.2,71.3648
Satara,1,18.5,48.9,LED TV,3,5.4,0.4504
Satara,6,32.6,84.0,Water Heater (Geyser),3,2.4,6.6453
Mumbai,9,30.7,84.2,Room Heater,3,4.0,9.5327
Satara,9,29.2,37.6,Washing Machine,5,20.2,8.1044
Mumbai,1,26.0,60.7,Ceiling Fan,2,8.6,0.9753
Satara,8,25.0,90.6,LED TV,5,5.2,0.3758
Satara,12,10.8,56.1,Desktop Computer,5,2.3,0.4465
Mumbai,6,32.9,85.0,Desktop Computer,2,7.5,2.5184
Satara,1,16.9,73.4,Washing Machine,1,21.4,14.8423
Mumbai,4,28.0,67.5,Air Conditioner,2,10.5,29.112
Satara,11,10.4,73.2,Room Heater,4,15.6,26.7152
Satara,11,26.9,57.3,Refrigerator,1,20.7,5.1817
Satara,10,25.2,59.5,Microwave Oven,2,1.2,1.7133
Satara,9,25.1,75.8,Refrigerator,4,21.4,3.5936
Mumbai,5,32.9,87.5,Water Heater (Geyser),2,2.8,8.5084
Satara,7,25.5,83.1,Water Heater (Geyser),3,1.4,3.6117
Satara,7,26.7,81.6,Desktop Computer,2,3.9,1.2834
Satara,9,28.5,85.5,LED TV,4,5.1,0.4178
Satara,9,26.0,82.3,Refrigerator,2,22.3,5.0181
Mumbai,2,26.1,43.8,Microwave Oven,5,1.3,1.4339
Mumbai,3,26.7,59.1,Iron,5,0.3,0.2866
Mumbai,4,17.1,67.4,Microwave Oven,1,9.3,13.8169
Satara,3,29.3,44.7,Room Heater,1,2.2,5.5587
Mumbai,1,24.4,61.5,Room Heater,3,4.7,10.1345
Mumbai,3,26.6,59.9,Washing Machine,2,1.9,1.2146
Mumbai,6,30.2,85.0,Desktop Computer,4,3.6,0.9561
Mumbai,10,30.1,80.8,LED TV,4,4.0,0.3257
Satara,6,38.9,65.1,Microwave Oven,4,10.8,14.3744
Satara,6,26.6,80.7,Ceiling Fan,2,16.0,1.866
Satara,9,23.1,83.2,Water Heater (Geyser),5,0.7,1.3812
Satara,11,10.4,61.7,Air Conditioner,2,8.0,13.8083
Satara,12,23.4,31.2,Water Heater (Geyser),3,2.9,6.5452
Mumbai,3,26.9,56.4,Ceiling Fan,3,14.8,1.422
Satara,8,26.5,84.5,LED TV,5,7.1,0.5159
Mumbai,6,33.0,74.3,Desktop Computer,2,9.8,3.2627
Mumbai,7,30.5,29.3,Refrigerator,4,21.8,3.5939
Mumbai,10,30.7,85.5,Refrigerator,4,23.9,4.3027
Mumbai,9,30.6,89.2,Room Heater,1,4.5,12.4835
Mumbai,6,28.6,78.2,Water Heater (Geyser),5,1.1,2.3091
Mumbai,12,27.8,62.5,Washing Machine,5,1.2,0.5019
Mumbai,2,26.5,67.2,Water Heater (Geyser),5,2.3,4.6089
Mumbai,2,25.9,63.8,Washing Machine,4,1.2,0.5941
Satara,1,22.7,47.5,Microwave Oven,4,1.5,1.7607
Mumbai,5,30.0,58.2,Washing Machine,5,20.7,8.5371
Mumbai,1,23.2,60.9,LED TV,3,6.8,0.5966
Satara,5,29.6,57.2,Room Heater,2,3.1,7.6411
Satara,9,23.3,79.4,Room Heater,1,4.6,11.5836
Mumbai,3,25.3,65.8,LED TV,3,3.6,0.3188
Satara,11,25.8,49.3,Iron,4,1.0,0.998
Satara,5,27.3,49.7,Room Heater,3,12.0,25.9516
Mumbai,4,27.6,77.0,Room Heater,4,8.4,17.3946
Satara,8,24.8,74.8,LED TV,5,5.9,0.4168
Satara,1,22.3,32.2,Washing Machine,1,0.8,0.5363
Satara,8,43.6,31.8,Ceiling Fan,4,21.9,2.0855
Mumbai,4,41.8,29.0,Water Heater (Geyser),4,2.2,5.4761
Mumbai,7,30.7,86.3,Washing Machine,1,0.5,0.3848
Mumbai,1,27.1,67.2,LED TV,5,4.6,0.3232
Satara,8,25.9,90.0,Room Heater,5,4.3,8.3126
Mumbai,9,31.0,74.5,Refrigerator,4,20.9,3.7085
Mumbai,11,29.6,66.1,LED TV,5,6.4,0.4524
Mumbai,2,16.2,62.6,Air Conditioner,5,4.0,5.5622
Mumbai,7,30.0,92.6,Room Heater,4,5.1,11.1101
Satara,11,11.3,15.8,Room Heater,2,14.3,26.7394
Satara,12,20.0,55.5,Ceiling Fan,5,6.0,0.3327
Satara,7,25.8,91.9,Ceiling Fan,1,11.7,1.6041
Satara,12,24.2,47.1,Desktop Computer,2,8.5,2.59
Mumbai,6,33.1,86.4,Air Conditioner,4,4.3,10.4024
Satara,5,35.7,56.7,Refrigerator,2,24.0,5.9698
Mumbai,5,33.7,60.2,Room Heater,2,5.6,14.2279
Satara,11,23.0,47.3,Desktop Computer,3,4.8,1.2852
Satara,6,31.2,81.9,Air Conditioner,5,5.6,11.2303
Satara,8,23.1,91.7,Microwave Oven,5,0.4,0.4688
Satara,9,26.0,81.5,Air Conditioner,3,5.0,11.661
Mumbai,1,47.5,44.9,Refrigerator,2,9.2,2.5395
Mumbai,11,29.1,67.6,Ceiling Fan,3,13.5,1.3784
Mumbai,10,30.6,75.4,Washing Machine,2,1.3,0.8766
Mumbai,11,30.8,58.9,Washing Machine,2,0.8,0.5243
Mumbai,7,30.1,87.7,Water Heater (Geyser),2,1.2,3.5332
Mumbai,11,18.0,19.9,Air Conditioner,4,13.9,21.5469
Mumbai,6,31.1,77.0,Refrigerator,3,21.0,4.4205
Satara,7,25.5,93.0,Air Conditioner,5,6.3,11.2921
Satara,6,30.0,83.5,Ceiling Fan,4,11.3,0.9678
Mumbai,2,24.0,65.8,Ceiling Fan,3,7.7,0.7317
Mumbai,4,11.9,91.3,LED TV,4,3.8,0.2904
Mumbai,2,27.5,64.7,Water Heater (Geyser),4,2.9,6.6014
Mumbai,7,43.5,43.9,Room Heater,4,15.1,34.8259
Satara,7,26.1,80.5,LED TV,2,4.7,0.4669
Satara,3,26.3,29.4,LED TV,4,6.5,0.493
Satara,12,41.3,88.1,Ceiling Fan,3,16.6,2.0817
Mumbai,7,28.5,86.0,Water Heater (Geyser),4,2.6,6.089
Satara,2,10.5,25.4,Microwave Oven,1,4.5,6.0721
Satara,10,28.2,53.9,Desktop Computer,5,6.9,1.4647
Satara,5,25.0,79.8,Refrigerator,4,9.6,1.6282
Satara,3,18.9,56.5,Water Heater (Geyser),1,6.6,18.1986
Satara,9,20.9,82.4,Microwave Oven,3,1.2,1.6305
Mumbai,2,40.5,94.8,Air Conditioner,2,1.2,4.2562
Mumbai,1,29.3,48.5,Iron,3,0.9,0.9925
Satara,8,23.7,80.1,Washing Machine,1,0.8,0.583
Satara,2,21.8,44.0,Microwave Oven,2,1.0,1.3777
Satara,5,31.3,52.4,Washing Machine,2,0.8,0.5192
Mumbai,6,29.8,70.0,Ceiling Fan,5,4.7,0.3116
Satara,8,24.4,85.9,Room Heater,4,1.5,3.0933
Satara,1,20.6,40.7,Refrigerator,3,20.7,3.6531
Satara,5,39.9,49.8,Ceiling Fan,3,8.3,0.971
Mumbai,3,25.4,59.6,Air Conditioner,4,6.3,12.6672
Satara,8,25.3,87.4,Microwave Oven,1,0.7,1.1223
Mumbai,6,27.5,82.1,Refrigerator,5,20.4,2.8753
Satara,10,25.3,59.0,LED TV,3,7.5,0.6576
Satara,1,13.7,22.8,Washing Machine,2,22.7,12.8063
Satara,7,26.2,85.3,Water Heater (Geyser),4,0.8,1.8552
Satara,7,26.8,91.5,Desktop Computer,3,6.4,1.8975
Mumbai,1,25.7,64.7,Room Heater,5,4.4,8.0486
Mumbai,12,27.9,69.6,Air Conditioner,3,10.6,26.104
Mumbai,12,24.7,65.8,Microwave Oven,3,1.2,1.6088
Mumbai,4,29.9,71.9,Microwave Oven,3,1.4,1.9273
Satara,11,24.6,50.7,Air Conditioner,3,11.1,24.7898
Satara,3,20.6,50.3,Washing Machine,3,19.5,10.4073
Mumbai,8,28.6,87.9,Iron,4,1.0,1.0578
Satara,12,40.5,30.8,Air Conditioner,3,9.0,25.6507
Mumbai,6,43.8,88.2,Microwave Oven,4,10.3,14.3685
Satara,4,31.0,39.8,Desktop Computer,5,2.5,0.523
Mumbai,10,28.2,74.7,Ceiling Fan,3,13.6,1.3714
Mumbai,10,32.0,78.4,Room Heater,2,13.0,33.7812
Mumbai,1,27.4,71.2,Washing Machine,3,1.2,0.6927
Satara,11,24.4,64.0,Air Conditioner,3,7.5,16.5027
Satara,3,10.1,38.1,Iron,1,2.6,2.8386
Satara,8,30.2,61.5,Iron,4,16.0,16.3414
Satara,10,37.3,29.3,Washing Machine,5,18.3,7.6151
Mumbai,12,28.4,72.0,Microwave Oven,5,0.5,0.5761
Satara,3,23.2,31.0,Microwave Oven,3,0.6,0.7515
Mumbai,9,25.8,52.0,Air Conditioner,2,10.1,25.9999
Mumbai,12,28.2,71.2,Desktop Computer,4,6.1,1.5655
Mumbai,9,32.1,81.6,Washing Machine,5,1.2,0.5252
Satara,10,37.5,87.1,Iron,3,22.4,26.6134
Satara,5,36.5,61.6,Desktop Computer,1,7.7,2.8528
Satara,9,13.5,33.6,Refrigerator,1,19.6,4.021
Satara,1,21.5,56.1,Water Heater (Geyser),1,2.4,6.6572
Mumbai,3,31.2,78.0,Water Heater (Geyser),2,13.2,38.5942
Mumbai,9,30.7,87.2,Washing Machine,5,1.7,0.7422
Mumbai,12,41.6,85.5,LED TV,1,10.7,1.2746
Satara,10,17.9,76.6,Room Heater,5,15.2,25.9691
Satara,11,39.9,92.3,Air Conditioner,2,11.5,40.2429
Satara,3,34.1,29.0,Refrigerator,3,18.4,3.7127
Satara,11,38.0,54.5,Air Conditioner,2,7.9,25.2626
Satara,3,26.4,35.0,Refrigerator,1,20.3,4.9453
Satara,5,40.9,44.3,Room Heater,4,4.1,9.05
Mumbai,6,31.9,79.7,Microwave Oven,4,0.6,0.7806
Mumbai,4,29.0,61.6,LED TV,3,5.6,0.4948
Satara,6,29.5,74.0,Desktop Computer,4,10.0,2.5673
Mumbai,2,26.7,57.5,Desktop Computer,1,9.0,3.1508
Satara,12,47.3,31.9,Iron,2,19.6,23.2472
Mumbai,5,20.2,33.7,Water Heater (Geyser),5,12.6,22.1058
Mumbai,7,30.0,92.7,Desktop Computer,1,3.5,1.3295
Satara,3,27.9,30.6,Microwave Oven,2,1.1,1.5256
Mumbai,1,35.2,92.1,Water Heater (Geyser),5,13.7,30.7693
Satara,10,29.2,68.5,Desktop Computer,2,2.4,0.7835
Mumbai,9,41.4,87.4,LED TV,1,9.7,1.1507
Satara,8,24.2,64.7,Washing Machine,5,15.3,6.176
Satara,1,19.9,58.3,Room Heater,4,2.8,5.3172
Mumbai,1,23.8,59.9,Air Conditioner,3,8.6,18.9357
Satara,1,20.3,49.1,Microwave Oven,2,0.6,0.8403
Satara,6,27.7,68.1,Microwave Oven,4,1.3,1.6108
Mumbai,8,30.3,89.2,Room Heater,3,5.0,11.7652
Satara,12,21.3,52.2,Ceiling Fan,3,5.9,0.5073
Mumbai,7,45.4,59.0,Washing Machine,5,15.1,6.8643
Mumbai,12,29.7,54.6,Microwave Oven,1,0.8,1.2352
Satara,8,35.7,31.1,Air Conditioner,1,8.6,28.1701
Satara,9,24.3,77.0,Desktop Computer,2,4.7,1.5017
Mumbai,6,30.7,81.7,Refrigerator,4,23.9,4.2768
Satara,2,27.0,48.9,Refrigerator,2,20.1,4.4223
Satara,4,29.0,52.9,Desktop Computer,4,5.7,1.4442
Satara,5,34.4,49.1,Ceiling Fan,5,7.1,0.4841
Mumbai,3,29.2,61.0,Microwave Oven,3,1.4,1.9016
Satara,12,17.3,67.0,Room Heater,3,1.2,2.4494
Satara,7,35.6,66.1,Refrigerator,4,3.5,0.6503
Satara,10,24.4,50.5,Room Heater,5,4.8,8.5558
Mumbai,12,39.1,37.2,Refrigerator,1,8.2,2.3833
Satara,2,43.8,24.0,Room Heater,3,0.9,2.1606
Mumbai,11,29.2,60.8,Water Heater (Geyser),1,2.8,8.5848
Mumbai,2,27.5,56.0,LED TV,4,6.1,0.4843
Satara,11,24.8,43.5,LED TV,2,3.7,0.3462
Mumbai,10,29.9,74.8,Water Heater (Geyser),3,1.6,4.1708
Mumbai,11,28.7,65.1,Desktop Computer,3,7.4,2.164
Mumbai,7,30.2,85.5,LED TV,1,6.6,0.7336
Satara,6,28.8,66.3,Washing Machine,3,1.4,0.8153
Mumbai,6,16.8,76.9,Iron,4,8.1,8.1434
Mumbai,10,24.4,50.4,Desktop Computer,1,20.8,7.1608
Mumbai,4,28.8,65.2,Microwave Oven,4,0.5,0.6227
Mumbai,12,30.1,65.2,Microwave Oven,2,0.6,0.8791
Satara,5,33.7,49.4,Room Heater,2,3.7,9.2025
Mumbai,4,31.6,64.0,Desktop Computer,5,7.7,1.7245
Mumbai,7,29.8,86.4,Water Heater (Geyser),5,2.6,5.5898
Mumbai,8,27.8,94.9,Air Conditioner,4,4.2,9.3712
Mumbai,8,18.3,91.0,Washing Machine,3,4.1,2.3121
Mumbai,1,25.8,63.9,Iron,5,1.0,0.9582
Satara,3,25.5,59.1,Room Heater,1,1.9,4.6883
Mumbai,3,46.1,20.1,LED TV,4,14.7,1.1989
Mumbai,3,27.4,57.2,Microwave Oven,3,1.2,1.5916
Mumbai,11,20.8,94.9,Air Conditioner,2,8.2,19.8502
Satara,4,31.1,58.7,Refrigerator,1,21.4,5.7172
Satara,11,22.7,56.0,Air Conditioner,5,8.0,12.6942
Mumbai,2,26.5,53.1,Ceiling Fan,3,15.6,1.487
Mumbai,10,18.5,78.9,Water Heater (Geyser),1,21.8,61.666
Satara,12,21.5,52.6,Refrigerator,3,22.5,4.0095
Mumbai,5,32.3,75.5,Ceiling Fan,2,15.9,1.9876
Satara,5,28.4,49.0,Water Heater (Geyser),5,1.5,2.9541
Mumbai,12,23.7,64.5,Microwave Oven,3,0.4,0.5329
Mumbai,4,31.2,63.2,Water Heater (Geyser),2,2.3,6.7431
Satara,6,33.3,53.3,Water Heater (Geyser),5,10.3,21.7403
Mumbai,9,26.9,75.3,LED TV,4,3.1,0.2509
Satara,7,47.7,57.5,Room Heater,5,1.5,3.2893
Satara,1,25.1,35.4,Air Conditioner,2,11.7,28.6881
Mumbai,3,26.1,67.3,Iron,2,0.9,1.0707
Mumbai,6,29.7,73.9,Microwave Oven,4,1.4,1.7956
Satara,1,23.0,44.1,Microwave Oven,3,0.9,1.1547
Mumbai,2,27.5,64.1,LED TV,4,7.7,0.6229
Mumbai,10,30.4,77.3,Air Conditioner,4,7.4,16.7774
Mumbai,10,30.9,82.6,Air Conditioner,2,6.7,19.8082
Satara,7,24.4,88.5,Washing Machine,3,1.1,0.6412
Satara,7,39.4,58.8,Desktop Computer,4,0.6,0.1613
Mumbai,3,35.7,71.2,Microwave Oven,2,17.4,27.1041
Mumbai,8,28.8,91.7,Desktop Computer,2,7.9,2.6385
Satara,12,23.8,34.3,Water Heater (Geyser),2,2.8,7.1416
Mumbai,6,28.5,75.4,Ceiling Fan,4,14.1,1.164
Satara,11,47.5,26.5,Microwave Oven,1,3.8,6.2643
Mumbai,12,30.7,67.9,Ceiling Fan,1,4.4,0.6358
Satara,10,26.8,66.0,Room Heater,4,5.1,10.5213
Mumbai,12,27.1,56.0,Washing Machine,3,0.6,0.3393
Mumbai,12,25.4,60.8,Washing Machine,4,1.8,0.8733
Satara,9,29.1,69.5,Air Conditioner,3,3.4,8.5325
Satara,5,32.9,57.6,Room Heater,1,4.6,12.508
Mumbai,5,34.6,83.2,Room Heater,1,4.5,12.6911
Mumbai,10,30.4,72.4,Water Heater (Geyser),4,2.6,6.126
Mumbai,6,31.2,89.0,Desktop Computer,4,5.2,1.3439
Mumbai,12,28.3,63.7,LED TV,1,3.3,0.3605
Satara,5,36.8,51.4,Washing Machine,1,4.8,3.6561
Satara,9,27.3,76.6,Microwave Oven,4,0.7,0.878
Satara,3,25.5,45.8,Water Heater (Geyser),1,2.2,6.4086
Mumbai,4,22.6,33.5,Iron,3,21.4,21.6325
Mumbai,8,29.8,90.6,Room Heater,1,5.6,15.4432
Mumbai,10,12.9,52.0,Air Conditioner,4,17.1,24.6816
Satara,2,18.6,27.3,Refrigerator,1,22.7,4.878
Satara,12,23.6,48.4,Ceiling Fan,2,5.8,0.6172
Satara,2,23.3,46.3,Ceiling Fan,1,8.3,0.9864
Satara,2,21.3,38.7,Room Heater,5,3.1,5.2225
Satara,7,23.0,77.8,Air Conditioner,1,9.6,26.1978
Mumbai,10,30.4,86.9,Room Heater,1,6.0,16.6557
Mumbai,5,29.3,73.3,Water Heater (Geyser),4,2.5,5.9191
Satara,1,20.3,45.4,Desktop Computer,2,8.9,2.6414
Satara,1,27.1,45.8,Desktop Computer,2,18.7,5.7484
Mumbai,9,28.8,75.9,Iron,2,0.8,0.9535
Mumbai,11,26.6,60.1,Ceiling Fan,4,7.4,0.5897
Satara,3,23.2,23.0,Desktop Computer,5,3.8,0.7606
Mumbai,2,24.2,56.8,Iron,5,1.0,0.9417
Mumbai,9,35.7,66.9,Ceiling Fan,4,19.3,1.7523
Mumbai,11,37.8,93.3,Water Heater (Geyser),2,12.9,41.7976
Satara,7,12.3,92.8,Microwave Oven,4,4.4,5.2406
Satara,12,21.4,61.0,Water Heater (Geyser),2,1.7,4.4373
Mumbai,4,26.7,68.2,Water Heater (Geyser),4,2.4,5.4423
Mumbai,7,29.5,87.9,LED TV,4,6.4,0.538
Satara,9,26.2,77.7,Microwave Oven,5,0.3,0.3484
Mumbai,1,27.4,65.6,Iron,5,0.6,0.5794
Satara,1,37.0,31.8,Desktop Computer,5,19.2,4.1698
Satara,7,10.9,41.7,Room Heater,2,22.9,44.0197
Satara,1,15.6,21.9,Air Conditioner,1,6.2,13.0597
Mumbai,6,32.6,77.5,Microwave Oven,2,1.0,1.5549
Mumbai,5,33.7,62.5,Air Conditioner,4,9.6,22.8155
Mumbai,9,28.9,82.5,Air Conditioner,5,8.1,15.5284
Satara,7,25.0,93.0,Water Heater (Geyser),5,2.9,5.9194
Mumbai,6,29.1,79.2,Microwave Oven,5,1.4,1.6297
Mumbai,1,38.9,45.9,Microwave Oven,2,12.5,19.3973
Mumbai,2,27.2,59.3,Room Heater,5,2.3,4.2351
Satara,4,31.6,55.7,Air Conditioner,2,8.9,25.6491
Satara,1,27.3,33.6,Microwave Oven,5,0.9,0.9876
Satara,4,35.1,47.5,Water Heater (Geyser),1,15.9,50.9218
Satara,1,22.4,91.9,Washing Machine,1,12.5,9.2852
Mumbai,6,33.0,84.7,LED TV,1,7.3,0.8245
Mumbai,8,32.0,85.0,Air Conditioner,1,5.8,19.449
Satara,5,44.5,48.1,Water Heater (Geyser),3,15.3,45.0471
Mumbai,4,29.1,65.2,Air Conditioner,5,8.0,15.1601
Satara,8,15.6,93.9,Desktop Computer,4,23.2,5.6315
Satara,10,47.1,34.4,Ceiling Fan,4,11.4,1.1492
Mumbai,1,44.5,68.7,Room Heater,3,13.7,35.5732
Mumbai,5,31.6,80.9,Air Conditioner,4,2.9,6.8527
Satara,4,45.5,66.0,Refrigerator,4,22.6,4.6719
Satara,2,35.5,31.4,Room Heater,5,12.0,22.4766
Mumbai,2,25.0,45.7,Room Heater,2,2.3,5.22
Mumbai,6,40.4,53.7,Air Conditioner,3,14.0,41.2796
Satara,11,24.0,40.4,Washing Machine,5,1.3,0.498
Satara,1,20.4,47.5,Iron,1,1.5,1.7315
Satara,11,43.4,89.0,Air Conditioner,4,3.1,8.9797
Satara,9,26.3,84.3,Washing Machine,2,0.6,0.3949
Mumbai,11,34.3,31.9,Water Heater (Geyser),3,2.3,5.9395
Mumbai,3,29.2,84.6,Refrigerator,3,21.1,4.4214
Mumbai,5,31.7,67.0,Washing Machine,3,1.5,0.8738
Satara,7,25.2,80.5,Microwave Oven,3,0.5,0.6939
Satara,10,27.5,64.6,Iron,1,0.9,1.1128
Satara,9,22.7,82.2,Room Heater,3,5.5,12.041
Mumbai,6,34.6,83.2,Washing Machine,1,0.7,0.5453
Satara,6,26.1,30.1,Iron,3,18.6,19.1498
Satara,3,33.8,41.3,Water Heater (Geyser),5,0.9,1.8813
Mumbai,3,28.9,61.2,LED TV,2,2.9,0.2888
Mumbai,7,26.3,85.5,Water Heater (Geyser),2,0.7,1.9996
Satara,1,19.9,55.6,Ceiling Fan,2,11.4,1.154
Satara,1,22.6,51.2,Refrigerator,1,20.4,4.8256
Mumbai,3,26.9,70.0,Iron,1,0.3,0.3674
Mumbai,9,29.1,82.1,Washing Machine,3,2.0,1.1684
Mumbai,8,13.4,27.5,Microwave Oven,2,3.7,4.7019
Mumbai,6,28.9,81.8,Desktop Computer,4,10.0,2.6126
Satara,8,32.2,18.2,LED TV,4,17.2,1.2986
Mumbai,8,27.9,96.0,Desktop Computer,2,6.3,2.1244
Mumbai,11,11.6,40.6,Iron,4,9.9,9.2159
Satara,4,31.0,40.3,Water Heater (Geyser),2,0.7,1.9173
Satara,8,20.3,46.7,Water Heater (Geyser),3,17.9,40.6441
Mumbai,4,32.6,64.8,Washing Machine,3,1.7,1.0002
Satara,8,41.6,55.7,Microwave Oven,2,1.1,1.7128
Satara,1,35.1,84.0,Iron,5,8.1,8.2086
Mumbai,9,29.6,87.0,Refrigerator,1,21.2,5.742
Satara,11,39.2,68.1,Desktop Computer,1,23.9,8.9818
Mumbai,6,30.6,87.8,Iron,5,1.1,1.1161
Satara,3,23.1,44.2,Ceiling Fan,3,13.1,1.1858
Satara,12,19.4,30.7,Room Heater,3,4.5,8.7232
Mumbai,3,16.8,42.0,Washing Machine,4,10.3,4.6023
Mumbai,4,33.0,72.7,Air Conditioner,2,8.8,26.0685
Mumbai,5,41.1,87.9,Room Heater,2,19.6,54.7667
Mumbai,3,19.2,94.3,Iron,1,5.1,6.3389
Satara,1,47.7,23.7,Desktop Computer,4,0.7,0.1836
Satara,5,26.6,63.2,Room Heater,5,2.3,4.2612
Satara,9,36.8,89.8,Washing Machine,3,3.4,2.1021
Mumbai,9,30.2,86.3,Room Heater,3,4.3,10.1817
Satara,12,18.9,53.9,Refrigerator,5,20.2,2.4664
Mumbai,2,32.0,28.3,Room Heater,4,17.2,34.3667
Satara,12,20.6,53.7,Microwave Oven,5,1.0,1.0918
Satara,6,12.9,60.8,Washing Machine,4,5.4,2.425
Mumbai,8,29.7,86.4,Microwave Oven,5,0.9,1.0804
Satara,9,16.9,22.4,LED TV,5,22.6,1.44
Mumbai,8,37.6,25.9,Refrigerator,2,8.5,2.084
Satara,11,21.6,67.3,Ceiling Fan,2,14.0,1.4813
Mumbai,11,30.7,22.2,Iron,1,11.4,13.1433
Mumbai,7,29.8,90.6,Refrigerator,4,24.0,4.2645
Satara,4,29.1,40.9,Room Heater,1,3.0,7.5174
Satara,10,30.2,72.0,LED TV,1,4.7,0.5211
Mumbai,10,30.0,72.5,Air Conditioner,5,4.7,9.0646
Mumbai,10,42.5,55.5,LED TV,5,23.0,1.7366
Mumbai,4,41.9,59.4,Washing Machine,2,16.7,11.8414
Mumbai,9,29.7,77.3,Water Heater (Geyser),3,1.4,3.721
Mumbai,1,25.9,62.6,Room Heater,4,5.4,10.5811
Satara,6,47.2,39.3,Desktop Computer,2,23.5,7.9794
Mumbai,9,30.1,78.0,Refrigerator,4,20.5,3.7089
Satara,12,24.4,47.3,Room Heater,5,2.6,4.5889
Satara,8,26.0,88.4,Water Heater (Geyser),1,2.3,7.283
Satara,8,10.3,18.6,Desktop Computer,2,22.8,6.0583
Mumbai,2,24.9,60.5,Refrigerator,4,21.7,3.4911
Mumbai,7,28.5,87.1,Microwave Oven,2,1.0,1.5131
Mumbai,6,32.4,79.0,LED TV,3,7.7,0.7243
Mumbai,12,30.7,58.8,Air Conditioner,2,8.1,22.9434
Mumbai,8,29.3,83.3,Refrigerator,4,23.6,4.224
Mumbai,1,27.0,60.6,Air Conditioner,4,8.3,17.6085
Mumbai,1,44.1,87.0,Air Conditioner,3,15.4,50.2589
Mumbai,5,31.7,68.7,Microwave Oven,5,1.2,1.4321
Satara,8,22.8,75.0,Washing Machine,1,1.8,1.3083
Satara,2,38.6,63.0,Room Heater,3,2.5,6.1748
Mumbai,12,28.5,56.3,Air Conditioner,1,6.8,20.8397
Satara,2,18.4,41.3,Ceiling Fan,4,8.9,0.5979
Mumbai,5,29.7,72.7,LED TV,3,7.6,0.6884
Satara,3,34.6,26.9,Desktop Computer,5,20.9,4.3993
Satara,2,23.4,49.2,Water Heater (Geyser),1,2.8,7.8705
Mumbai,2,37.4,23.1,Microwave Oven,4,15.1,18.5
Mumbai,8,26.3,34.1,Microwave Oven,3,18.3,23.4036
Mumbai,7,29.3,89.2,Room Heater,3,1.9,4.4255
Satara,11,22.5,36.9,Water Heater (Geyser),3,1.4,3.172
Mumbai,8,28.9,84.5,Air Conditioner,2,6.1,17.1047
Satara,1,21.5,39.2,Microwave Oven,5,1.2,1.2555
Satara,9,24.9,82.4,Air Conditioner,1,10.7,30.4194
Mumbai,12,28.5,58.5,LED TV,3,7.1,0.6198
Satara,4,30.9,39.6,Water Heater (Geyser),3,2.6,6.55
Mumbai,8,28.4,89.2,Washing Machine,4,0.8,0.4136
Satara,2,29.6,40.5,Room Heater,1,2.7,6.7771
Satara,11,12.5,50.5,Microwave Oven,1,2.8,4.0335
Satara,7,24.4,75.5,Microwave Oven,2,1.1,1.5994
Mumbai,10,28.8,68.9,Air Conditioner,3,3.3,8.0319
Mumbai,4,29.9,74.9,LED TV,1,4.7,0.5121
Satara,3,25.4,45.1,Iron,2,1.0,1.1157
Satara,3,28.8,52.1,Water Heater (Geyser),4,8.8,19.7559
Mumbai,1,45.5,43.1,Washing Machine,3,2.9,1.7803
Satara,9,28.2,88.0,Room Heater,5,5.5,10.6895
Satara,6,31.9,80.0,Water Heater (Geyser),4,2.2,5.3408
Satara,10,31.2,62.9,Desktop Computer,3,8.0,2.3566
Mumbai,12,29.2,60.5,Iron,4,1.1,1.1352
Mumbai,9,28.4,93.0,Washing Machine,4,1.2,0.6227
Mumbai,12,27.5,63.0,Microwave Oven,4,0.4,0.4991
Mumbai,4,30.8,62.9,Refrigerator,5,22.5,3.2216
Satara,5,30.3,45.5,Desktop Computer,2,4.8,1.4937
Mumbai,7,30.5,90.9,Water Heater (Geyser),1,1.4,4.5579
Satara,2,34.2,26.9,LED TV,5,23.3,1.5847
Satara,2,12.1,31.9,Desktop Computer,1,3.9,1.1624
Mumbai,5,32.3,71.4,LED TV,4,4.2,0.3503
Satara,5,30.7,54.6,LED TV,1,3.0,0.3192
Satara,11,22.9,44.1,Iron,4,0.5,0.4957
Satara,3,28.6,39.0,Ceiling Fan,2,13.6,1.5158
Satara,8,25.7,81.8,Refrigerator,2,21.5,4.8378
Satara,7,25.3,88.1,Microwave Oven,5,1.4,1.629
Satara,9,30.1,53.9,Room Heater,2,9.4,22.2931
Mumbai,10,32.3,84.7,Room Heater,2,5.9,15.3039
Satara,2,11.7,78.9,Desktop Computer,4,17.2,4.024
Satara,2,24.9,38.3,Air Conditioner,4,2.7,5.2236
Mumbai,3,28.9,65.6,Washing Machine,1,1.5,1.1004
Satara,3,29.4,37.9,Iron,2,0.9,1.0087
Mumbai,1,25.4,54.5,Desktop Computer,3,4.7,1.3097
Satara,9,33.2,85.0,Iron,5,22.2,22.9014
Mumbai,4,33.7,64.5,Washing Machine,1,0.8,0.601
Mumbai,3,26.3,67.2,LED TV,1,17.6,1.8684
Mumbai,5,34.3,60.8,Room Heater,1,5.4,14.6965
Mumbai,1,26.7,66.0,Water Heater (Geyser),3,0.9,2.2836
Mumbai,1,25.5,53.8,LED TV,3,5.8,0.5068
Mumbai,8,32.8,67.6,Iron,1,10.3,13.0702
Mumbai,12,30.9,65.9,Ceiling Fan,1,12.4,1.7782
Satara,3,28.5,40.0,LED TV,3,3.8,0.3233
Mumbai,10,31.9,67.7,Microwave Oven,2,1.4,2.1072
Satara,5,44.1,70.2,Refrigerator,1,10.0,3.1388
Mumbai,7,29.0,83.6,LED TV,4,5.6,0.4634
Mumbai,4,29.7,61.1,Washing Machine,3,1.8,1.0525
Satara,1,20.8,35.7,Washing Machine,1,1.1,0.7381
Satara,5,17.7,74.8,LED TV,4,9.0,0.6902
Mumbai,4,34.1,63.3,Refrigerator,2,22.0,5.5231
Mumbai,4,33.1,56.8,Water Heater (Geyser),4,2.6,6.1457
Mumbai,2,21.5,22.4,Room Heater,5,3.9,6.4169
Satara,11,26.3,63.2,Washing Machine,2,0.7,0.4457
Satara,4,29.7,54.2,Water Heater (Geyser),5,1.3,2.5903
Mumbai,2,10.1,95.0,Desktop Computer,1,19.4,6.4546
Mumbai,7,29.4,87.7,Iron,5,0.7,0.6965
Satara,12,21.6,53.3,Ceiling Fan,1,13.5,1.6315
Satara,3,28.3,22.7,Desktop Computer,1,4.0,1.3235
Mumbai,4,20.2,62.2,Air Conditioner,5,14.8,22.6557
Satara,9,27.9,76.8,Air Conditioner,2,11.2,30.7488
Mumbai,5,21.5,77.6,Refrigerator,4,7.5,1.1711
Satara,7,26.1,86.3,LED TV,2,7.8,0.7958
Satara,9,23.6,81.0,Microwave Oven,5,1.4,1.5794
Satara,1,28.2,21.0,Iron,5,15.3,13.7221
Mumbai,8,10.0,79.2,Iron,4,19.8,19.6224
Satara,6,27.2,82.2,LED TV,3,4.6,0.4214
Satara,9,24.9,77.7,Air Conditioner,4,10.5,20.9741
Satara,6,25.9,89.6,Air Conditioner,5,11.6,21.1732
Satara,6,32.7,80.3,Room Heater,1,1.9,5.2067
Satara,10,25.6,61.1,Refrigerator,3,20.2,3.8931
Mumbai,10,32.4,77.4,LED TV,3,7.7,0.7244
Mumbai,8,31.6,86.7,Room Heater,3,2.7,6.3866
Mumbai,11,28.1,62.9,Washing Machine,1,0.6,0.4391
Mumbai,6,33.4,76.9,Ceiling Fan,5,15.3,1.0822
Satara,1,11.0,56.5,Desktop Computer,5,14.2,2.7508
Satara,7,26.5,84.1,LED TV,5,2.9,0.2118
Satara,3,27.0,46.5,Microwave Oven,4,1.5,1.871
Mumbai,1,23.3,51.2,Water Heater (Geyser),1,2.6,7.3182
Satara,7,24.2,81.9,Refrigerator,5,22.9,3.135
Mumbai,9,29.2,74.5,Microwave Oven,1,1.2,1.9315
Satara,5,27.1,38.6,Iron,2,18.8,20.8799
Satara,7,24.5,70.5,Water Heater (Geyser),4,3.0,6.5359
Mumbai,12,24.3,65.4,Desktop Computer,3,7.7,2.1315
Mumbai,5,43.4,77.3,LED TV,1,5.0,0.5793
Satara,6,27.1,78.5,Water Heater (Geyser),2,1.2,3.3334
Satara,10,28.2,55.0,LED TV,2,7.7,0.7411
Mumbai,8,26.3,74.3,Washing Machine,2,6.8,4.3764
Mumbai,9,29.0,80.3,Refrigerator,1,4.2,1.1395
Satara,9,23.8,73.6,Microwave Oven,1,0.6,0.9504
Satara,8,25.7,80.5,Desktop Computer,5,6.6,1.4561
Mumbai,8,29.8,87.4,Ceiling Fan,3,7.2,0.7681
Mumbai,12,15.0,79.1,Ceiling Fan,5,18.3,0.9538
Satara,1,34.2,52.6,Iron,1,7.0,8.5284
Mumbai,7,30.2,90.9,Ceiling Fan,1,13.8,1.9941
Mumbai,2,29.0,64.2,Refrigerator,1,20.1,5.2277
Satara,2,29.1,49.4,LED TV,3,6.0,0.5196
Satara,1,24.3,56.6,Room Heater,3,2.0,4.2805
Mumbai,3,26.5,56.8,Desktop Computer,4,2.3,0.5718
Mumbai,2,27.8,55.9,Air Conditioner,1,6.5,19.1068
Mumbai,11,27.8,68.9,Water Heater (Geyser),3,2.0,5.0797
Mumbai,9,29.6,86.1,Iron,3,0.4,0.4504
Mumbai,4,31.1,72.2,Microwave Oven,2,1.3,1.9478
Mumbai,12,30.9,64.2,LED TV,2,7.9,0.7763
Satara,1,18.1,28.6,Iron,1,0.4,0.4452
Mumbai,12,26.6,64.4,Desktop Computer,4,5.0,1.2597
Satara,5,34.3,53.4,Microwave Oven,4,0.9,1.1365
Mumbai,2,25.1,71.8,Water Heater (Geyser),1,1.3,3.9504
Satara,3,17.5,31.2,Desktop Computer,5,4.5,0.8676
Satara,4,29.2,51.8,Microwave Oven,1,0.5,0.7837
Mumbai,9,27.9,81.8,Refrigerator,1,22.4,5.9997
Satara,9,35.2,86.9,LED TV,5,21.7,1.6228
Mumbai,8,29.1,83.7,Room Heater,4,4.8,10.1382
Mumbai,9,30.9,86.7,Microwave Oven,4,0.3,0.395
Satara,7,23.0,90.6,Ceiling Fan,1,7.3,0.9603
Mumbai,5,41.7,22.0,Ceiling Fan,2,15.3,2.1051
Satara,7,23.6,89.9,Washing Machine,5,1.8,0.754
Mumbai,2,28.1,68.1,Washing Machine,3,1.0,0.5753
Mumbai,2,27.3,52.9,Air Conditioner,1,2.2,6.3476
Satara,8,24.8,85.1,Water Heater (Geyser),4,2.7,6.1588
Mumbai,2,24.9,61.0,Ceiling Fan,5,6.7,0.4105
Satara,3,34.5,87.7,Washing Machine,1,19.9,15.7173
Mumbai,4,35.9,78.5,Air Conditioner,4,3.7,9.3622
Satara,10,38.3,40.8,Washing Machine,3,21.7,12.8289
Mumbai,3,26.5,53.1,Washing Machine,2,1.7,1.0629
Satara,6,28.6,75.5,Microwave Oven,1,0.7,1.1358
Satara,10,23.9,66.6,Desktop Computer,4,6.0,1.4789
Mumbai,2,44.1,35.5,LED TV,3,5.7,0.5321
Mumbai,10,33.8,63.9,Desktop Computer,2,7.1,2.3983
Satara,1,44.8,88.6,Ceiling Fan,1,0.8,0.1397
Satara,2,45.4,70.8,Desktop Computer,4,13.7,3.9135
Mumbai,7,33.3,83.9,Microwave Oven,3,1.3,1.854
Mumbai,9,30.0,87.3,Iron,3,0.7,0.7995
Mumbai,12,25.5,40.1,Ceiling Fan,2,9.0,0.9899
Satara,10,36.0,91.8,Room Heater,5,6.5,13.743
Mumbai,3,27.6,66.1,Iron,2,1.2,1.4111
Mumbai,10,24.9,22.9,Washing Machine,5,23.0,8.6666
Satara,11,27.7,60.3,Washing Machine,5,1.8,0.743
Mumbai,3,25.4,81.1,LED TV,5,5.8,0.4255
Mumbai,8,19.9,88.6,Water Heater (Geyser),5,18.3,35.8164
Mumbai,4,18.9,73.9,Microwave Oven,3,0.7,0.9319
Mumbai,8,27.8,88.5,Refrigerator,5,23.4,3.4083
Mumbai,7,30.8,88.6,LED TV,1,7.9,0.9014
Satara,8,27.8,42.4,LED TV,4,18.8,1.4672
Mumbai,2,29.1,54.3,Air Conditioner,1,4.3,13.1218
Mumbai,1,26.3,55.4,Washing Machine,5,1.4,0.5515
Mumbai,12,26.4,55.1,LED TV,3,4.0,0.3517
Mumbai,2,26.8,45.3,Air Conditioner,1,4.1,11.6677
Satara,8,25.2,80.3,Room Heater,2,1.9,4.4972
Satara,9,25.8,85.9,Iron,3,1.5,1.6658
Satara,1,33.1,85.7,Desktop Computer,1,22.1,8.3479
Satara,5,20.0,36.0,Refrigerator,1,0.8,0.1755
Satara,2,36.8,57.7,LED TV,3,6.2,0.5767
Satara,2,21.6,73.9,Water Heater (Geyser),1,5.3,15.3356
Satara,3,23.2,28.1,Washing Machine,4,0.7,0.3183
Mumbai,4,11.9,70.5,Water Heater (Geyser),3,20.1,42.7339
Satara,1,20.2,27.0,Washing Machine,3,0.6,0.3084
Satara,5,31.4,58.9,LED TV,5,7.5,0.5376
Satara,3,25.6,38.1,Ceiling Fan,1,7.2,0.9086
Satara,8,26.1,97.7,Room Heater,1,1.9,5.0645
Mumbai,2,26.0,67.5,Water Heater (Geyser),5,0.8,1.5999
Mumbai,8,20.3,15.5,Ceiling Fan,2,3.7,0.3492
Mumbai,5,19.6,30.8,Microwave Oven,4,13.2,15.2435
Mumbai,6,32.3,78.0,Room Heater,3,5.5,13.0707
Satara,8,24.2,75.4,Desktop Computer,5,2.2,0.4729
Satara,11,31.0,29.5,LED TV,3,12.2,1.0507
Satara,12,19.6,52.0,Air Conditioner,2,2.6,5.6796
Mumbai,10,32.5,75.4,Ceiling Fan,4,10.1,0.8941
Mumbai,1,25.4,70.5,Room Heater,2,5.8,13.5913
Mumbai,2,35.3,64.9,Washing Machine,5,14.7,6.5316
Mumbai,8,25.0,93.4,Refrigerator,2,3.1,0.713
Mumbai,2,25.6,56.2,Water Heater (Geyser),5,2.9,5.7059
Mumbai,5,32.1,66.4,Iron,3,0.9,1.0183
Satara,1,26.1,54.5,Ceiling Fan,3,9.2,0.9012
Satara,2,25.7,50.1,Desktop Computer,3,6.8,1.8586
Satara,11,27.4,45.2,LED TV,4,5.6,0.4453
Mumbai,6,31.6,81.7,Refrigerator,3,21.5,4.6555
Mumbai,12,22.0,62.3,Water Heater (Geyser),1,1.9,5.3897
Satara,4,29.5,44.1,LED TV,2,5.8,0.5593
Satara,9,25.9,93.6,Microwave Oven,2,0.6,0.9285
Mumbai,12,26.4,63.2,Refrigerator,5,21.3,2.8942
Satara,7,24.0,87.4,Iron,3,1.1,1.2159
Mumbai,9,28.1,80.1,Microwave Oven,1,0.9,1.4363
Mumbai,5,17.1,76.2,LED TV,2,10.0,0.9471
Satara,6,26.6,82.7,Room Heater,2,2.1,5.1127
Satara,6,29.3,80.4,Ceiling Fan,4,12.0,1.0213
Mumbai,1,26.3,65.0,Microwave Oven,4,1.0,1.2459
Satara,10,28.2,71.9,Desktop Computer,2,4.0,1.3026
Mumbai,3,26.5,75.9,Water Heater (Geyser),5,2.7,5.5949
Mumbai,4,42.3,55.0,Desktop Computer,2,9.6,3.2741
Satara,2,27.6,47.7,Ceiling Fan,2,15.4,1.746
Mumbai,2,47.2,68.9,Refrigerator,5,20.4,3.5608
Mumbai,8,28.0,91.2,Microwave Oven,5,0.4,0.4816
Mumbai,9,28.1,82.6,Ceiling Fan,5,7.6,0.4948
Mumbai,12,28.4,65.0,Air Conditioner,5,8.3,15.3807
Mumbai,4,32.3,69.1,LED TV,1,7.6,0.8326
Satara,4,46.2,71.2,Room Heater,1,13.8,43.4417
Satara,7,25.8,87.8,Iron,1,0.8,1.021
Mumbai,4,30.6,78.9,Microwave Oven,5,1.4,1.664
Mumbai,4,31.6,61.6,Desktop Computer,5,3.5,0.7886
Mumbai,7,29.6,87.5,Microwave Oven,5,1.2,1.4427
Satara,4,30.1,46.3,Desktop Computer,4,2.8,0.7005
Mumbai,9,29.6,80.7,Microwave Oven,2,1.0,1.536
Satara,12,18.2,47.6,Washing Machine,2,1.6,0.9641
Mumbai,1,25.8,62.0,Microwave Oven,3,1.3,1.7265
Mumbai,4,29.0,75.8,Iron,2,0.4,0.4759
Mumbai,8,14.7,91.5,Iron,1,18.5,23.0116
Satara,5,16.6,15.2,Refrigerator,2,20.1,3.6116
Satara,10,29.4,61.3,Air Conditioner,3,6.4,15.7294
Mumbai,9,29.9,80.3,Desktop Computer,3,2.4,0.7064
Mumbai,11,19.6,40.7,Microwave Oven,1,7.6,11.0641
Mumbai,12,27.6,68.1,LED TV,5,3.8,0.2713
Mumbai,3,26.2,59.9,Washing Machine,5,1.2,0.4894
Satara,12,24.3,44.7,Desktop Computer,5,5.9,1.2161
Satara,8,31.4,58.4,LED TV,3,2.4,0.2158
Satara,2,24.9,32.1,Air Conditioner,2,2.4,5.7186
Satara,3,11.1,81.9,Iron,4,3.6,3.5844
Satara,4,27.6,85.0,LED TV,3,12.6,1.1475
Mumbai,3,21.2,72.4,Iron,3,2.5,2.7143
Mumbai,7,31.7,77.0,Room Heater,5,4.0,7.9159
Mumbai,10,31.6,76.5,Air Conditioner,3,10.0,26.1657
Mumbai,6,33.0,81.9,LED TV,1,4.2,0.4716
Mumbai,6,14.8,47.2,Microwave Oven,1,23.9,33.9444
Mumbai,10,32.1,75.6,Air Conditioner,1,9.1,30.0819
Satara,11,25.7,68.4,Microwave Oven,3,0.3,0.403
Satara,10,30.0,61.0,Water Heater (Geyser),3,2.5,6.5259
Satara,12,26.6,43.5,Washing Machine,3,1.5,0.8175
Mumbai,9,29.2,82.0,Air Conditioner,5,5.9,11.2761
Mumbai,9,16.1,91.6,Refrigerator,2,17.6,3.5922
Mumbai,11,36.3,62.2,Room Heater,3,19.5,47.0569
Satara,4,32.8,31.7,Air Conditioner,2,8.0,22.7802
Satara,7,25.0,39.3,Air Conditioner,5,10.1,16.7568
Satara,2,22.9,43.8,Desktop Computer,5,4.3,0.8866
Mumbai,9,29.9,81.1,Room Heater,1,4.2,11.3604
Mumbai,11,18.2,59.5,Ceiling Fan,4,21.8,1.4987
Satara,3,20.7,22.4,Refrigerator,1,20.9,4.6694
Satara,7,24.9,79.9,Washing Machine,5,1.3,0.5402
Satara,8,25.6,87.7,Ceiling Fan,1,5.1,0.6914
Mumbai,8,27.6,87.8,Iron,5,10.5,10.4505
Mumbai,3,46.4,64.1,Air Conditioner,5,6.6,16.5162
Mumbai,8,41.0,63.3,Room Heater,3,9.0,22.6986
Satara,8,22.1,84.1,Air Conditioner,3,10.0,22.1076
Satara,9,32.9,84.5,Desktop Computer,2,1.0,0.3419
Mumbai,5,33.4,81.1,Air Conditioner,4,9.7,23.467
Mumbai,9,32.0,46.1,Air Conditioner,4,18.7,40.98
Satara,11,25.9,48.3,Desktop Computer,3,3.4,0.9403
Satara,9,31.3,72.6,Desktop Computer,5,4.8,1.0849
Satara,11,22.3,41.3,Washing Machine,3,1.3,0.6942
Mumbai,4,28.9,58.5,Iron,3,0.7,0.7625
Satara,2,26.9,28.7,Desktop Computer,1,8.7,2.9119
Mumbai,5,40.6,86.1,Refrigerator,5,20.5,3.4442
Mumbai,3,33.3,72.3,Iron,5,10.3,10.3363
Mumbai,11,30.7,67.6,Washing Machine,1,1.0,0.7412
Mumbai,8,28.3,82.9,Air Conditioner,2,3.0,8.3321
Satara,5,45.2,85.1,Desktop Computer,1,12.6,5.1336
Mumbai,2,27.1,73.5,LED TV,1,4.9,0.5288
Mumbai,1,26.1,59.6,LED TV,3,7.0,0.6155
Mumbai,9,28.9,83.1,Refrigerator,4,21.6,3.7808
Mumbai,1,24.0,54.0,Washing Machine,5,0.6,0.2333
Satara,7,26.5,90.7,Iron,2,0.5,0.5981
Mumbai,12,28.7,58.7,Water Heater (Geyser),5,2.9,5.8549
Satara,9,26.3,85.4,LED TV,4,4.1,0.3416
Mumbai,9,33.1,82.2,Microwave Oven,3,0.3,0.4236
Mumbai,4,27.4,69.4,Ceiling Fan,5,14.9,0.9471
Mumbai,12,24.7,68.9,Refrigerator,5,23.3,3.1017
Mumbai,6,30.6,83.8,Water Heater (Geyser),1,2.8,8.8919
Satara,4,28.7,44.5,Ceiling Fan,5,15.2,0.9314
Satara,7,27.4,26.6,Washing Machine,4,19.1,8.9295
Satara,7,15.0,86.7,Air Conditioner,2,2.8,5.7877
Satara,4,30.7,27.6,Microwave Oven,4,0.5,0.5951
Mumbai,11,29.6,63.7,Washing Machine,4,1.7,0.8528
Mumbai,5,30.7,29.4,Refrigerator,3,8.7,1.7181
Mumbai,9,27.0,80.5,Ceiling Fan,1,5.5,0.7481
Satara,11,17.2,56.7,Iron,2,23.6,26.1577
Mumbai,8,28.4,83.7,Iron,5,0.7,0.6949
Mumbai,10,30.9,69.9,Room Heater,1,3.7,9.9957
Mumbai,12,24.3,58.2,Iron,2,1.4,1.5764
Satara,3,40.6,66.3,Air Conditioner,2,1.5,5.1013
Satara,3,31.8,50.4,Refrigerator,5,23.3,3.3063
Satara,3,31.6,30.5,Microwave Oven,4,0.4,0.4795
Satara,5,33.1,64.6,Room Heater,4,4.4,9.3805
Satara,9,23.9,84.1,Ceiling Fan,5,14.1,0.878
Satara,11,24.3,56.4,Washing Machine,5,0.5,0.2019
Satara,2,45.1,84.2,Microwave Oven,1,13.3,23.6235
Satara,4,25.4,44.5,Water Heater (Geyser),1,2.7,7.8853
Mumbai,12,23.9,80.7,Room Heater,5,3.9,7.1862
Satara,7,15.9,63.0,LED TV,5,16.0,1.1008
Satara,1,22.7,37.3,Iron,4,1.3,1.2605
Satara,8,25.8,78.4,Iron,3,1.5,1.671
Mumbai,10,29.0,70.9,LED TV,2,7.5,0.7525
Mumbai,9,28.4,92.2,Refrigerator,3,20.8,4.3474
Satara,1,28.0,39.2,Refrigerator,1,20.9,5.2537
Satara,9,26.2,75.1,Ceiling Fan,4,15.3,1.215
Mumbai,12,18.5,69.0,Iron,3,22.3,23.9429
Mumbai,2,26.7,68.5,Ceiling Fan,5,8.2,0.5216
Mumbai,3,34.1,55.8,Water Heater (Geyser),3,2.8,7.3404
Satara,7,13.8,37.8,Room Heater,5,0.8,1.2315
Mumbai,6,44.2,15.3,Water Heater (Geyser),3,9.1,25.1565
Satara,4,32.3,32.9,Ceiling Fan,3,6.1,0.6095
Mumbai,10,30.5,87.8,Desktop Computer,4,0.7,0.1864
Satara,1,16.3,16.5,Refrigerator,2,6.8,1.2262
Mumbai,4,27.2,70.8,Iron,4,0.7,0.7259
Mumbai,8,29.5,87.9,Microwave Oven,2,12.5,18.9745
Mumbai,7,31.1,88.6,Iron,4,0.9,0.9754
Mumbai,4,36.8,30.3,Air Conditioner,4,13.5,31.7472
Mumbai,1,24.6,65.1,Room Heater,3,4.8,10.3291
Mumbai,12,27.6,59.6,Water Heater (Geyser),2,2.6,7.1181
Mumbai,5,31.7,63.9,Room Heater,4,1.9,4.0001
Mumbai,8,40.8,20.2,Iron,4,3.5,3.5634
Satara,7,32.4,77.2,Air Conditioner,2,23.7,71.9242
Satara,10,28.2,73.6,Ceiling Fan,2,12.6,1.4976
Mumbai,9,30.6,78.7,Refrigerator,1,22.8,6.2648
Mumbai,5,11.8,30.7,Washing Machine,4,14.2,5.8092
Mumbai,11,29.6,58.9,Washing Machine,3,1.8,1.0392
Satara,7,25.0,87.6,LED TV,1,4.4,0.4794
Mumbai,10,31.1,75.9,Refrigerator,3,20.3,4.3016
Satara,12,23.9,48.2,Ceiling Fan,1,5.8,0.7188
Mumbai,11,25.0,64.0,Iron,3,0.5,0.5412
Satara,8,20.0,20.0,Ceiling Fan,3,13.7,1.1015
Mumbai,2,10.3,16.6,Microwave Oven,2,14.3,17.7754
Satara,5,33.2,22.6,Washing Machine,1,1.9,1.3569
Mumbai,10,25.3,19.4,Desktop Computer,5,16.7,3.3446
Satara,4,31.8,49.2,Iron,3,0.5,0.5439
Satara,1,24.0,56.5,Air Conditioner,2,9.7,23.606
Satara,4,12.1,34.3,Air Conditioner,4,1.4,1.9172
Mumbai,1,38.0,81.7,Microwave Oven,3,17.9,26.4964
Satara,10,27.6,57.4,Air Conditioner,4,2.9,6.1117
Satara,10,22.7,55.3,Washing Machine,4,0.8,0.3709
Mumbai,2,26.2,53.7,Ceiling Fan,1,12.0,1.5707
Satara,2,24.9,33.8,Room Heater,5,4.6,8.0687
Satara,9,23.2,85.3,Iron,1,0.7,0.8707
Satara,5,20.7,93.6,Microwave Oven,2,3.6,5.3154
Satara,11,32.9,43.5,Ceiling Fan,4,6.8,0.5749
Satara,7,25.7,79.2,Microwave Oven,3,0.8,1.102
Satara,12,32.3,17.5,Refrigerator,3,16.2,3.1864
Satara,5,30.7,52.5,Air Conditioner,2,6.5,17.8589
Mumbai,12,45.3,89.7,Room Heater,4,7.8,19.3538
Mumbai,5,32.8,83.3,Microwave Oven,2,0.8,1.2191
Mumbai,7,30.5,86.8,Washing Machine,2,1.2,0.8283
Mumbai,11,27.7,61.7,Iron,1,0.4,0.4949
Mumbai,2,12.0,65.1,Desktop Computer,2,1.8,0.5229
Satara,10,14.0,66.7,Room Heater,5,3.2,5.2531
Satara,9,24.7,83.5,Iron,2,1.4,1.6522
Mumbai,8,28.6,80.6,Water Heater (Geyser),4,1.0,2.3601
Satara,6,25.6,77.8,Water Heater (Geyser),3,2.7,6.8226
Satara,9,25.6,82.3,Ceiling Fan,1,13.9,1.8424
Mumbai,12,28.8,72.5,Refrigerator,4,21.4,3.7313
Satara,2,14.7,89.4,LED TV,1,4.4,0.4574
Satara,9,11.8,75.6,Water Heater (Geyser),2,11.7,27.4838
Satara,5,41.8,53.3,Microwave Oven,5,12.7,15.5873
Mumbai,11,30.4,68.7,Refrigerator,2,22.4,5.2851
Mumbai,3,15.1,90.5,Desktop Computer,3,19.4,5.292
Satara,12,20.4,39.1,Water Heater (Geyser),2,2.1,5.214
Mumbai,1,37.5,57.9,Iron,3,20.1,22.8182
Mumbai,2,24.0,59.7,LED TV,2,3.6,0.3454
Satara,1,18.6,86.6,Iron,4,4.7,4.8481
Satara,10,29.2,54.2,Water Heater (Geyser),3,1.8,4.5676
Satara,8,24.9,79.9,Washing Machine,5,1.3,0.5491
Mumbai,6,30.4,84.3,Iron,4,0.9,0.976
Mumbai,3,24.8,54.3,Ceiling Fan,2,4.7,0.514
Mumbai,6,31.2,74.4,Water Heater (Geyser),3,2.6,6.9765
Mumbai,10,35.4,67.8,Air Conditioner,4,7.0,16.9677
Satara,10,28.4,58.5,LED TV,1,4.6,0.4883
Satara,5,30.8,53.4,Air Conditioner,5,11.1,21.413
Satara,5,26.8,43.4,Water Heater (Geyser),5,12.0,23.4243
Satara,1,23.3,55.5,Room Heater,5,3.4,5.9437
Satara,8,24.9,83.0,Desktop Computer,3,3.5,1.0221
Satara,11,24.9,60.4,LED TV,4,3.7,0.2871
Satara,8,27.5,86.5,Iron,4,0.8,0.8446
Mumbai,12,47.7,81.3,Refrigerator,3,16.3,4.1782
Satara,1,24.5,45.8,Ceiling Fan,4,15.9,1.1738
Mumbai,11,30.9,61.1,Water Heater (Geyser),2,1.7,4.8032
Mumbai,9,29.5,85.9,Desktop Computer,3,3.0,0.897
Satara,7,24.7,62.5,Microwave Oven,1,14.4,22.6218
Mumbai,11,29.2,72.6,Washing Machine,5,2.0,0.833
Satara,6,12.2,92.4,LED TV,2,14.3,1.3644
Mumbai,8,29.8,82.5,Iron,4,0.8,0.8507
Satara,6,30.3,58.8,LED TV,1,8.3,0.8891
Satara,11,26.1,51.0,Desktop Computer,3,6.8,1.876
Mumbai,6,23.1,85.0,Microwave Oven,5,1.7,1.967
Mumbai,6,31.9,82.3,LED TV,2,5.8,0.6066
Mumbai,8,47.8,28.2,Iron,3,18.9,20.8664
Satara,11,25.2,48.8,Desktop Computer,5,9.5,1.977
Mumbai,1,25.4,57.3,Water Heater (Geyser),3,2.9,7.1184
Satara,7,25.2,69.8,Iron,3,1.2,1.309
Satara,6,31.6,75.9,Desktop Computer,2,3.7,1.2382
Satara,6,18.2,15.7,Microwave Oven,3,1.6,1.8848
Satara,7,24.3,77.7,Ceiling Fan,1,7.4,0.9678
Mumbai,11,30.4,67.1,LED TV,5,4.2,0.3076
Mumbai,10,32.3,79.2,LED TV,2,6.8,0.6943
Mumbai,4,34.8,64.0,LED TV,5,19.0,1.4091
Satara,10,24.2,49.1,LED TV,4,4.0,0.3107
Mumbai,11,27.5,71.4,Air Conditioner,2,8.2,22.1393
Satara,1,20.6,60.6,Ceiling Fan,4,6.5,0.4654
Mumbai,7,30.3,89.1,Iron,3,0.6,0.689
Mumbai,12,26.0,50.8,Refrigerator,1,20.0,5.0486
Mumbai,9,30.5,83.8,Desktop Computer,2,6.1,2.0333
Satara,11,25.1,54.3,LED TV,2,7.5,0.7195
Mumbai,9,30.6,84.9,LED TV,1,5.4,0.5959
Mumbai,10,30.2,82.0,Microwave Oven,4,0.9,1.1729
Mumbai,12,24.4,64.0,Room Heater,1,4.8,11.9413
Mumbai,8,28.7,95.0,Room Heater,1,3.5,9.4648
Satara,12,20.6,45.3,Microwave Oven,1,0.4,0.6009
Satara,9,16.6,91.5,Room Heater,4,14.6,28.2163
Satara,8,26.1,72.5,Refrigerator,2,20.7,4.6793
Mumbai,9,29.3,83.6,Water Heater (Geyser),5,1.5,3.2499
Satara,2,22.0,35.7,Ceiling Fan,5,6.0,0.3308
Mumbai,10,30.6,72.6,LED TV,4,7.2,0.5835
Satara,9,24.5,88.2,Refrigerator,5,23.4,3.1632
Satara,8,25.9,84.1,Ceiling Fan,1,5.7,0.7836
Satara,3,32.5,28.4,Air Conditioner,2,9.4,25.8027
Mumbai,12,29.9,66.1,Refrigerator,5,22.8,3.2166
Mumbai,5,32.0,83.7,Washing Machine,1,0.8,0.6324
Satara,7,27.6,82.2,Iron,2,0.7,0.8382
Satara,6,28.4,79.6,LED TV,3,2.9,0.266
Mumbai,11,27.9,61.9,Desktop Computer,1,7.0,2.4721
Satara,4,31.3,28.2,Iron,2,1.0,1.1222
Mumbai,10,33.8,31.4,Refrigerator,2,12.9,3.0722
Mumbai,1,23.7,63.9,LED TV,4,2.2,0.1752
Satara,3,26.2,52.0,Desktop Computer,5,4.5,0.9487
Satara,9,25.4,85.3,Microwave Oven,1,0.9,1.4628
Mumbai,10,45.1,68.4,Air Conditioner,2,21.6,80.338
Mumbai,5,30.8,34.0,Microwave Oven,1,16.5,25.5655
Mumbai,2,28.7,39.0,Refrigerator,1,14.5,3.6227
Mumbai,3,30.3,50.4,Microwave Oven,5,0.5,0.5688
Mumbai,3,40.6,44.6,Microwave Oven,4,15.7,20.1596
Satara,7,26.2,85.6,Microwave Oven,5,1.0,1.1534
Satara,11,38.5,21.9,Microwave Oven,2,16.7,23.8319
Mumbai,12,24.5,57.3,Microwave Oven,1,0.7,1.0729
Mumbai,10,20.7,56.9,Desktop Computer,1,19.0,6.494
Mumbai,1,24.4,66.8,Water Heater (Geyser),5,1.0,1.9339
Mumbai,1,22.3,55.3,Desktop Computer,5,2.5,0.5247
Satara,10,29.5,58.5,Air Conditioner,5,2.5,4.638
Mumbai,11,29.8,70.3,Washing Machine,2,0.8,0.5335
Satara,7,24.5,92.7,Room Heater,1,2.0,5.1532
Satara,3,24.5,44.4,Washing Machine,5,21.0,8.1833
Mumbai,5,40.4,92.8,Refrigerator,3,5.5,1.3179
Satara,1,19.5,48.5,Air Conditioner,2,5.9,12.8429
Mumbai,10,32.5,74.1,Water Heater (Geyser),1,2.7,8.492
Satara,8,24.5,81.5,Refrigerator,4,23.5,3.878
Mumbai,5,31.9,85.4,Washing Machine,3,0.5,0.3047
Mumbai,6,30.1,82.2,Room Heater,5,4.6,8.98
Mumbai,6,28.6,79.2,Air Conditioner,4,5.1,11.3827
Mumbai,1,12.3,34.8,LED TV,5,4.2,0.2644
Satara,8,24.5,81.6,Iron,1,0.6,0.7525
Satara,3,22.5,46.0,LED TV,5,3.0,0.1992
Mumbai,2,14.0,26.6,Room Heater,2,21.1,41.0063
Mumbai,7,27.6,32.7,Microwave Oven,2,17.9,24.8334
Satara,1,19.9,64.2,Iron,5,0.6,0.5664
Mumbai,6,31.0,84.8,Refrigerator,3,20.3,4.3218
Mumbai,3,29.1,64.4,Ceiling Fan,4,5.9,0.4952
Satara,2,12.4,35.1,Water Heater (Geyser),1,6.9,16.1992
Mumbai,12,17.5,16.3,Air Conditioner,1,3.6,7.8785
Satara,2,47.9,89.2,Air Conditioner,3,3.3,11.3525
Satara,4,31.1,32.8,Room Heater,5,4.3,7.8434
Satara,7,17.3,93.6,Water Heater (Geyser),3,13.5,32.182
Mumbai,1,42.5,33.2,Room Heater,3,20.2,49.2237
Mumbai,3,29.9,61.8,Microwave Oven,3,0.4,0.5568
Mumbai,9,10.9,52.1,Air Conditioner,5,19.1,22.537
Satara,10,28.3,55.3,Refrigerator,3,23.5,4.649
Satara,3,23.8,45.9,Iron,1,1.0,1.1709
Mumbai,2,27.1,44.8,Desktop Computer,1,2.9,0.9879
Mumbai,1,22.6,67.3,Room Heater,1,3.7,9.0995
Mumbai,8,29.0,72.1,Iron,1,1.8,2.2558
Mumbai,12,27.5,70.6,Air Conditioner,3,7.1,17.038
Satara,2,14.0,74.4,Room Heater,3,8.6,16.8363
Satara,10,11.1,35.2,LED TV,1,6.6,0.6191
Satara,6,27.2,84.5,Microwave Oven,5,0.9,1.0567
Satara,6,24.0,58.4,Desktop Computer,2,11.2,3.4658
Satara,7,45.8,49.4,Air Conditioner,5,2.4,5.8034
Satara,5,27.1,49.3,Iron,4,1.4,1.384
Satara,9,24.8,75.1,Refrigerator,3,20.4,3.9708
Mumbai,2,26.8,60.0,Desktop Computer,3,2.8,0.7798
Mumbai,1,25.4,67.0,Washing Machine,5,2.0,0.8162
Mumbai,1,26.9,62.5,Air Conditioner,2,5.1,13.3763
Mumbai,1,37.7,54.6,Ceiling Fan,5,16.7,1.1975
Mumbai,12,23.8,70.4,Iron,4,0.6,0.6004
Mumbai,5,31.3,61.8,Microwave Oven,2,1.3,1.9321
Satara,7,25.5,86.1,Water Heater (Geyser),1,0.8,2.4617
Mumbai,1,40.4,29.3,Ceiling Fan,3,15.8,1.7537
Mumbai,3,25.1,64.0,LED TV,2,4.1,0.4002
Satara,5,30.4,39.7,Room Heater,5,1.0,1.844
Satara,12,32.3,89.6,Washing Machine,5,20.8,9.2235
Satara,4,30.1,42.0,Air Conditioner,1,11.6,34.1697
Satara,2,43.4,65.7,Water Heater (Geyser),1,1.9,6.7205
Satara,3,46.0,32.7,Iron,3,5.2,5.8265
Satara,5,28.2,48.5,Ceiling Fan,1,15.0,1.9912
Mumbai,11,28.7,67.0,Iron,1,0.7,0.8636
Satara,2,23.4,36.6,Microwave Oven,3,19.4,24.1681
Mumbai,11,28.4,73.9,Room Heater,1,2.4,6.2797
Mumbai,4,37.7,74.8,Microwave Oven,3,9.8,14.2741
Mumbai,5,30.8,78.4,Iron,4,0.6,0.643
Satara,4,34.0,26.3,Washing Machine,3,0.5,0.2722
Mumbai,9,28.5,89.2,Iron,3,0.4,0.4528
Mumbai,3,11.5,85.3,LED TV,4,7.9,0.6049
Mumbai,6,30.9,86.1,Air Conditioner,3,11.1,29.5389
Satara,4,27.3,44.9,Water Heater (Geyser),2,3.0,8.0576
Mumbai,3,27.4,63.9,LED TV,3,2.3,0.2065
Satara,9,24.1,81.7,Desktop Computer,3,2.2,0.6284
Mumbai,5,17.1,47.5,LED TV,4,17.7,1.3157
Satara,11,23.5,64.4,Iron,1,4.1,5.0124
Satara,6,27.5,60.0,Desktop Computer,3,6.2,1.7652
Satara,11,34.9,89.8,Desktop Computer,4,9.3,2.566
Satara,12,39.8,26.1,Ceiling Fan,2,8.9,1.1798
Mumbai,7,30.3,79.0,Microwave Oven,3,0.8,1.1443
Satara,8,25.2,82.7,Washing Machine,3,2.0,1.1629
Mumbai,4,32.2,63.7,Microwave Oven,1,1.1,1.7873
Satara,3,30.7,19.7,Air Conditioner,4,7.4,15.4499
Satara,2,31.2,76.2,Desktop Computer,2,17.6,5.8176
Satara,10,26.8,63.8,Air Conditioner,4,11.4,23.4344
Mumbai,4,33.9,59.0,Microwave Oven,3,1.2,1.6801
Satara,3,29.9,57.9,Air Conditioner,4,8.3,17.6831
Mumbai,8,31.3,20.9,Refrigerator,4,13.3,2.2137
Satara,5,11.5,25.5,Ceiling Fan,5,22.3,0.991
Mumbai,7,26.4,84.8,Ceiling Fan,3,11.2,1.1054
Mumbai,1,23.7,91.5,Microwave Oven,4,12.3,15.6266
Mumbai,3,30.5,52.7,Room Heater,2,2.7,6.4886
Mumbai,3,23.8,74.2,Air Conditioner,4,9.5,18.7487
Satara,8,23.5,94.9,Ceiling Fan,1,4.5,0.6055
Satara,4,34.9,40.0,Microwave Oven,1,1.2,1.8724
Satara,1,21.2,57.5,Microwave Oven,4,0.8,0.9526
Satara,4,33.4,41.0,LED TV,1,2.0,0.2105
Satara,3,27.3,46.3,Desktop Computer,4,7.3,1.7739
Mumbai,10,28.7,74.6,Desktop Computer,4,2.7,0.6996
Mumbai,2,25.7,53.4,Desktop Computer,4,8.3,2.0508
Satara,6,47.9,31.0,Microwave Oven,1,6.2,10.1731
Mumbai,9,31.1,94.4,Air Conditioner,2,4.2,12.593
Mumbai,2,25.5,60.2,LED TV,5,7.9,0.5522
Satara,6,25.0,78.1,Microwave Oven,2,0.8,1.182
Mumbai,12,26.5,57.5,Iron,4,0.4,0.406
Satara,1,22.0,43.8,Microwave Oven,2,0.9,1.252
Mumbai,4,34.3,63.0,Desktop Computer,1,6.0,2.2004
Mumbai,2,26.0,82.1,Room Heater,3,21.1,47.1183
Mumbai,7,28.7,93.2,Iron,5,0.4,0.4092
Mumbai,5,33.0,74.5,Refrigerator,4,20.7,3.8382
Satara,10,28.9,57.5,LED TV,4,4.8,0.3813
Satara,11,24.7,56.5,Room Heater,3,1.9,4.0407
Mumbai,1,24.6,68.5,Air Conditioner,5,3.3,5.6236
Mumbai,8,27.9,90.4,Desktop Computer,4,9.3,2.4602
Satara,4,26.9,36.3,Ceiling Fan,3,14.9,1.3964
Satara,9,21.7,89.3,Refrigerator,4,20.2,3.2888
Mumbai,9,27.6,83.0,Room Heater,2,1.7,4.2513
Mumbai,6,32.7,78.7,Iron,2,1.4,1.7055
Mumbai,8,30.7,86.4,Iron,2,1.0,1.2042
Mumbai,3,22.0,24.3,LED TV,4,6.9,0.5099
Satara,11,25.7,45.4,Desktop Computer,5,6.4,1.3209
Satara,4,15.1,23.3,LED TV,5,9.9,0.623
Satara,5,29.6,47.5,Desktop Computer,5,3.1,0.6641
Satara,7,43.7,53.5,LED TV,5,14.6,1.0956
Mumbai,1,24.3,67.0,Water Heater (Geyser),4,2.6,5.7878
Satara,10,30.2,76.5,Desktop Computer,2,6.1,2.0688
Satara,1,13.7,18.7,Room Heater,1,11.8,24.5357
Mumbai,9,28.5,83.3,LED TV,1,3.1,0.3437
Mumbai,7,29.5,92.4,Refrigerator,5,22.6,3.3627
Satara,7,18.0,58.5,Microwave Oven,5,0.6,0.6424
Mumbai,10,16.7,35.2,Refrigerator,1,6.3,1.3427
Mumbai,12,25.2,70.8,Refrigerator,1,21.2,5.451
Satara,2,44.7,32.8,Ceiling Fan,4,16.1,1.5907
Mumbai,9,20.7,86.9,Room Heater,3,4.2,9.0186
Satara,4,31.3,29.1,Iron,2,0.6,0.6643
Satara,4,28.3,72.6,Washing Machine,2,13.4,8.8975
Mumbai,7,28.8,85.0,Microwave Oven,2,0.6,0.9063
Mumbai,3,46.9,72.3,Desktop Computer,1,8.1,3.2229
Mumbai,7,10.7,67.2,LED TV,5,1.8,0.117
Satara,5,32.0,53.5,Washing Machine,4,0.6,0.2975
Satara,3,35.4,35.0,Desktop Computer,4,5.3,1.3435
Mumbai,2,25.7,65.2,Iron,2,0.9,1.042
Satara,8,22.9,79.4,Washing Machine,5,1.2,0.4858
Satara,2,21.6,35.9,Air Conditioner,5,7.5,11.262
Mumbai,8,31.0,81.7,Washing Machine,4,1.8,0.9258
Mumbai,2,25.6,58.7,Desktop Computer,3,9.8,2.7476
Satara,11,27.7,40.7,Microwave Oven,5,1.0,1.0872
Satara,6,43.2,90.3,Washing Machine,2,2.2,1.6273
Mumbai,10,42.6,84.8,Washing Machine,3,11.4,7.3466
Satara,5,40.2,19.5,Ceiling Fan,5,0.7,0.0493
Mumbai,6,28.1,83.0,Microwave Oven,1,0.3,0.4898
Satara,12,17.5,44.9,Washing Machine,1,0.6,0.3936
Satara,4,31.1,32.6,Air Conditioner,1,10.0,30.2213
Mumbai,12,27.1,57.4,Iron,1,1.0,1.1827
Mumbai,2,24.7,57.3,Air Conditioner,2,5.6,13.8675
Satara,10,25.4,74.0,Ceiling Fan,4,22.5,1.8069
Satara,8,26.3,83.5,Refrigerator,4,20.7,3.5611
Mumbai,9,28.4,78.4,Iron,3,1.1,1.2456
Satara,3,27.7,34.7,Iron,2,0.5,0.5493
Mumbai,9,27.3,88.9,Room Heater,5,1.2,2.3339
Satara,10,27.1,15.7,Water Heater (Geyser),2,7.2,18.5037
Satara,8,23.9,81.9,Ceiling Fan,5,15.7,0.9672
Mumbai,8,13.8,38.8,Ceiling Fan,3,19.3,1.4211
Mumbai,4,32.3,67.3,Water Heater (Geyser),4,1.3,3.1425
Satara,8,25.4,85.9,Desktop Computer,4,9.2,2.354
Mumbai,5,33.1,79.8,Refrigerator,1,21.7,6.1864
Satara,10,25.3,52.4,Desktop Computer,4,3.5,0.8448
Satara,2,27.7,48.5,Room Heater,5,1.4,2.5338
Mumbai,9,21.4,92.4,Air Conditioner,2,7.3,17.6495
Satara,1,37.4,48.8,Air Conditioner,1,8.8,30.5197
Mumbai,4,30.6,62.9,Desktop Computer,1,3.8,1.3685
Satara,1,23.1,55.4,Washing Machine,2,1.2,0.7464
Mumbai,10,34.8,81.1,LED TV,4,21.4,1.7863
Satara,5,30.8,34.9,Refrigerator,3,23.8,4.7052
Mumbai,10,14.5,62.8,Desktop Computer,3,2.6,0.6842
Satara,4,28.1,44.6,Refrigerator,3,20.0,3.8394
Satara,4,28.2,16.9,Refrigerator,3,22.4,4.1781
Satara,7,23.7,77.2,Air Conditioner,5,9.7,16.387
Mumbai,1,11.0,45.1,Refrigerator,3,19.5,2.9465
Mumbai,5,45.5,26.5,Room Heater,5,5.3,10.8274
Satara,1,24.2,48.5,Desktop Computer,5,8.7,1.8176
Satara,4,31.2,82.7,Desktop Computer,5,7.9,1.7983
Mumbai,1,24.7,63.5,Desktop Computer,4,6.1,1.5145
Mumbai,10,31.9,42.4,Refrigerator,4,16.4,2.8348
Mumbai,11,46.8,57.6,Iron,4,18.7,20.2201
Satara,6,15.4,90.5,Desktop Computer,1,15.4,5.3
Satara,1,45.3,75.5,Desktop Computer,1,22.5,9.0807
Satara,3,24.7,30.7,Water Heater (Geyser),5,14.7,26.6912
Satara,2,38.9,54.4,Room Heater,1,13.4,37.7163
Satara,8,35.7,73.0,Water Heater (Geyser),4,9.7,24.7823
Satara,7,24.7,86.6,Washing Machine,1,1.2,0.8862
Mumbai,4,31.9,73.5,Refrigerator,1,21.6,5.9067
Mumbai,12,27.5,53.9,Microwave Oven,3,0.8,1.066
Mumbai,1,27.6,62.9,Washing Machine,5,1.3,0.5347
Mumbai,2,26.0,59.3,Water Heater (Geyser),4,2.3,5.1477
Satara,8,12.8,77.2,Iron,3,16.4,17.4077
Mumbai,7,30.4,86.1,Refrigerator,2,20.6,5.0242
Satara,12,21.6,42.4,Washing Machine,1,1.3,0.8968
Mumbai,2,28.8,53.8,Iron,3,1.3,1.3848
Mumbai,10,30.4,69.6,Desktop Computer,1,6.1,2.2296
Satara,1,18.2,38.6,Water Heater (Geyser),2,2.8,6.6564
Satara,6,22.2,57.6,Iron,5,1.9,1.7576
Mumbai,12,42.2,42.3,LED TV,5,8.9,0.6592
Mumbai,6,29.2,76.5,Desktop Computer,5,9.1,2.0257
Satara,2,19.2,26.6,Microwave Oven,1,1.4,1.9725
Satara,7,25.5,83.9,Washing Machine,1,1.6,1.1993
Satara,2,21.1,37.4,Iron,2,17.5,19.4585
Satara,12,23.3,36.5,LED TV,2,3.9,0.3599
Satara,12,11.9,61.6,Iron,2,21.5,22.9213
Satara,8,18.4,22.7,LED TV,3,11.9,0.9466
Mumbai,4,29.2,53.0,Ceiling Fan,3,9.0,0.8862
Mumbai,12,16.6,18.7,Ceiling Fan,5,11.5,0.5564
Satara,12,20.3,40.9,Iron,4,1.4,1.3457
Mumbai,5,29.5,70.9,Ceiling Fan,5,15.8,1.0357
Mumbai,4,30.7,62.1,Room Heater,1,3.4,9.0307
Mumbai,5,33.4,75.5,Refrigerator,5,21.8,3.3483
Satara,6,27.2,80.9,Room Heater,3,2.5,5.6154
Satara,4,30.4,24.5,Ceiling Fan,1,7.4,0.9798
Mumbai,3,28.0,75.4,Microwave Oven,1,1.2,1.8975
Satara,8,26.1,84.3,Washing Machine,4,1.3,0.6439
Satara,6,28.0,74.1,Microwave Oven,1,1.3,2.1348
Satara,11,26.2,49.1,Air Conditioner,3,8.6,19.3357
Satara,2,24.8,33.0,Desktop Computer,3,6.6,1.7579
Satara,4,35.4,28.3,Desktop Computer,3,10.0,2.8149
Mumbai,8,16.1,39.9,Refrigerator,2,12.5,2.3043
Satara,12,16.3,52.9,Desktop Computer,2,16.0,4.73
Satara,10,27.7,56.2,Water Heater (Geyser),1,2.0,5.9955
Satara,4,36.4,43.6,Microwave Oven,4,1.2,1.4903
Mumbai,4,29.9,60.0,Ceiling Fan,1,10.1,1.3877
Mumbai,7,30.8,71.9,Refrigerator,5,20.7,3.0042
Satara,5,40.7,53.7,Air Conditioner,2,23.2,76.4036
Mumbai,5,35.0,78.6,Desktop Computer,2,3.4,1.1437
Mumbai,5,33.9,82.5,Air Conditioner,2,8.4,26.2824
Mumbai,6,18.3,23.6,Iron,3,19.0,18.9187
Satara,1,20.3,46.8,Desktop Computer,3,7.3,1.9473
Mumbai,9,28.4,90.5,Ceiling Fan,3,15.0,1.5589
Mumbai,12,25.4,48.6,Room Heater,5,3.4,6.0601
Mumbai,11,28.2,58.8,Microwave Oven,3,0.8,1.0747
Satara,12,20.1,49.0,Water Heater (Geyser),1,1.9,5.1493
Satara,12,20.5,57.2,Air Conditioner,1,10.6,26.5435
Mumbai,7,27.3,87.4,Washing Machine,5,1.6,0.676
Mumbai,1,25.0,66.2,Ceiling Fan,3,11.0,1.0439
Mumbai,3,25.4,59.6,Ceiling Fan,1,7.1,0.9218
Satara,11,38.3,30.3,Washing Machine,1,21.1,15.6148
Satara,5,26.6,89.0,Ceiling Fan,3,19.6,1.9948
Mumbai,2,36.0,62.5,Room Heater,5,18.2,36.3972
Satara,1,16.6,35.1,Microwave Oven,5,21.4,21.9937
Satara,12,21.7,18.9,Microwave Oven,2,15.2,20.3322
Mumbai,12,35.2,44.7,Ceiling Fan,5,5.6,0.3876
Satara,10,47.4,64.1,Iron,3,4.8,5.6452
Mumbai,7,27.2,88.0,Room Heater,5,5.1,9.9883
Mumbai,2,27.9,63.8,Refrigerator,5,22.2,3.1138
Mumbai,5,33.1,70.3,Ceiling Fan,3,13.2,1.4199
Mumbai,12,26.3,58.4,Air Conditioner,2,8.4,21.7075
Satara,5,33.5,42.6,Desktop Computer,2,2.4,0.7631
Satara,7,27.3,86.6,Desktop Computer,5,7.5,1.685
Satara,9,23.5,78.1,Ceiling Fan,4,4.8,0.3724
Satara,7,25.0,74.7,Ceiling Fan,2,10.5,1.1967
Satara,12,19.2,40.0,Refrigerator,5,20.8,2.4687
Mumbai,12,23.3,54.7,Iron,5,1.4,1.3343
Mumbai,5,12.9,31.4,LED TV,5,17.3,1.0885
Mumbai,9,27.9,82.1,Refrigerator,1,21.3,5.6601
Mumbai,3,30.0,60.7,Washing Machine,2,1.1,0.719
Mumbai,7,45.3,46.7,Microwave Oven,2,22.2,34.7508
Mumbai,6,31.0,83.2,Air Conditioner,1,11.7,37.9025
Mumbai,2,24.9,62.7,Washing Machine,3,1.6,0.8961
Satara,3,24.8,21.1,Ceiling Fan,4,9.7,0.7031
Mumbai,2,25.0,57.6,Iron,3,0.6,0.6502
Mumbai,2,36.7,15.8,Room Heater,1,10.1,26.4636
Satara,3,23.4,44.3,Room Heater,4,2.5,4.8302
Mumbai,3,26.9,95.0,Iron,3,20.1,23.3408
Satara,7,26.3,85.3,Air Conditioner,1,4.0,11.8904
Satara,3,20.5,35.2,Room Heater,4,1.6,2.9484
Satara,5,31.1,56.0,Air Conditioner,1,3.6,11.3186
Mumbai,10,31.7,75.5,Desktop Computer,1,4.5,1.6503
Satara,10,26.2,77.7,Room Heater,1,5.2,13.5568
Satara,10,15.4,90.5,Room Heater,3,3.4,6.8513
Mumbai,10,47.7,61.4,Desktop Computer,4,13.8,3.8508
Mumbai,10,32.5,74.5,Air Conditioner,5,18.4,37.6994
Mumbai,8,31.2,84.5,Iron,2,1.0,1.1797
Satara,9,27.6,61.3,Ceiling Fan,3,7.6,0.7373
Mumbai,6,32.6,84.9,LED TV,3,7.3,0.7
Satara,3,34.6,56.2,Ceiling Fan,1,23.6,3.4925
Mumbai,3,30.4,67.8,Washing Machine,4,1.7,0.866
Mumbai,3,26.4,55.3,Washing Machine,3,1.4,0.7883
Mumbai,4,33.9,61.8,Water Heater (Geyser),2,2.6,7.6417
Satara,8,28.2,46.7,Washing Machine,1,20.3,14.5288
Satara,4,29.6,42.5,LED TV,4,6.9,0.5382
Satara,10,26.4,56.2,Refrigerator,3,21.2,4.0194
Satara,8,24.4,80.2,Washing Machine,5,1.1,0.4503
Satara,8,22.3,80.2,LED TV,3,5.2,0.4687
Mumbai,7,14.0,17.2,Washing Machine,2,7.4,4.0835
Mumbai,12,30.5,73.6,Washing Machine,4,0.8,0.4051
Mumbai,1,28.7,69.3,Water Heater (Geyser),4,0.8,1.8654
Satara,3,26.3,45.5,Desktop Computer,4,8.3,2.0234
Mumbai,6,30.7,82.9,Iron,2,0.9,1.0817
Mumbai,7,29.7,92.8,LED TV,2,3.2,0.3284
Satara,11,19.2,26.7,Water Heater (Geyser),4,19.3,37.7419
Satara,10,34.2,25.7,LED TV,2,22.4,2.1618
Mumbai,4,32.9,75.2,LED TV,1,3.9,0.4328
Mumbai,4,29.8,61.8,Iron,3,0.8,0.872
Mumbai,5,33.8,64.1,Microwave Oven,5,1.2,1.3917
Mumbai,1,25.0,63.7,Iron,1,1.0,1.2027
Mumbai,6,16.5,84.6,Washing Machine,2,10.4,6.531
Satara,10,10.1,85.0,Iron,4,15.7,15.5427
Satara,2,27.6,35.3,Water Heater (Geyser),5,1.2,2.3074
Mumbai,8,30.3,87.9,LED TV,4,3.6,0.3073
Satara,2,22.7,49.4,Washing Machine,2,0.8,0.4946
Mumbai,1,20.7,63.2,Desktop Computer,3,8.5,2.3534
Satara,5,34.9,49.4,Iron,1,0.7,0.8601
Mumbai,11,27.9,74.9,Room Heater,2,1.2,2.9234
Mumbai,2,24.5,53.0,LED TV,1,3.0,0.3095
Mumbai,7,16.1,75.1,Room Heater,1,17.2,40.5067
Satara,9,26.1,84.8,Ceiling Fan,1,13.7,1.8564
Mumbai,6,29.6,75.7,Room Heater,5,1.1,2.131
Mumbai,9,29.5,82.3,Refrigerator,2,22.5,5.3865
Satara,7,23.9,92.8,Desktop Computer,1,2.4,0.8677
Mumbai,11,31.2,69.9,Washing Machine,5,1.9,0.7972
Mumbai,3,20.8,78.4,Air Conditioner,1,21.8,56.3327
Mumbai,9,30.1,80.3,LED TV,5,4.1,0.3059
Mumbai,5,34.6,62.7,Desktop Computer,2,7.7,2.5089
Mumbai,2,26.5,51.2,Microwave Oven,3,1.2,1.5972
Satara,10,14.0,21.1,Microwave Oven,4,14.5,15.7152
Satara,2,20.9,44.2,Washing Machine,3,1.5,0.7897
Mumbai,8,30.6,86.3,Room Heater,5,1.5,2.9842
Mumbai,2,28.7,91.0,Iron,2,9.5,11.4947
Mumbai,4,29.9,59.4,Refrigerator,4,17.9,3.0667
Satara,8,26.1,76.1,Washing Machine,3,1.4,0.8043
Satara,3,27.7,32.1,Room Heater,3,4.0,8.354
Mumbai,5,33.4,74.3,Washing Machine,1,1.8,1.3845
Mumbai,9,28.3,85.8,Water Heater (Geyser),2,2.3,6.6427
Satara,5,35.2,63.9,Microwave Oven,4,1.5,1.9242
Satara,12,42.1,47.7,Desktop Computer,1,1.8,0.6611
Mumbai,9,31.3,83.3,Washing Machine,4,1.5,0.7657
Mumbai,2,28.0,52.6,Water Heater (Geyser),1,2.1,6.3381
Mumbai,10,31.9,69.9,Microwave Oven,2,0.6,0.9209
Mumbai,11,34.8,30.4,Desktop Computer,1,10.3,3.5981
Mumbai,11,27.5,63.3,Room Heater,2,4.1,9.9777
Mumbai,5,33.2,63.0,Water Heater (Geyser),4,2.3,5.5526
Satara,6,27.6,78.8,Microwave Oven,3,0.6,0.8257
Satara,9,24.1,68.1,Desktop Computer,2,5.7,1.7661
Mumbai,12,25.5,64.8,Air Conditioner,1,9.6,27.1548
Mumbai,11,30.1,65.5,Room Heater,1,5.1,13.46
Satara,10,24.0,58.0,LED TV,1,6.5,0.6773
Mumbai,10,19.1,77.2,Room Heater,3,21.4,45.1497
Satara,7,26.2,90.6,Washing Machine,5,0.8,0.3339
Satara,3,26.2,50.4,Room Heater,2,2.0,4.6924
Mumbai,2,24.4,70.7,Room Heater,1,5.3,13.358
Mumbai,8,12.1,56.7,Desktop Computer,1,19.7,6.1612
Satara,1,23.8,51.7,Ceiling Fan,5,14.0,0.7948
Satara,3,26.7,35.6,Iron,1,1.2,1.4172
Satara,8,23.0,86.7,Iron,4,1.5,1.5579
Mumbai,4,31.1,67.7,Iron,1,1.2,1.476
Mumbai,5,36.2,79.1,Desktop Computer,5,6.0,1.409
Satara,5,28.7,39.0,Microwave Oven,1,2.5,3.8168
Satara,8,26.1,90.9,Water Heater (Geyser),5,2.2,4.552
Satara,6,26.3,71.0,Air Conditioner,2,6.0,15.8596
Satara,12,22.9,34.9,Room Heater,3,1.4,2.8871
Mumbai,5,36.1,63.8,Desktop Computer,1,6.1,2.296
Satara,6,27.4,73.2,Ceiling Fan,5,11.8,0.7586
Mumbai,3,28.8,61.5,Refrigerator,3,23.6,4.7529
Satara,9,26.6,72.5,Microwave Oven,2,1.4,2.034
Mumbai,7,29.2,84.2,Microwave Oven,5,0.7,0.838
Mumbai,9,27.5,80.0,Washing Machine,5,1.9,0.8026
Satara,2,27.3,47.9,Air Conditioner,3,6.7,15.4308
Mumbai,11,28.8,59.1,Desktop Computer,4,4.5,1.142
Satara,4,33.3,43.7,Refrigerator,4,22.4,3.9299
Satara,9,32.9,26.1,LED TV,5,4.8,0.334
Mumbai,5,13.6,40.2,Refrigerator,5,21.1,2.2717
Mumbai,10,32.1,74.6,Air Conditioner,3,11.2,29.437
Satara,12,21.4,38.2,Iron,5,0.7,0.6313
Mumbai,4,32.9,64.1,LED TV,5,5.2,0.3841
Satara,6,27.7,23.2,Iron,2,3.0,3.2703
Satara,9,23.5,78.6,Refrigerator,2,23.0,5.0718
Satara,11,28.3,44.7,Air Conditioner,1,6.6,19.212
Satara,6,29.4,77.5,Washing Machine,1,1.7,1.2696
Satara,6,26.1,31.9,Iron,5,10.3,9.2644
Mumbai,3,29.1,51.1,Air Conditioner,1,9.4,27.9505
Satara,10,18.1,91.3,Desktop Computer,1,10.3,3.5883
Satara,10,25.2,67.6,Water Heater (Geyser),2,2.2,5.9494
Satara,4,32.6,40.4,LED TV,5,3.6,0.2508
Mumbai,10,30.6,84.1,LED TV,1,23.2,2.5804
Satara,9,38.2,56.8,Air Conditioner,4,22.7,57.5058
Satara,9,26.9,70.0,Air Conditioner,2,8.7,23.0946
Satara,1,21.6,37.6,LED TV,1,2.2,0.2219
Mumbai,3,29.5,61.5,Iron,4,0.7,0.7319
Satara,11,21.0,61.0,Refrigerator,2,23.8,4.934
Mumbai,11,26.8,73.7,Microwave Oven,2,1.4,2.0621
Mumbai,3,27.5,66.4,Desktop Computer,2,5.7,1.8093
Satara,1,23.3,39.6,Water Heater (Geyser),4,1.5,3.113
Satara,11,24.8,49.6,Room Heater,2,3.3,7.6034
Satara,10,13.5,73.9,Microwave Oven,4,1.2,1.4175
Satara,10,27.5,53.5,Room Heater,5,5.8,10.5657
Mumbai,2,24.3,46.5,Washing Machine,1,13.3,9.2909
Satara,8,33.6,20.6,Refrigerator,2,2.2,0.4969
Mumbai,8,31.0,95.3,Ceiling Fan,1,13.6,2.0147
Mumbai,2,27.1,75.5,Iron,4,19.2,20.0152
Mumbai,7,31.2,90.1,Refrigerator,3,23.8,5.1217
Satara,1,22.4,66.6,LED TV,2,5.0,0.472
Satara,12,26.0,42.3,Air Conditioner,3,6.1,13.5368
Satara,5,29.5,38.2,Microwave Oven,3,1.2,1.605
Satara,2,22.5,52.6,Washing Machine,2,1.6,1.0007
Mumbai,11,32.6,66.8,Refrigerator,3,21.0,4.4433
Mumbai,9,28.6,82.3,Ceiling Fan,1,7.4,1.0384
Satara,4,28.5,40.9,Washing Machine,5,0.8,0.3177
Mumbai,6,31.3,84.8,Washing Machine,3,1.1,0.661
Satara,11,22.8,50.8,Washing Machine,3,0.9,0.4906
Mumbai,3,28.7,58.1,Water Heater (Geyser),2,1.5,4.1566
Mumbai,5,36.7,70.4,Iron,2,0.5,0.6153
Satara,12,23.6,51.9,Desktop Computer,1,9.2,3.1418
Mumbai,1,24.2,67.6,Water Heater (Geyser),2,2.9,7.9209
Mumbai,8,28.4,85.0,Refrigerator,4,22.4,3.974
Mumbai,10,33.6,89.5,Water Heater (Geyser),1,0.8,2.6682
Satara,4,33.8,32.4,Water Heater (Geyser),1,2.0,6.1817
Satara,3,12.8,17.5,Ceiling Fan,5,6.5,0.2883
Satara,3,26.7,33.3,Iron,3,0.8,0.8314
Satara,3,28.2,24.5,Iron,1,0.5,0.5766
Satara,6,26.9,69.0,Room Heater,4,2.7,5.5896
Mumbai,6,45.4,59.4,Room Heater,3,22.3,56.8522
Satara,4,30.8,16.2,Microwave Oven,3,1.4,1.7468
Mumbai,2,27.1,42.0,Refrigerator,4,21.0,3.3779
Satara,5,32.2,49.4,Desktop Computer,1,6.1,2.1944
Satara,10,28.6,71.9,Water Heater (Geyser),3,2.6,6.7251
Satara,5,34.0,46.9,Washing Machine,5,1.6,0.6698
Mumbai,2,21.9,67.7,LED TV,1,5.1,0.5355
Satara,8,25.1,88.7,Washing Machine,4,0.9,0.4611
Satara,7,23.8,86.6,Iron,5,0.9,0.8841
Mumbai,5,38.2,70.5,Air Conditioner,4,6.4,16.3962
Satara,4,31.0,37.2,Desktop Computer,2,5.6,1.7729
Satara,6,27.7,79.5,LED TV,4,3.6,0.2949
Mumbai,8,27.9,76.5,Water Heater (Geyser),1,1.9,5.8809
Satara,2,24.4,50.8,Room Heater,5,5.7,10.2355
Satara,1,26.1,40.4,LED TV,1,6.1,0.6182
Satara,11,20.0,32.2,Room Heater,5,16.6,27.1211
Mumbai,5,30.9,70.2,Air Conditioner,3,6.6,16.8668
Satara,6,25.8,78.2,Iron,3,1.0,1.1238
Mumbai,2,26.8,46.2,LED TV,3,4.6,0.3967
Satara,5,32.6,60.8,Water Heater (Geyser),1,2.8,8.9688
Mumbai,3,33.0,46.7,Washing Machine,4,7.5,3.7143
Mumbai,11,28.6,63.7,Iron,1,0.9,1.1077
Satara,4,31.1,29.4,LED TV,4,3.8,0.293
Satara,7,26.6,81.4,Microwave Oven,2,0.7,1.0551
Satara,4,10.9,44.9,Refrigerator,1,7.7,1.5334
Satara,3,44.1,75.0,Water Heater (Geyser),4,20.0,53.3798
Mumbai,10,30.5,73.4,Microwave Oven,1,0.8,1.3071
Satara,4,31.3,32.9,Microwave Oven,5,1.4,1.5737
Mumbai,5,30.7,62.8,Desktop Computer,4,6.7,1.7059
Satara,6,28.6,67.0,Ceiling Fan,3,14.6,1.4838
Satara,9,12.4,50.1,LED TV,1,6.0,0.589
Mumbai,10,29.0,83.5,Ceiling Fan,5,12.1,0.8149
Satara,10,30.0,56.3,Water Heater (Geyser),5,2.5,4.9825
Satara,3,25.1,27.3,Room Heater,2,3.3,7.2154
Mumbai,2,46.1,39.4,Microwave Oven,5,4.5,5.3223
Mumbai,4,32.6,65.6,Ceiling Fan,2,5.5,0.6986
Mumbai,4,28.9,71.7,Refrigerator,4,21.0,3.642
Satara,2,18.7,69.1,LED TV,4,5.1,0.3936
Satara,8,23.2,86.0,Ceiling Fan,2,14.1,1.5681
Satara,8,30.2,83.4,Desktop Computer,2,5.2,1.7551
Mumbai,4,31.0,58.9,Washing Machine,2,1.8,1.18
Satara,10,23.4,67.0,Refrigerator,3,22.0,4.1181
Satara,7,24.9,85.7,Iron,2,0.6,0.71
Mumbai,8,15.6,78.4,Room Heater,1,11.4,26.6892
Satara,5,29.0,59.8,Desktop Computer,4,8.6,2.1543
Satara,5,35.1,40.6,Air Conditioner,3,2.5,6.6134
Mumbai,10,31.2,69.5,Washing Machine,1,0.9,0.6751
Mumbai,8,25.9,39.8,Iron,2,8.0,8.7975
Satara,4,30.4,42.2,Microwave Oven,1,1.1,1.6896
Mumbai,12,29.3,67.9,Refrigerator,1,20.4,5.4002
Mumbai,12,23.2,47.9,Refrigerator,2,22.4,4.685
Satara,7,26.2,72.5,Room Heater,2,21.4,51.3812
Satara,9,25.8,78.5,Ceiling Fan,5,14.5,0.9079
Satara,1,23.1,48.6,Refrigerator,4,20.6,3.2262
Mumbai,2,28.4,55.9,Microwave Oven,5,0.6,0.6832
Satara,8,27.9,87.9,Iron,2,0.6,0.724
Satara,10,32.9,45.0,Water Heater (Geyser),5,1.7,3.5996
Mumbai,9,21.0,18.9,Air Conditioner,1,15.8,37.5706
Mumbai,10,32.6,73.4,Desktop Computer,4,4.1,1.0699
Satara,8,25.8,75.7,Air Conditioner,3,3.2,7.5368
Satara,5,31.1,60.2,Ceiling Fan,2,6.4,0.7718
Mumbai,12,12.2,34.4,Microwave Oven,5,9.6,9.5561
Satara,1,22.4,52.2,LED TV,3,4.7,0.3948
Satara,7,22.7,79.8,Refrigerator,1,23.8,5.9022
Mumbai,12,25.2,56.1,Room Heater,2,2.0,4.6065
Satara,6,28.8,45.8,Iron,2,19.8,22.2985
Satara,8,37.4,56.5,Room Heater,3,17.6,41.1678
Mumbai,6,29.9,80.2,Water Heater (Geyser),5,1.7,3.5396
Satara,6,31.6,71.6,Refrigerator,3,21.6,4.6178
Mumbai,2,25.0,59.3,Refrigerator,4,20.2,3.2556
Mumbai,7,10.1,84.7,Water Heater (Geyser),2,8.2,18.8105
Mumbai,8,28.1,85.8,Desktop Computer,4,8.5,2.2484
Mumbai,10,31.2,77.0,Iron,2,0.9,1.0861
Mumbai,3,27.7,66.3,Water Heater (Geyser),2,1.0,2.8179
Satara,5,30.7,46.9,Microwave Oven,5,0.3,0.3389
Satara,1,23.0,44.3,LED TV,5,5.8,0.3961
Satara,2,23.7,34.2,LED TV,5,3.0,0.2015
Mumbai,1,24.8,59.6,Room Heater,2,1.9,4.3559
Mumbai,4,30.4,76.3,Washing Machine,2,1.2,0.8152
Satara,5,28.4,42.5,Air Conditioner,4,9.5,20.0123
Satara,1,33.7,86.0,Air Conditioner,1,1.5,5.1994
Mumbai,5,33.5,64.8,Refrigerator,1,23.1,6.4414
Satara,10,15.8,79.7,Washing Machine,1,7.3,4.9897
Mumbai,10,33.4,94.8,LED TV,2,1.3,0.1363
Mumbai,9,33.3,50.8,Water Heater (Geyser),5,14.7,31.2987
Satara,2,22.5,51.0,Ceiling Fan,5,11.9,0.6704
Mumbai,8,28.9,88.1,Water Heater (Geyser),4,1.0,2.3771
Mumbai,3,29.5,68.6,Air Conditioner,1,6.3,19.7272
Satara,9,25.2,79.2,Air Conditioner,1,8.9,25.3881
Mumbai,5,32.7,66.9,LED TV,4,2.8,0.227
Mumbai,8,42.9,73.0,Ceiling Fan,3,5.5,0.6927
Satara,12,17.2,46.3,Washing Machine,5,1.9,0.7119
Satara,8,24.8,84.2,Room Heater,1,20.1,52.5671
Satara,12,17.0,39.5,Ceiling Fan,1,14.6,1.5842
Satara,5,12.7,82.1,Iron,5,7.2,6.8183
Satara,5,33.4,61.0,Air Conditioner,3,5.3,13.876
Mumbai,10,30.2,75.9,Room Heater,4,2.9,6.1748
Mumbai,9,29.2,77.4,Refrigerator,1,21.9,5.8992
Mumbai,10,26.9,78.0,Water Heater (Geyser),1,2.2,6.6607
Satara,3,30.0,21.1,Room Heater,5,5.6,10.0553
Mumbai,1,25.2,62.3,Refrigerator,5,23.2,3.1397
Mumbai,4,31.0,70.2,Iron,4,0.8,0.8393
Mumbai,1,42.6,69.2,Iron,3,20.2,23.6344
Mumbai,3,35.4,63.8,Room Heater,3,15.6,36.6201
Satara,12,26.4,69.9,Microwave Oven,2,1.0,1.4907
Satara,8,23.3,84.0,Ceiling Fan,5,6.0,0.3699
Mumbai,5,41.5,81.9,Ceiling Fan,2,19.6,2.8823
Mumbai,6,28.3,87.3,Desktop Computer,4,9.4,2.4413
Mumbai,2,30.8,58.7,Microwave Oven,4,2.6,3.3097
Mumbai,2,26.4,63.1,Iron,4,1.1,1.1196
Satara,2,26.6,86.4,Desktop Computer,4,15.9,4.1051
Satara,7,25.2,88.5,Refrigerator,2,21.9,4.9824
Satara,4,15.0,31.3,Washing Machine,1,3.2,2.0387
Satara,9,26.3,77.2,Room Heater,2,4.0,9.9319
Mumbai,6,31.0,85.1,Desktop Computer,3,7.7,2.3248
Satara,4,30.9,40.8,Water Heater (Geyser),5,2.1,4.1936
Mumbai,7,39.7,31.5,Washing Machine,2,7.2,4.628
Mumbai,12,14.5,69.8,Microwave Oven,4,23.2,26.7811
Mumbai,5,29.5,72.6,Room Heater,5,3.7,7.0952
Satara,6,30.0,67.4,Ceiling Fan,3,11.5,1.1952
Satara,4,25.2,37.0,Iron,1,3.6,4.2089
Satara,7,26.1,84.2,Ceiling Fan,2,8.2,0.9686
Satara,6,28.4,75.2,Air Conditioner,5,6.6,12.298
Satara,9,25.6,83.2,Refrigerator,4,20.5,3.4818
Satara,5,24.6,46.2,Ceiling Fan,3,23.8,2.1609
Mumbai,2,25.2,51.2,Ceiling Fan,3,11.9,1.1097
Satara,4,32.5,35.6,Desktop Computer,4,8.5,2.0535
Mumbai,10,30.2,89.2,Desktop Computer,5,9.4,2.1658
Mumbai,11,31.9,71.6,Refrigerator,4,21.3,3.8331
Mumbai,9,30.0,78.5,Washing Machine,5,1.3,0.5529
Satara,3,26.7,40.2,Desktop Computer,3,4.9,1.3315
Mumbai,10,11.5,62.1,Water Heater (Geyser),2,20.8,47.9507
Mumbai,4,46.4,55.2,Ceiling Fan,1,22.0,3.7457
Satara,12,18.2,37.0,Air Conditioner,2,5.8,11.9761
Mumbai,3,44.1,67.5,Water Heater (Geyser),2,21.2,70.0831
Mumbai,1,22.9,57.3,Ceiling Fan,3,11.7,1.0701
Satara,8,25.4,76.0,Refrigerator,5,22.5,3.1232
Satara,9,24.2,85.8,Washing Machine,4,0.7,0.3488
Mumbai,4,29.9,61.1,Washing Machine,2,1.3,0.8652
Mumbai,9,28.1,87.9,LED TV,4,2.8,0.2317
Satara,6,27.7,82.0,Washing Machine,3,1.1,0.6431
Mumbai,9,40.3,54.6,Washing Machine,4,9.6,4.9835
Satara,2,18.6,24.9,Iron,5,0.6,0.5313
Satara,4,32.6,37.3,Air Conditioner,3,5.8,14.7262
Mumbai,5,30.2,29.1,Microwave Oven,5,15.4,16.9806
Satara,10,28.3,80.1,Washing Machine,4,2.0,1.0039
Satara,6,26.7,79.1,Room Heater,4,3.9,8.1467
Satara,4,10.6,19.1,Microwave Oven,3,21.9,25.2421
Satara,5,44.0,49.3,Iron,2,14.6,17.4953
Satara,9,21.7,66.6,Refrigerator,5,10.7,1.4064
Mumbai,3,27.6,52.8,LED TV,4,6.7,0.5347
Satara,5,32.6,50.5,Desktop Computer,4,4.1,1.0555
Satara,12,20.8,60.0,Washing Machine,5,0.7,0.2739
Satara,12,23.7,47.9,LED TV,1,4.7,0.4803
Mumbai,4,31.6,68.2,Iron,3,0.8,0.8931
Mumbai,11,30.7,54.8,Room Heater,2,4.9,11.6499
Satara,12,37.5,92.6,Microwave Oven,2,18.0,29.1419
Mumbai,9,43.8,80.4,Washing Machine,5,14.0,6.5649
Satara,10,28.5,73.1,Desktop Computer,3,8.0,2.3567
Mumbai,2,12.8,71.3,Desktop Computer,2,10.0,2.931
Mumbai,3,37.2,50.0,Room Heater,1,10.0,27.5894
Satara,4,31.9,39.7,Microwave Oven,5,0.9,1.015
Mumbai,7,28.5,93.7,Air Conditioner,5,8.1,15.699
Satara,4,43.7,50.5,Microwave Oven,4,23.7,31.4277
Satara,2,19.7,45.6,LED TV,1,4.7,0.4646
Satara,11,22.8,61.1,Desktop Computer,3,21.6,5.9533
Mumbai,3,23.4,65.4,Water Heater (Geyser),3,1.8,4.3691
Mumbai,12,25.2,56.0,LED TV,5,7.9,0.5492
Satara,2,18.8,42.2,Desktop Computer,5,3.6,0.7256
Satara,8,30.6,26.5,Washing Machine,3,13.8,7.6121
Mumbai,6,31.0,77.6,Water Heater (Geyser),5,0.6,1.276
Satara,2,46.6,76.1,Water Heater (Geyser),5,22.1,55.1376
Mumbai,3,28.6,52.1,Microwave Oven,5,0.5,0.5647
Satara,2,31.6,21.3,Ceiling Fan,2,16.0,1.8685
Mumbai,7,29.0,90.0,Microwave Oven,1,1.2,1.9704
Mumbai,1,25.0,66.2,LED TV,4,7.1,0.5679
Satara,3,30.1,31.7,Room Heater,2,9.3,21.8091
Mumbai,9,26.8,75.4,Iron,2,1.1,1.2757
Satara,6,31.4,19.9,Washing Machine,1,22.1,15.353
Satara,4,33.0,32.4,Washing Machine,1,1.1,0.8089
Mumbai,8,12.2,53.8,Refrigerator,2,23.0,4.1337
Satara,7,24.6,87.1,Refrigerator,4,23.1,3.8692
Satara,11,45.1,63.1,Ceiling Fan,5,14.7,1.1867
Satara,2,25.7,47.0,Air Conditioner,2,2.4,5.9493
Mumbai,10,33.8,79.6,Refrigerator,2,22.9,5.8416
Satara,7,24.1,76.4,LED TV,5,8.0,0.5769
Satara,2,15.8,85.6,Ceiling Fan,1,0.8,0.0898
Satara,8,24.1,84.7,Washing Machine,3,0.5,0.2863
Mumbai,6,30.0,82.3,LED TV,1,4.2,0.4628
Satara,8,29.7,81.1,Iron,1,14.9,18.9579
Mumbai,9,26.7,85.1,Room Heater,1,2.6,6.8544
Mumbai,4,32.6,75.3,Iron,2,1.0,1.214
Mumbai,10,28.8,73.1,Iron,5,0.3,0.2913
Mumbai,10,28.9,83.3,Microwave Oven,5,0.8,0.9333
Satara,1,18.8,40.2,Ceiling Fan,4,8.1,0.5468
Mumbai,12,25.5,65.5,Room Heater,2,1.5,3.5335
Mumbai,12,27.9,48.3,Microwave Oven,2,1.3,1.8451
Satara,6,39.7,70.9,LED TV,3,6.4,0.6074
Satara,1,22.4,39.7,Microwave Oven,5,1.2,1.2566
Satara,11,32.4,55.5,Microwave Oven,2,13.1,20.0148
Satara,1,45.5,31.9,Washing Machine,3,12.0,7.213
Satara,7,23.7,93.0,Air Conditioner,5,5.1,8.9506
Satara,12,23.8,56.8,Iron,2,0.8,0.9141
Satara,6,27.2,65.3,Air Conditioner,2,3.1,8.2416
Mumbai,3,34.9,48.3,Water Heater (Geyser),1,4.7,15.2533
Mumbai,7,29.4,92.2,LED TV,3,4.2,0.3948
Mumbai,11,29.9,67.5,Refrigerator,3,20.5,4.2915
Mumbai,7,28.3,90.0,Microwave Oven,1,0.8,1.2925
Satara,3,30.3,75.6,Water Heater (Geyser),1,14.1,44.4603
Satara,4,30.0,30.5,Desktop Computer,3,3.0,0.8263
Satara,7,26.0,89.7,Room Heater,1,2.4,6.3921
Satara,9,27.2,81.2,Washing Machine,2,0.5,0.3304
Satara,10,25.9,46.8,Water Heater (Geyser),4,1.3,2.7874
Mumbai,7,30.7,87.4,Water Heater (Geyser),4,1.2,2.9025
Satara,10,27.0,59.8,Room Heater,3,4.1,8.9209
Satara,9,28.3,68.4,Iron,3,0.5,0.5492
Mumbai,7,44.9,23.8,LED TV,5,20.9,1.4969
Satara,12,15.5,82.5,Air Conditioner,5,20.9,29.3334
Satara,7,24.6,91.6,Air Conditioner,3,3.6,8.2878
Mumbai,3,29.7,63.5,Refrigerator,1,23.6,6.1586
Mumbai,9,26.9,84.6,Refrigerator,2,22.1,5.1317
Satara,6,22.3,67.2,Water Heater (Geyser),1,24.0,69.56
Mumbai,7,30.8,79.4,Washing Machine,2,0.9,0.6086
Satara,5,34.7,44.7,Air Conditioner,5,5.1,10.0991
Mumbai,1,25.1,63.7,Water Heater (Geyser),3,2.4,5.9217
Mumbai,5,32.0,71.5,Air Conditioner,5,4.5,9.1431
Mumbai,10,30.3,70.8,Water Heater (Geyser),2,2.7,7.9336
Satara,3,42.0,29.4,Washing Machine,1,19.3,14.5654
Satara,4,27.4,30.7,Air Conditioner,5,11.7,19.8995
Satara,4,31.0,53.0,LED TV,2,3.6,0.3424
Mumbai,3,25.4,65.5,Refrigerator,4,23.4,3.7583
Mumbai,3,27.5,68.7,Iron,3,0.8,0.8826
Satara,11,22.3,52.7,Room Heater,2,1.6,3.6191
Satara,4,32.6,34.4,Desktop Computer,3,5.7,1.5812
Satara,7,21.8,87.6,LED TV,1,8.1,0.8665
Mumbai,5,34.3,82.2,LED TV,4,6.8,0.5853
Satara,10,21.8,78.2,Ceiling Fan,3,14.7,1.3611
Mumbai,9,28.2,82.4,Room Heater,3,3.2,7.3369
Satara,7,18.6,60.2,Refrigerator,2,5.1,1.0375
Satara,8,22.9,82.0,Refrigerator,1,21.0,5.159
Mumbai,12,12.3,26.2,Room Heater,4,7.3,12.0855
Satara,5,26.1,47.2,Ceiling Fan,1,10.2,1.2952
Satara,4,31.1,33.1,Iron,5,1.1,1.0142
Satara,11,24.1,52.3,Washing Machine,4,1.2,0.5651
Satara,6,23.1,75.2,Air Conditioner,4,3.5,6.7118
Mumbai,10,39.6,45.2,Washing Machine,1,0.7,0.5278
Satara,5,47.3,80.6,LED TV,5,6.8,0.5304
Satara,8,17.9,35.3,Water Heater (Geyser),2,6.7,15.7425
Satara,10,27.8,72.3,Air Conditioner,1,11.4,35.1139
Satara,9,46.5,73.6,Microwave Oven,4,1.6,2.2286
Mumbai,7,26.7,43.6,Iron,3,17.8,19.0339
Satara,7,22.9,87.2,LED TV,1,6.6,0.7092
Mumbai,8,22.6,71.7,Desktop Computer,3,23.0,6.4343
Mumbai,4,34.0,68.6,Washing Machine,5,0.7,0.2997
Mumbai,2,38.5,58.7,Washing Machine,4,5.3,2.7775
Mumbai,6,37.3,58.8,Refrigerator,1,11.0,3.1002
Satara,9,23.6,57.6,Ceiling Fan,3,11.1,1.0266
Satara,7,26.7,93.5,Ceiling Fan,5,4.9,0.3204
Satara,6,28.5,81.6,Microwave Oven,4,0.7,0.8977
Satara,9,25.9,80.9,Iron,3,0.8,0.8857
Mumbai,6,43.1,16.5,LED TV,2,13.3,1.3009
Satara,4,26.8,34.3,Microwave Oven,3,0.8,1.0272
Satara,10,18.2,45.6,Water Heater (Geyser),1,10.7,28.0842
Mumbai,7,27.7,85.0,Ceiling Fan,2,15.3,1.8532
Mumbai,7,47.0,66.9,Room Heater,1,10.7,32.4582
Satara,1,21.1,37.4,Water Heater (Geyser),1,2.3,6.2192
Mumbai,3,29.4,63.6,Room Heater,5,3.6,6.7821
Satara,10,28.2,60.3,Refrigerator,1,21.1,5.4224
Mumbai,4,31.1,67.7,LED TV,5,4.1,0.2974
Satara,3,25.5,29.2,Water Heater (Geyser),2,2.6,6.686
Satara,8,27.6,77.9,Refrigerator,5,20.3,2.851
Mumbai,11,14.7,18.7,Air Conditioner,5,20.5,25.2784
Satara,3,27.9,37.0,Room Heater,1,2.3,5.6981
Satara,12,22.8,51.9,Desktop Computer,3,8.1,2.1448
Mumbai,7,29.1,91.6,Room Heater,1,3.0,8.0673
Mumbai,4,30.9,63.0,Air Conditioner,1,2.9,9.1801
Satara,10,28.8,63.8,Iron,3,0.8,0.8642
Mumbai,4,30.2,68.4,Room Heater,1,4.0,10.5912
Mumbai,8,29.7,85.5,Microwave Oven,3,1.2,1.6898
Satara,4,28.5,91.8,Water Heater (Geyser),4,14.4,34.7631
Mumbai,8,27.7,83.7,Water Heater (Geyser),5,2.0,4.1583
Mumbai,11,16.1,84.4,Washing Machine,2,3.4,2.1571
Satara,8,23.7,85.0,Desktop Computer,3,7.5,2.1397
Satara,11,27.2,49.4,Desktop Computer,2,3.3,1.0231
Mumbai,3,26.7,54.7,Refrigerator,2,22.4,4.9781
Satara,5,31.2,57.8,Microwave Oven,3,0.9,1.2442
Satara,11,22.8,47.7,Microwave Oven,4,0.7,0.8328
Satara,5,31.7,61.8,Ceiling Fan,5,9.9,0.6633
Mumbai,6,32.4,72.9,LED TV,5,6.3,0.4616
Satara,1,19.7,35.1,Iron,1,1.0,1.1272
Mumbai,4,38.1,31.9,Room Heater,5,9.7,19.0224
Mumbai,10,16.1,45.2,Air Conditioner,2,3.0,6.0041
Satara,6,30.8,72.6,Desktop Computer,4,6.0,1.5652
Satara,11,18.6,44.9,Refrigerator,3,20.9,3.5847
Mumbai,5,31.3,79.5,Desktop Computer,4,6.9,1.7973
Satara,12,32.1,27.1,Desktop Computer,3,8.5,2.3704
Mumbai,10,32.4,82.5,LED TV,2,6.2,0.6316
Satara,2,15.2,51.5,Ceiling Fan,3,23.1,1.8291
Mumbai,7,33.5,82.9,Desktop Computer,4,1.0,0.2671
Satara,12,23.4,53.1,Ceiling Fan,5,14.7,0.86
Satara,11,20.1,42.5,Iron,5,16.2,14.685
Mumbai,1,20.0,62.6,Ceiling Fan,5,1.7,0.0969
Satara,10,27.6,57.3,LED TV,2,6.7,0.651
Mumbai,12,26.0,57.3,Refrigerator,4,21.7,3.5342
Satara,10,26.3,60.1,Air Conditioner,2,11.8,30.1568
Satara,2,27.0,47.9,Iron,5,1.4,1.3014
Satara,4,28.7,45.9,Refrigerator,1,20.7,5.2436
Satara,5,11.5,26.0,Air Conditioner,2,15.4,26.1916
Satara,2,20.7,52.5,Room Heater,1,5.0,11.7834
Satara,2,20.9,48.7,Washing Machine,5,1.3,0.4955
Satara,1,23.8,64.5,Ceiling Fan,1,9.8,1.232
Mumbai,11,29.7,63.9,Water Heater (Geyser),5,2.2,4.4772
Satara,4,32.3,48.8,Ceiling Fan,4,9.5,0.8121
Mumbai,7,39.8,49.7,Desktop Computer,1,5.2,1.9183
Mumbai,3,13.2,24.5,Ceiling Fan,2,5.8,0.5024
Satara,3,27.8,44.8,Microwave Oven,3,1.3,1.6984
Mumbai,4,29.1,79.6,Water Heater (Geyser),1,2.5,7.8079
Mumbai,1,26.4,63.6,Iron,5,0.7,0.6671
Satara,3,17.9,77.1,Water Heater (Geyser),3,21.4,49.5078
Satara,4,32.3,37.9,Air Conditioner,1,11.8,36.7958
Mumbai,2,29.4,57.3,Microwave Oven,3,1.0,1.3531
Mumbai,7,28.3,88.0,Microwave Oven,1,1.2,1.9735
Mumbai,2,26.2,68.8,Desktop Computer,2,6.2,1.9724
Mumbai,2,15.6,38.8,Washing Machine,3,2.6,1.3322
Mumbai,6,19.5,43.3,Room Heater,1,17.9,41.0421
Satara,12,21.7,57.9,Desktop Computer,3,3.0,0.8197
Mumbai,2,24.0,62.5,Microwave Oven,4,1.5,1.8345
Satara,12,39.9,25.1,Air Conditioner,2,19.9,62.2982
Satara,6,25.4,69.3,Room Heater,2,3.7,8.8828
Satara,8,22.4,71.2,Iron,2,0.7,0.7978
Satara,9,27.3,74.6,Refrigerator,1,21.3,5.5876
Mumbai,4,28.9,68.5,Air Conditioner,3,8.8,21.7322
Satara,9,23.1,72.2,Iron,2,1.2,1.3768
Mumbai,6,31.2,84.8,Washing Machine,5,1.4,0.6048
Satara,9,28.3,83.9,Iron,1,1.4,1.78
Mumbai,8,41.1,21.9,Air Conditioner,5,7.4,15.8669
Mumbai,1,24.0,65.6,Room Heater,2,5.3,12.5073
Mumbai,4,14.3,24.1,Water Heater (Geyser),5,8.7,14.0046
Mumbai,1,21.4,74.5,Room Heater,3,1.6,3.3809
Satara,5,29.9,54.3,LED TV,3,5.3,0.4734
Mumbai,9,22.8,69.7,Washing Machine,1,20.0,14.165
Mumbai,12,26.2,64.3,Microwave Oven,1,1.5,2.3469
Satara,1,19.2,49.5,Ceiling Fan,3,8.0,0.6806
Mumbai,11,46.2,84.5,Desktop Computer,5,2.0,0.5002
Mumbai,7,28.1,85.5,Ceiling Fan,3,11.5,1.1948
Mumbai,4,29.4,74.5,Iron,5,1.0,0.9696
Satara,6,24.8,71.7,Desktop Computer,3,2.8,0.7927
Mumbai,8,27.8,74.4,Iron,2,12.2,14.3561
Satara,8,18.0,86.0,Water Heater (Geyser),4,18.8,39.6426
Satara,4,28.6,37.2,Iron,4,1.0,0.9975
Mumbai,4,30.1,72.0,Iron,3,0.8,0.9112
Mumbai,1,25.0,49.6,Room Heater,4,2.0,3.8543
Mumbai,6,29.3,77.8,Water Heater (Geyser),2,2.9,8.424
Satara,9,27.8,82.5,Refrigerator,3,23.1,4.7203
Mumbai,1,27.3,50.6,Water Heater (Geyser),3,1.9,4.6847
Mumbai,6,23.6,70.7,Iron,4,22.9,23.6614
Satara,5,44.3,18.0,LED TV,3,9.9,0.8723
Mumbai,10,31.0,80.8,Ceiling Fan,3,5.6,0.6018
Satara,2,44.5,68.4,Air Conditioner,4,15.0,42.0116
Mumbai,7,29.2,93.8,Iron,3,0.3,0.3447
Satara,4,33.2,54.8,Water Heater (Geyser),5,2.9,6.2328
Mumbai,8,29.0,88.4,Refrigerator,1,22.5,6.0986
Satara,5,32.5,31.0,Refrigerator,4,22.3,3.8645
Mumbai,6,32.3,85.1,Room Heater,1,3.5,9.8861
Satara,10,25.7,58.9,Desktop Computer,3,4.7,1.3085
Mumbai,10,30.5,71.3,Microwave Oven,2,1.0,1.5088
Mumbai,5,21.3,59.9,Room Heater,4,6.6,12.587
Satara,6,20.9,76.9,Washing Machine,1,13.1,9.2887
Mumbai,11,24.5,25.8,Washing Machine,5,18.7,7.1525
Mumbai,7,15.5,58.7,Desktop Computer,2,2.0,0.5827
Mumbai,1,22.8,67.5,Room Heater,1,3.9,9.557
Mumbai,8,28.6,89.3,Desktop Computer,1,6.8,2.5357
Satara,7,26.1,80.6,Ceiling Fan,3,11.3,1.1141
Mumbai,1,27.1,64.6,Room Heater,5,4.5,8.2524
Mumbai,12,26.2,62.0,Desktop Computer,2,5.9,1.8798
Mumbai,2,47.0,43.8,Room Heater,3,11.7,30.2607
Mumbai,11,31.9,75.9,Water Heater (Geyser),5,1.2,2.5672
Satara,3,24.1,54.3,Washing Machine,5,2.0,0.7854
Satara,11,29.6,53.2,Microwave Oven,5,1.4,1.5883
Satara,8,22.1,89.0,LED TV,1,2.7,0.2896
Mumbai,9,30.0,84.4,Iron,4,1.3,1.3848
Satara,6,27.7,80.1,Room Heater,1,5.1,13.5888
Mumbai,8,27.2,92.0,LED TV,4,4.3,0.3599
Satara,12,22.2,71.1,LED TV,4,5.7,0.444
Satara,10,28.6,64.6,Microwave Oven,3,0.5,0.6857
Mumbai,5,46.6,24.8,Refrigerator,1,6.5,1.9681
Satara,8,23.8,78.5,Iron,3,0.7,0.7808
Satara,12,22.1,71.8,Air Conditioner,4,9.2,17.1929
Mumbai,1,25.4,62.6,Refrigerator,3,23.9,4.5604
Satara,4,30.1,41.7,Iron,3,0.3,0.3187
Satara,2,20.9,36.4,Microwave Oven,1,0.8,1.159
Satara,10,29.8,53.0,Desktop Computer,1,8.2,2.8828
Satara,11,32.2,31.6,Desktop Computer,3,5.1,1.4125
Satara,2,41.3,44.8,Water Heater (Geyser),1,2.1,7.1519
Satara,7,37.6,80.4,Ceiling Fan,1,11.4,1.8458
Satara,6,25.1,73.1,Refrigerator,5,22.5,3.0725
Satara,8,36.3,24.1,Water Heater (Geyser),4,15.0,35.0869
Satara,4,25.6,27.1,Desktop Computer,5,17.6,3.5169
Mumbai,11,28.9,67.6,Microwave Oven,1,0.8,1.2773
Mumbai,4,28.7,66.0,LED TV,2,6.3,0.6191
Mumbai,12,27.5,61.7,Refrigerator,3,23.8,4.6985
Satara,6,29.5,79.3,Air Conditioner,5,3.3,6.3716
Mumbai,1,25.2,59.2,Refrigerator,1,22.5,5.6025
Satara,9,25.6,81.5,Room Heater,2,1.5,3.5783
Satara,1,28.1,19.0,Water Heater (Geyser),2,23.8,61.565
Mumbai,3,26.4,66.7,Desktop Computer,5,8.2,1.7602
Satara,4,31.7,43.3,Refrigerator,3,20.2,4.0934
Satara,7,43.1,72.5,Water Heater (Geyser),2,2.3,7.6444
Satara,5,42.4,40.0,Ceiling Fan,5,8.4,0.6364
Mumbai,4,27.2,85.5,LED TV,5,10.4,0.7729
Mumbai,6,28.3,76.4,Microwave Oven,5,1.2,1.3775
Satara,12,21.9,45.3,Iron,5,1.2,1.1172
Mumbai,4,35.2,60.0,Refrigerator,3,24.0,5.1742
Satara,6,26.8,74.0,Desktop Computer,2,4.5,1.4336
Mumbai,7,16.0,85.4,Washing Machine,1,6.1,4.2677
Mumbai,9,30.4,90.0,Desktop Computer,1,6.9,2.6026
Mumbai,4,30.0,78.1,Ceiling Fan,4,10.8,0.9375
Satara,9,24.2,80.1,Refrigerator,4,20.1,3.3336
Mumbai,4,31.3,67.1,Microwave Oven,4,1.3,1.6657
Satara,12,23.1,44.6,Microwave Oven,5,0.6,0.6334
Mumbai,11,13.0,37.1,Ceiling Fan,2,7.6,0.6445
Mumbai,12,24.9,66.1,Washing Machine,1,1.1,0.7921
Mumbai,11,15.6,28.3,Refrigerator,3,5.1,0.8223
Mumbai,12,27.9,63.9,Air Conditioner,1,5.6,16.53
Satara,10,22.9,52.2,Refrigerator,4,1.5,0.2302
Satara,5,13.7,79.4,Refrigerator,5,19.2,2.2369
Mumbai,2,24.1,73.6,Room Heater,5,3.2,5.8687
Mumbai,6,29.2,73.0,Desktop Computer,3,5.0,1.4762
Satara,6,27.7,84.0,Air Conditioner,5,2.1,3.9474
Satara,5,31.1,40.4,Room Heater,5,1.6,2.9741
Mumbai,6,35.9,89.0,Microwave Oven,3,13.2,19.3275
Satara,1,34.7,34.1,Microwave Oven,2,14.3,20.8394
Satara,8,24.0,85.1,Washing Machine,2,1.9,1.2489
Mumbai,1,32.1,36.5,LED TV,4,19.2,1.4953
Mumbai,8,28.5,84.0,Water Heater (Geyser),3,1.6,4.2299
Mumbai,4,34.9,83.4,Room Heater,4,6.4,14.4699
Satara,7,26.8,84.0,LED TV,4,6.2,0.5099
Mumbai,6,32.0,77.1,Iron,1,1.5,1.9124
Satara,3,27.3,28.3,LED TV,4,2.6,0.1946
Satara,11,27.7,43.8,Refrigerator,4,17.2,2.7865
Satara,7,22.7,71.7,Washing Machine,4,1.0,0.4751
Satara,2,19.4,38.3,Desktop Computer,1,8.9,2.8361
Mumbai,11,25.7,70.4,Desktop Computer,5,6.0,1.3133
Satara,2,21.1,19.1,Refrigerator,4,13.9,1.9845
Mumbai,3,27.6,53.2,Washing Machine,4,0.6,0.2894
Satara,5,35.0,66.2,Desktop Computer,2,2.1,0.6972
Mumbai,8,26.3,29.2,Desktop Computer,2,23.2,6.9948
Mumbai,1,25.3,74.0,Desktop Computer,5,17.1,3.6492
Satara,6,30.9,69.5,Desktop Computer,1,7.1,2.5702
Mumbai,12,25.3,54.6,Room Heater,4,2.9,5.8628
Mumbai,2,15.0,66.5,Room Heater,5,5.1,8.4893
Mumbai,11,29.3,69.5,Washing Machine,1,0.6,0.4506
Satara,10,27.4,52.1,Air Conditioner,5,6.8,12.1182
Satara,5,18.6,68.3,Water Heater (Geyser),2,12.8,32.2163
Satara,3,26.8,41.3,Iron,5,1.1,1.009
Satara,4,29.5,52.2,Room Heater,4,4.0,8.0456
Mumbai,5,30.1,71.9,Desktop Computer,5,3.3,0.7348
Mumbai,7,30.6,85.2,Ceiling Fan,1,15.7,2.262
Satara,9,26.1,70.6,Water Heater (Geyser),5,2.4,4.7671
Mumbai,10,29.8,80.1,Water Heater (Geyser),3,1.7,4.5528
Satara,6,26.1,54.8,Room Heater,2,18.0,41.9746
Satara,2,39.9,55.5,Iron,3,6.5,7.3599
Satara,1,22.3,40.8,Refrigerator,5,21.2,2.6633
Mumbai,3,27.1,53.7,Water Heater (Geyser),5,2.7,5.2643
Satara,7,44.4,68.8,Iron,4,11.5,12.4886
Mumbai,12,13.6,33.6,Air Conditioner,2,10.5,19.03
Satara,11,20.9,49.5,Microwave Oven,3,1.3,1.6764
Mumbai,11,45.7,78.6,Refrigerator,2,19.5,5.6369
Mumbai,7,32.4,29.9,Desktop Computer,5,12.2,2.609
Satara,9,28.3,70.8,Ceiling Fan,3,12.4,1.2484
Satara,7,25.2,81.2,Water Heater (Geyser),2,2.2,6.1297
Satara,8,16.1,67.5,Iron,5,19.6,17.7995
Mumbai,6,34.2,80.9,Room Heater,4,2.4,5.3348
Mumbai,2,26.0,62.4,Water Heater (Geyser),3,1.8,4.4822
Satara,12,21.7,42.2,LED TV,1,5.7,0.5715
Satara,11,23.4,51.1,Ceiling Fan,4,14.3,1.0631
Satara,1,21.3,34.9,Room Heater,3,2.5,4.9978
Mumbai,5,24.5,77.2,LED TV,1,12.1,1.3245
Mumbai,12,25.7,61.6,Refrigerator,1,20.9,5.2413
Mumbai,10,15.8,40.6,Desktop Computer,3,15.0,3.8385
Satara,4,28.3,33.9,Water Heater (Geyser),3,1.3,3.1073
Satara,11,41.3,64.6,Microwave Oven,4,1.4,1.8992
Satara,5,17.3,69.3,Air Conditioner,1,6.6,15.7916
Mumbai,7,29.7,86.9,Ceiling Fan,4,5.6,0.4834
Satara,9,26.0,79.2,Ceiling Fan,1,9.2,1.222
Mumbai,11,28.7,73.9,Iron,2,0.7,0.8362
Satara,6,29.1,68.2,Washing Machine,4,1.6,0.7889
Satara,12,22.2,37.2,Room Heater,2,3.0,6.3987
Mumbai,7,10.8,36.8,LED TV,4,11.1,0.8089
Satara,8,24.5,74.5,Iron,2,0.5,0.5786
Mumbai,4,16.5,60.2,Desktop Computer,5,17.0,3.3999
Satara,8,25.0,78.5,Air Conditioner,5,4.9,8.6453
Mumbai,7,41.8,54.2,LED TV,5,19.6,1.4731
Satara,9,24.1,73.3,Desktop Computer,1,6.7,2.3224
Mumbai,3,27.6,66.1,Water Heater (Geyser),4,2.0,4.5639
Mumbai,10,30.6,93.2,Refrigerator,4,23.8,4.3746
Satara,1,29.7,67.7,Room Heater,4,23.7,49.6865
Mumbai,6,29.0,81.5,Air Conditioner,1,3.2,10.0495
Satara,11,15.7,55.7,Desktop Computer,2,19.5,5.7556
Satara,10,26.6,47.6,Washing Machine,2,0.9,0.5591
Satara,11,26.5,44.5,Desktop Computer,5,3.5,0.7204
Satara,9,27.3,79.6,Ceiling Fan,5,7.6,0.4832
Mumbai,9,29.4,92.5,Ceiling Fan,1,4.9,0.7057
Mumbai,9,31.3,85.8,Ceiling Fan,3,10.0,1.0848
Satara,8,23.0,84.5,Room Heater,4,4.9,9.7122
Satara,2,28.2,17.0,Desktop Computer,4,20.5,4.8336
Mumbai,8,29.5,87.3,Iron,2,1.0,1.2274
Mumbai,4,32.0,61.7,Microwave Oven,3,1.3,1.8052
Satara,9,44.9,41.5,LED TV,3,5.0,0.4666
Satara,11,24.5,50.8,LED TV,1,2.1,0.217
Satara,8,24.2,81.5,Water Heater (Geyser),1,2.3,6.8673
Mumbai,11,30.1,67.9,Iron,1,0.9,1.1104
Satara,3,42.9,80.8,Iron,1,5.0,6.6626
Mumbai,8,28.3,84.3,Refrigerator,4,23.8,4.1793
Satara,10,36.9,63.8,Air Conditioner,5,23.8,50.7366
Mumbai,8,27.4,83.9,Microwave Oven,2,0.6,0.9016
Mumbai,5,28.3,18.4,Ceiling Fan,5,11.4,0.6867
Mumbai,9,29.8,85.8,Ceiling Fan,4,13.7,1.2001
Mumbai,3,17.9,35.0,Air Conditioner,4,19.4,30.9784
Mumbai,2,26.5,59.3,Ceiling Fan,4,5.5,0.4368
Satara,3,27.6,33.3,Washing Machine,2,1.9,1.1753
Satara,8,26.4,81.6,Room Heater,3,3.2,7.1911
Mumbai,9,31.1,79.2,Ceiling Fan,4,5.8,0.513
Satara,4,25.7,32.4,Washing Machine,5,0.6,0.2301
Mumbai,3,29.9,63.2,Refrigerator,4,21.2,3.6945
Satara,2,26.1,52.7,Washing Machine,2,1.4,0.8796
Mumbai,2,28.6,58.5,Microwave Oven,2,1.0,1.4739
Mumbai,11,27.1,73.5,Washing Machine,2,1.4,0.9184
Mumbai,2,26.6,60.6,Desktop Computer,1,4.2,1.4823
Mumbai,1,26.5,59.0,LED TV,5,2.6,0.1819
Mumbai,1,23.6,50.8,Ceiling Fan,1,13.0,1.5987
Satara,1,25.9,44.2,Air Conditioner,3,11.3,25.3799
Mumbai,9,26.1,82.4,Iron,1,6.5,8.1132
Mumbai,4,31.7,83.4,Desktop Computer,5,4.6,1.0501
Satara,4,33.8,37.1,LED TV,3,6.0,0.5228
Mumbai,9,29.5,89.1,Room Heater,4,2.0,4.3414
Satara,10,27.0,57.0,Ceiling Fan,2,5.3,0.6093
Satara,9,34.7,81.1,Washing Machine,4,3.2,1.6834
Mumbai,12,28.2,62.2,Desktop Computer,3,2.2,0.6169
Mumbai,5,30.0,64.8,Air Conditioner,5,3.2,6.1197
Satara,7,20.3,81.0,Room Heater,1,3.5,8.5741
Satara,6,28.2,68.9,Iron,5,0.4,0.3899
Satara,4,34.8,19.8,Water Heater (Geyser),4,8.3,19.0905
Mumbai,10,30.7,69.2,Microwave Oven,3,0.5,0.7086
Mumbai,10,29.3,81.8,LED TV,1,6.2,0.6797
Satara,5,43.6,24.3,Washing Machine,3,5.8,3.4422
Mumbai,11,31.2,60.9,Air Conditioner,1,8.6,27.5034
Mumbai,6,30.5,80.3,Water Heater (Geyser),3,1.1,2.9379
Mumbai,9,30.3,81.1,Ceiling Fan,5,6.4,0.4351
Mumbai,5,27.4,81.1,Room Heater,3,7.9,17.989
Mumbai,2,26.7,65.9,Water Heater (Geyser),2,2.7,7.4179
Mumbai,12,33.8,35.5,Desktop Computer,3,18.7,5.2338
Mumbai,6,31.6,88.6,Ceiling Fan,2,9.0,1.1521
Mumbai,5,30.4,69.6,Desktop Computer,2,2.1,0.6958
Mumbai,3,27.9,57.1,Refrigerator,5,20.7,2.9063
Satara,1,20.0,46.3,Refrigerator,2,23.2,4.6889
Satara,3,30.6,34.2,Water Heater (Geyser),2,2.5,6.8151
Mumbai,4,34.5,68.5,Air Conditioner,5,7.0,14.5118
Mumbai,10,30.3,82.7,Refrigerator,4,23.5,4.2255
Satara,1,20.1,47.1,Air Conditioner,4,7.9,13.7245
Satara,5,30.3,54.6,Refrigerator,5,21.2,3.0323
Satara,2,23.6,75.8,Iron,1,2.9,3.5841
Mumbai,7,30.3,97.7,Ceiling Fan,4,12.4,1.1181
Mumbai,8,28.0,82.7,Microwave Oven,1,1.0,1.635
Mumbai,11,31.2,63.7,Air Conditioner,5,2.7,5.252
Satara,3,29.2,52.0,Desktop Computer,4,4.1,1.0114
Satara,11,24.4,60.8,Refrigerator,1,22.7,5.5779
Mumbai,11,24.0,55.5,Desktop Computer,3,18.5,5.1783
Satara,2,21.1,18.1,Air Conditioner,3,3.8,7.3618
Satara,1,21.4,60.2,Desktop Computer,2,3.2,0.978
Satara,7,25.9,80.6,Water Heater (Geyser),1,2.9,8.9233
Mumbai,8,27.6,73.5,Room Heater,1,20.1,51.5034
Mumbai,2,26.1,57.9,Microwave Oven,4,0.9,1.1057
Mumbai,6,33.4,74.4,LED TV,1,5.5,0.6079
Satara,4,28.2,33.5,Washing Machine,1,0.5,0.3511
Satara,4,30.0,27.3,LED TV,2,7.1,0.6628
Satara,5,31.6,62.7,Air Conditioner,3,7.6,19.3835
Satara,2,34.4,82.9,Water Heater (Geyser),3,3.5,9.5915
Satara,10,22.3,64.4,Air Conditioner,4,2.6,4.957
Satara,11,23.0,48.9,Refrigerator,2,20.4,4.2692
Mumbai,1,41.3,38.4,Iron,2,10.9,12.6712
Mumbai,3,27.1,60.8,Water Heater (Geyser),1,1.7,5.1105
Satara,12,23.7,52.5,Room Heater,1,5.0,12.2264
Mumbai,5,35.4,76.9,Water Heater (Geyser),1,0.7,2.3647
Mumbai,9,41.8,64.2,Water Heater (Geyser),3,5.8,16.9386
Satara,3,23.5,29.1,Refrigerator,3,22.5,3.93
Mumbai,11,25.5,49.7,LED TV,5,17.7,1.2109
Mumbai,12,25.4,61.4,Ceiling Fan,4,4.3,0.3396
Satara,12,20.7,73.0,Ceiling Fan,3,16.0,1.4437
Satara,1,21.5,26.1,Washing Machine,4,0.9,0.4014
Satara,3,28.3,46.1,Microwave Oven,4,0.4,0.4846
Mumbai,11,27.6,57.4,Room Heater,1,5.0,13.0026
Mumbai,5,31.7,64.7,Washing Machine,1,0.7,0.5148
Satara,10,24.8,80.9,Washing Machine,1,1.8,1.3049
Satara,9,40.3,25.0,Microwave Oven,3,21.0,28.7833
Mumbai,3,30.6,62.0,Water Heater (Geyser),2,1.6,4.5616
Satara,4,28.0,32.2,Washing Machine,5,1.4,0.5514
Satara,3,33.2,47.3,Washing Machine,2,2.0,1.3046
Mumbai,2,26.5,54.5,Iron,3,1.0,1.0587
Satara,6,27.1,69.2,Ceiling Fan,1,5.9,0.791
Mumbai,12,11.8,74.6,Microwave Oven,2,3.4,4.6325
Mumbai,10,36.1,58.9,Desktop Computer,3,14.5,4.3486
Mumbai,2,30.0,61.1,Desktop Computer,5,2.5,0.5501
Mumbai,11,27.6,59.3,Water Heater (Geyser),2,2.6,7.2048
Satara,2,24.7,28.7,Refrigerator,4,23.8,3.6099
Mumbai,10,30.5,81.5,Washing Machine,3,0.8,0.4715
Mumbai,5,32.8,73.1,Microwave Oven,4,1.2,1.5534
Satara,12,25.7,36.3,LED TV,3,14.3,1.2124
Mumbai,11,27.8,71.3,Air Conditioner,3,4.8,11.4985
Satara,3,38.0,91.4,Ceiling Fan,3,9.5,1.1305
Mumbai,9,31.8,87.2,Microwave Oven,5,0.7,0.8515
Mumbai,11,33.7,19.8,Ceiling Fan,5,17.1,1.1196
Satara,9,32.6,80.1,Air Conditioner,3,20.7,55.5744
Satara,2,28.2,36.4,Room Heater,1,4.9,12.1073
Mumbai,7,29.3,90.3,Washing Machine,3,1.0,0.5864
Mumbai,8,26.6,43.0,Microwave Oven,4,2.5,2.986
Satara,4,27.0,43.4,Iron,1,0.4,0.4758
Satara,11,22.5,46.3,Room Heater,3,1.9,3.8527
Mumbai,4,32.2,69.1,Ceiling Fan,2,11.8,1.4862
Mumbai,8,34.6,43.7,Microwave Oven,3,13.6,18.3464
Mumbai,12,24.5,49.4,Iron,1,0.3,0.352
Mumbai,6,30.5,79.8,Water Heater (Geyser),4,2.7,6.3722
Mumbai,2,27.5,63.8,Desktop Computer,5,9.7,2.1185
Satara,10,25.7,53.9,LED TV,4,6.1,0.4767
Mumbai,4,31.2,61.3,Microwave Oven,1,0.6,0.9581
Satara,9,24.0,72.2,Microwave Oven,5,0.6,0.6818
Mumbai,9,27.1,87.2,Ceiling Fan,1,12.5,1.7216
Mumbai,11,12.5,39.4,Washing Machine,2,10.6,6.0321
Satara,9,15.3,23.4,Washing Machine,1,19.3,12.1458
Mumbai,7,27.3,83.1,Water Heater (Geyser),1,1.6,4.9412
Satara,3,31.0,45.8,Room Heater,3,13.6,30.2492
Mumbai,6,30.2,91.3,LED TV,5,7.9,0.5896
Satara,5,33.6,57.8,Water Heater (Geyser),1,2.9,9.2486
Satara,3,28.5,27.9,Microwave Oven,4,1.1,1.3209
Mumbai,10,33.2,84.5,Ceiling Fan,3,11.3,1.2381
Satara,6,29.8,69.2,Iron,2,0.8,0.9595
Mumbai,3,28.1,70.0,Room Heater,2,4.4,10.6295
Satara,7,24.8,92.6,Refrigerator,4,22.4,3.8352
Satara,12,19.9,54.9,Microwave Oven,1,0.6,0.881
Mumbai,11,30.4,66.5,LED TV,2,4.0,0.4022
Satara,6,25.8,84.5,Washing Machine,3,0.9,0.5272
Satara,9,26.4,78.9,Ceiling Fan,2,7.8,0.9145
Satara,6,27.0,77.6,Iron,1,1.0,1.2519
Mumbai,3,27.0,51.6,Ceiling Fan,4,6.0,0.4705
Mumbai,10,30.8,82.6,Air Conditioner,3,2.7,7.1237
Mumbai,7,31.2,86.7,Iron,3,0.8,0.9234
Mumbai,8,34.8,54.4,Air Conditioner,1,18.9,63.9365
Mumbai,10,31.6,43.3,Washing Machine,5,14.2,5.6932
Mumbai,5,28.6,68.3,Iron,3,1.5,1.6604
Satara,4,28.4,33.5,Desktop Computer,5,9.6,2.016
Satara,5,37.9,37.1,LED TV,1,14.8,1.5896
Satara,3,28.8,47.1,Refrigerator,4,21.0,3.531
Satara,6,20.8,16.4,Room Heater,5,7.4,12.0513
Satara,7,23.4,83.4,Room Heater,2,4.3,10.2057
Mumbai,10,44.8,86.7,Air Conditioner,1,23.6,98.7732
Satara,4,31.6,35.4,Iron,2,0.5,0.5605
Satara,12,16.3,33.0,Room Heater,4,19.4,33.5785
Satara,1,22.0,44.0,Room Heater,4,5.9,11.1454
Satara,6,29.2,77.4,Water Heater (Geyser),3,0.7,1.8219
Satara,2,23.7,42.3,Iron,4,1.0,0.9959
Satara,3,27.6,48.6,Washing Machine,4,1.8,0.8524
Satara,6,25.4,28.8,Iron,1,18.0,20.4076
Mumbai,4,26.9,63.8,Microwave Oven,3,1.3,1.7442
Satara,9,22.2,90.7,Washing Machine,1,12.2,9.0463
Satara,5,37.9,53.1,Water Heater (Geyser),3,10.5,28.33
Satara,11,23.8,49.9,Room Heater,3,1.2,2.5142
Mumbai,11,43.4,81.0,Refrigerator,5,9.1,1.5699
Mumbai,6,30.8,86.2,Desktop Computer,1,7.5,2.7995
Mumbai,2,26.9,63.0,Refrigerator,3,22.4,4.3755
Mumbai,3,31.2,61.9,Desktop Computer,5,8.0,1.7861
Mumbai,7,32.3,70.1,Desktop Computer,2,3.8,1.2708
Satara,8,25.4,82.8,LED TV,3,2.4,0.2155
Mumbai,2,25.8,71.2,Desktop Computer,4,2.1,0.5319
Satara,7,26.4,90.1,Room Heater,2,8.2,20.3961
Satara,6,30.1,15.9,Water Heater (Geyser),3,19.9,47.3287
Satara,5,26.0,44.3,Air Conditioner,3,9.6,20.9846
Satara,9,22.0,67.1,Air Conditioner,3,9.4,19.8383
Mumbai,12,26.7,49.2,Room Heater,5,5.9,10.5934
Satara,2,31.2,38.5,Room Heater,4,4.4,9.0161
Satara,6,27.9,72.1,Water Heater (Geyser),1,1.7,5.1997
Mumbai,7,29.6,91.6,Washing Machine,3,0.5,0.2993
Satara,12,29.7,30.1,LED TV,4,23.9,1.8329
Satara,1,24.8,30.6,Room Heater,4,3.7,6.9165
Mumbai,8,28.2,19.8,Iron,3,15.1,15.2088
Mumbai,9,30.2,75.2,Microwave Oven,4,0.5,0.6489
Mumbai,12,21.9,78.8,Room Heater,4,5.5,10.7016
Satara,7,23.7,80.9,Iron,5,0.5,0.4858
Satara,7,20.0,71.3,LED TV,4,17.1,1.3306
Mumbai,8,28.7,80.3,Air Conditioner,4,10.2,22.778
Satara,5,44.8,90.2,Iron,5,11.0,11.6686
Satara,10,35.5,69.9,Washing Machine,5,16.7,7.2384
Satara,10,32.3,59.4,LED TV,2,18.7,1.855
Satara,10,29.2,43.2,Desktop Computer,2,11.3,3.4864
Mumbai,12,29.5,68.4,LED TV,4,5.7,0.4615
Mumbai,6,26.9,42.2,Room Heater,3,11.5,24.1621
Mumbai,12,17.9,26.2,Water Heater (Geyser),4,8.8,16.8596
Mumbai,8,30.7,91.0,Ceiling Fan,4,6.6,0.5897
Mumbai,10,28.2,74.5,Iron,5,1.5,1.4496
Mumbai,3,33.6,62.6,Room Heater,4,2.4,5.1595
Mumbai,7,32.5,69.5,Water Heater (Geyser),2,23.7,69.9786
Satara,6,25.9,79.1,LED TV,3,6.0,0.5457
Satara,2,27.8,52.5,Room Heater,4,5.9,11.9502
Mumbai,11,22.0,42.3,Refrigerator,4,9.8,1.4755
Mumbai,12,26.7,77.3,Washing Machine,5,1.9,0.8011
Mumbai,2,22.7,29.2,LED TV,1,2.8,0.2767
Satara,1,17.1,37.1,Air Conditioner,4,4.7,7.349
Mumbai,6,12.7,40.6,Desktop Computer,1,11.6,3.6394
Mumbai,5,41.9,16.7,Water Heater (Geyser),1,6.0,19.5277
Satara,12,19.2,51.3,Microwave Oven,3,1.3,1.6442
Mumbai,11,36.4,92.2,Microwave Oven,5,3.3,4.0878
Satara,3,17.2,80.1,Refrigerator,4,8.2,1.211
Satara,12,27.3,54.9,Water Heater (Geyser),1,3.0,8.9304
Satara,8,27.0,82.5,Air Conditioner,3,3.8,9.2657
Mumbai,8,28.5,91.1,Air Conditioner,3,5.7,14.2192
Mumbai,6,37.3,26.5,Washing Machine,4,8.2,3.9571
Satara,4,29.2,41.0,Iron,1,1.0,1.1798
Mumbai,9,30.8,83.9,Iron,3,1.4,1.6249
Mumbai,12,35.1,19.1,LED TV,2,11.9,1.1142
Mumbai,4,32.3,69.3,Refrigerator,5,23.5,3.4876
Mumbai,1,25.0,63.9,Refrigerator,2,21.7,4.8537
Mumbai,6,26.8,92.4,Refrigerator,4,22.4,3.9184
Satara,10,30.3,70.6,Iron,5,0.4,0.3934
Satara,1,43.4,62.7,Water Heater (Geyser),4,11.6,30.8773
Mumbai,7,29.6,89.0,LED TV,5,4.8,0.3553
Satara,11,25.8,61.7,Washing Machine,4,1.1,0.5324
Mumbai,11,28.7,70.1,Room Heater,3,3.9,8.7846
Satara,8,35.6,56.0,Air Conditioner,2,9.5,29.126
Satara,8,32.5,78.9,Ceiling Fan,1,3.9,0.5673
Mumbai,3,28.2,64.0,Water Heater (Geyser),1,0.9,2.6961
Satara,4,26.9,43.6,LED TV,1,6.7,0.693
Satara,1,20.0,49.9,Microwave Oven,1,1.3,1.961
Satara,9,13.5,22.8,Washing Machine,2,16.2,8.9933
Satara,4,29.3,31.7,Air Conditioner,3,21.6,50.402
Mumbai,2,24.2,43.1,Iron,5,13.3,12.3281
Mumbai,8,26.4,89.8,Air Conditioner,1,2.3,6.9191
Mumbai,1,23.9,67.0,Ceiling Fan,2,4.4,0.4816
Mumbai,2,33.9,24.7,Desktop Computer,2,23.7,7.4265
Mumbai,6,31.7,86.8,Air Conditioner,1,10.7,35.5115
Satara,11,23.4,53.5,Water Heater (Geyser),4,1.5,3.1838
Mumbai,1,28.6,58.9,LED TV,2,7.1,0.6942
Satara,2,20.4,49.7,Washing Machine,5,0.6,0.2369
Satara,4,19.3,71.6,Ceiling Fan,4,15.9,1.1352
Satara,9,44.3,15.5,Washing Machine,5,10.0,4.142
Satara,6,29.4,73.6,LED TV,3,5.3,0.4806
Mumbai,10,35.8,73.3,Ceiling Fan,1,9.0,1.3974
Satara,6,26.7,62.6,Room Heater,4,1.2,2.4263
Satara,9,24.6,92.3,LED TV,5,6.1,0.4526
Mumbai,2,24.0,65.0,Desktop Computer,5,2.4,0.5106
Mumbai,10,29.6,76.5,Refrigerator,5,22.8,3.3644
Satara,8,17.6,16.5,Water Heater (Geyser),5,6.5,10.7544
Mumbai,8,30.8,82.2,Water Heater (Geyser),3,1.5,4.0308
Mumbai,6,31.7,78.4,Air Conditioner,1,9.9,32.1377
Mumbai,11,31.5,64.2,Ceiling Fan,1,14.2,2.0197
Mumbai,6,30.3,76.9,Microwave Oven,1,1.0,1.673
Satara,1,24.9,51.2,Air Conditioner,1,10.1,27.9848
Satara,6,25.9,66.1,Washing Machine,5,1.5,0.6069
Satara,12,25.1,35.3,Iron,3,0.4,0.4176
Satara,4,27.9,37.5,Water Heater (Geyser),3,2.6,6.3665
Satara,8,18.4,87.9,Iron,3,8.9,9.9006
Mumbai,9,29.5,88.4,Desktop Computer,5,7.2,1.6529
Mumbai,12,26.6,63.6,Water Heater (Geyser),5,0.6,1.1861
Satara,9,25.5,75.8,Desktop Computer,2,5.8,1.8584
Mumbai,9,31.5,79.8,Iron,2,0.7,0.8373
Satara,6,29.6,72.1,Iron,2,0.9,1.0683
Mumbai,6,34.7,34.5,Air Conditioner,1,21.7,70.8206
Satara,7,26.8,86.0,Refrigerator,4,20.6,3.5424
Satara,2,22.0,80.7,Ceiling Fan,3,15.9,1.4726
Mumbai,3,28.5,55.6,Ceiling Fan,2,15.4,1.8158
Satara,2,23.6,50.6,Desktop Computer,5,9.9,2.0579
Satara,9,28.4,79.5,Refrigerator,2,21.1,4.985
Mumbai,1,26.2,61.8,Water Heater (Geyser),5,2.0,3.9355
Mumbai,4,31.5,62.4,LED TV,3,5.7,0.5095
Mumbai,7,29.3,95.6,Room Heater,5,2.6,5.2043
Satara,1,23.9,45.2,LED TV,3,4.4,0.3737
Mumbai,6,28.6,80.9,Washing Machine,4,1.2,0.6158
Mumbai,12,29.2,65.6,LED TV,2,5.7,0.5625
Satara,8,25.0,78.8,Refrigerator,5,21.6,2.9756
Mumbai,10,43.6,61.9,Iron,4,20.4,22.2475
Satara,11,25.0,57.6,Ceiling Fan,4,15.7,1.2142
Mumbai,5,31.9,61.9,Microwave Oven,3,0.8,1.0918
Satara,3,25.1,26.2,Desktop Computer,4,9.0,2.1144
Satara,3,28.8,39.3,Desktop Computer,3,8.9,2.5018
Satara,5,30.1,37.2,Room Heater,5,3.4,6.2087
Mumbai,9,29.1,82.6,Room Heater,3,5.7,13.1652
Mumbai,9,30.5,77.5,LED TV,3,3.3,0.3053
Satara,7,37.4,39.6,Washing Machine,3,14.9,8.6615
Mumbai,10,17.3,61.8,Refrigerator,1,4.1,0.9125
Satara,12,21.6,85.5,Ceiling Fan,1,3.7,0.4645
Satara,6,25.6,74.3,Ceiling Fan,2,11.8,1.3571
Satara,8,24.8,81.2,Ceiling Fan,1,4.5,0.5923
Mumbai,5,17.7,30.0,Ceiling Fan,1,12.0,1.2866
Mumbai,11,29.1,57.4,Room Heater,4,1.0,2.0556
Satara,5,33.3,52.7,Room Heater,1,1.7,4.5309
Mumbai,8,28.4,75.5,Water Heater (Geyser),1,2.5,7.7202
Satara,7,21.8,87.9,Microwave Oven,3,1.2,1.6271
Mumbai,4,28.3,72.5,Room Heater,4,3.6,7.432
Satara,8,32.4,24.9,Ceiling Fan,5,2.3,0.1478
Satara,8,25.5,76.5,Iron,2,1.2,1.4424
Satara,12,21.1,39.9,Water Heater (Geyser),4,2.1,4.3295
Mumbai,12,25.0,60.3,Washing Machine,2,1.4,0.9079
Mumbai,2,26.7,64.5,Ceiling Fan,1,12.2,1.6355
Mumbai,10,33.0,74.6,Air Conditioner,1,4.5,15.0317
Satara,3,43.6,89.6,Air Conditioner,4,12.4,35.6361
Mumbai,3,30.0,47.2,Refrigerator,5,14.3,1.9763
Satara,4,30.2,53.9,Microwave Oven,2,1.4,2.0361
Satara,2,24.2,40.5,Washing Machine,2,1.4,0.8664
Satara,6,11.4,84.1,Ceiling Fan,4,16.0,0.9918
Satara,10,25.2,54.2,Washing Machine,5,0.9,0.3588
Mumbai,9,30.0,93.0,Iron,4,1.4,1.5218
Mumbai,1,39.6,43.0,LED TV,2,1.9,0.1891
Mumbai,1,35.0,41.0,Washing Machine,1,18.7,13.6075
Satara,1,20.0,46.7,Iron,4,0.9,0.8747
Mumbai,8,25.8,92.3,Desktop Computer,5,9.4,2.1044
Satara,5,31.3,57.2,Microwave Oven,2,0.7,1.0422
Satara,1,21.0,42.7,Ceiling Fan,1,15.2,1.7672
Mumbai,10,30.7,69.8,Desktop Computer,4,17.0,4.4175
Mumbai,6,31.9,81.2,Desktop Computer,4,2.6,0.6782
Mumbai,4,33.4,93.2,Room Heater,2,3.1,8.1906
Satara,4,42.9,49.6,Ceiling Fan,5,13.7,1.0619
Mumbai,5,32.8,75.6,Desktop Computer,4,8.7,2.2821
Mumbai,3,29.4,66.2,Washing Machine,4,1.4,0.6927
Satara,11,23.3,64.1,Room Heater,3,4.9,10.3668
Satara,12,21.8,65.2,LED TV,3,4.1,0.3591
Mumbai,7,30.4,93.2,Air Conditioner,5,2.6,5.2192
Mumbai,12,39.6,20.0,Washing Machine,1,20.2,14.8588
Satara,12,23.7,40.8,Refrigerator,4,21.8,3.3512
Mumbai,6,28.9,66.4,Desktop Computer,2,5.3,1.7185
Satara,10,39.9,89.4,Microwave Oven,4,5.6,7.7332
Satara,4,15.2,42.8,Air Conditioner,5,12.8,16.5372
Mumbai,8,30.4,93.6,Iron,4,1.1,1.1921
Mumbai,9,28.8,86.1,Water Heater (Geyser),1,0.6,1.9336
Satara,1,16.6,40.8,Ceiling Fan,2,9.2,0.8642
Satara,2,21.4,54.3,Room Heater,3,4.8,9.8388
Satara,7,24.1,87.4,Water Heater (Geyser),1,2.2,6.7146
Satara,5,32.2,62.8,Refrigerator,3,22.5,4.6953
Satara,1,28.3,63.2,Washing Machine,1,22.4,16.4346
Mumbai,7,29.8,89.7,Water Heater (Geyser),5,1.2,2.5695
Mumbai,9,25.0,68.2,Air Conditioner,4,7.7,15.5515
Mumbai,6,29.2,83.6,Washing Machine,3,2.0,1.2048
Mumbai,9,20.2,40.7,Water Heater (Geyser),5,13.4,23.8685
Mumbai,9,28.9,38.3,Room Heater,4,22.3,44.1902
Mumbai,6,30.7,80.0,Refrigerator,1,21.5,5.9855
Mumbai,8,27.4,84.8,Microwave Oven,3,0.4,0.5631
Satara,1,18.9,46.4,Washing Machine,1,0.8,0.5328
Satara,6,47.9,92.6,Air Conditioner,4,15.2,47.1322
Satara,5,33.0,66.1,LED TV,1,6.7,0.7386
Satara,2,25.1,46.2,Microwave Oven,3,1.5,1.9472
Satara,3,29.2,34.0,Iron,4,17.5,17.3725
Mumbai,10,30.8,67.1,Water Heater (Geyser),1,4.1,12.8945
Mumbai,10,29.3,73.0,Microwave Oven,4,0.4,0.5142
Mumbai,2,32.1,89.3,Microwave Oven,1,12.2,20.4085
Mumbai,1,24.0,64.4,Microwave Oven,3,0.7,0.9257
Satara,2,17.5,32.3,Air Conditioner,4,0.9,1.4207
Satara,9,12.8,16.7,Air Conditioner,4,10.2,13.9802
Mumbai,6,31.8,77.9,Refrigerator,2,20.1,4.9063
Mumbai,8,31.0,86.5,Room Heater,1,1.7,4.7243
Mumbai,6,29.8,81.6,Ceiling Fan,5,16.0,1.0679
Mumbai,11,29.7,77.4,Iron,1,0.7,0.8737
Satara,11,25.1,75.5,Ceiling Fan,2,6.6,0.75
Mumbai,9,28.9,81.7,Iron,5,0.6,0.6056
Mumbai,5,30.8,80.8,Room Heater,5,4.9,9.6888
Mumbai,2,10.2,68.6,Ceiling Fan,5,15.6,0.7155
Satara,2,25.0,39.1,Microwave Oven,1,1.0,1.4709
Mumbai,6,31.7,74.5,Water Heater (Geyser),4,2.3,5.6113
Satara,5,26.9,40.3,LED TV,4,6.2,0.4802
Satara,9,27.4,76.0,Washing Machine,5,1.5,0.6238
Satara,9,26.0,62.6,Desktop Computer,1,10.0,3.4869
Satara,12,25.1,56.2,Air Conditioner,2,11.8,29.315
Satara,3,30.9,33.4,Washing Machine,1,1.9,1.3378
Mumbai,12,27.9,75.1,Desktop Computer,5,2.6,0.5685
Satara,5,31.4,53.4,Washing Machine,5,1.6,0.652
Mumbai,2,26.6,67.5,Ceiling Fan,2,15.9,1.8374
Satara,9,26.9,79.8,Ceiling Fan,2,5.7,0.6772
Mumbai,6,30.4,76.1,Refrigerator,3,23.7,5.0646
Mumbai,1,27.0,60.8,Refrigerator,1,22.3,5.6805
Satara,12,46.0,80.5,Microwave Oven,5,3.9,5.0024
Mumbai,7,29.4,90.7,Room Heater,5,4.3,8.4177
Satara,9,27.1,78.8,Air Conditioner,4,8.4,18.3137
Mumbai,4,15.1,69.9,Washing Machine,1,5.5,3.7988
Satara,10,26.6,47.0,Microwave Oven,2,0.8,1.1403
Satara,4,42.7,53.1,Iron,5,18.9,19.0293
Satara,4,32.2,41.3,Desktop Computer,2,7.6,2.4128
Mumbai,3,10.0,75.6,Iron,5,23.7,21.7834
Mumbai,12,28.9,60.7,Microwave Oven,3,1.1,1.5113
Satara,12,21.1,52.3,Iron,1,1.2,1.4061
Satara,5,24.9,37.8,LED TV,1,13.1,1.3116
Mumbai,2,35.7,20.1,Room Heater,1,14.5,37.8357
Mumbai,10,35.9,47.5,Iron,1,14.3,17.4622
Satara,4,24.2,94.1,Washing Machine,5,24.0,10.1309
Mumbai,4,28.9,80.2,Room Heater,2,3.5,8.6796
Satara,7,24.6,82.9,Ceiling Fan,5,9.5,0.5943
Mumbai,2,23.6,65.1,Iron,5,1.0,0.9389
Mumbai,6,32.1,86.4,Water Heater (Geyser),3,2.9,7.9632
Satara,7,16.8,34.1,Desktop Computer,3,17.7,4.4542
Mumbai,5,31.0,81.7,Desktop Computer,5,7.8,1.8136
Mumbai,8,28.3,85.7,Air Conditioner,2,7.7,21.7585
Satara,4,26.8,38.9,Desktop Computer,4,6.6,1.6057
Satara,9,24.6,75.8,Refrigerator,2,23.2,5.1574
Mumbai,1,24.9,54.2,Washing Machine,2,0.6,0.3762
Satara,5,28.0,71.6,LED TV,1,3.7,0.4052
Mumbai,3,26.3,67.7,Water Heater (Geyser),4,6.7,15.0986
Mumbai,7,31.1,91.9,LED TV,2,7.0,0.7165
Mumbai,10,27.4,74.9,LED TV,3,5.6,0.5131
Mumbai,6,31.9,78.7,Ceiling Fan,2,14.4,1.8172
Mumbai,8,27.7,88.1,Ceiling Fan,2,4.8,0.5798
Mumbai,1,32.5,17.4,Air Conditioner,5,1.4,2.5767
Satara,8,28.5,85.7,Refrigerator,5,23.8,3.4178
Satara,6,26.2,73.9,Desktop Computer,2,3.9,1.2405
Satara,6,35.7,39.8,Water Heater (Geyser),3,8.5,22.4905
Mumbai,8,30.3,92.7,Water Heater (Geyser),5,1.8,3.9651
Mumbai,8,27.6,85.6,Refrigerator,3,23.1,4.6571
Satara,12,23.1,47.4,Iron,3,1.0,1.0523
Mumbai,4,11.4,71.4,Air Conditioner,1,12.1,24.3408
Satara,5,30.8,44.3,Air Conditioner,5,4.6,8.7889
Satara,12,20.6,56.9,Water Heater (Geyser),5,1.9,3.4832
Satara,4,30.5,40.0,Refrigerator,5,23.5,3.2616
Mumbai,7,19.8,61.9,Desktop Computer,4,8.0,1.9284
Mumbai,4,29.7,61.2,Microwave Oven,5,0.9,1.0314
Satara,12,16.0,39.3,Refrigerator,2,23.9,4.5376
Satara,11,22.3,57.7,Room Heater,5,2.2,3.8817
Satara,10,26.5,46.2,Iron,5,0.4,0.3683
Mumbai,11,31.5,70.1,Water Heater (Geyser),1,2.3,7.3875
Mumbai,4,29.6,74.6,Iron,1,1.3,1.6115
Satara,11,28.2,60.5,Room Heater,1,3.1,7.9221
Mumbai,11,47.8,37.8,LED TV,2,17.4,1.7606
Mumbai,10,34.0,73.4,Room Heater,2,3.4,8.7934
Mumbai,8,34.1,49.4,Refrigerator,3,0.9,0.1918
Satara,1,21.5,49.4,Iron,2,0.9,0.9901
Mumbai,4,31.5,75.3,Air Conditioner,1,8.0,26.0169
Satara,5,39.0,82.2,Iron,3,16.9,19.5065
Mumbai,2,15.8,85.9,LED TV,3,11.3,1.0024
Satara,1,41.0,53.4,Iron,5,23.1,23.4964
Satara,3,29.7,33.7,Air Conditioner,5,9.8,17.4834
Satara,8,17.5,64.5,Room Heater,4,2.9,5.2981
Satara,10,26.9,49.2,LED TV,4,5.1,0.3967
Mumbai,3,18.2,74.1,Refrigerator,4,4.9,0.7363
Mumbai,2,25.4,59.6,Microwave Oven,5,1.0,1.1165
Mumbai,7,30.8,95.6,Room Heater,1,3.8,10.5399
Satara,12,18.8,58.2,LED TV,1,5.0,0.5105
Satara,1,23.1,56.2,Washing Machine,4,1.8,0.8501
Mumbai,6,29.9,85.3,LED TV,2,7.3,0.7438
Satara,4,32.7,46.3,Ceiling Fan,5,12.6,0.8368
Mumbai,7,14.7,40.7,LED TV,5,20.5,1.3288
Mumbai,6,31.8,90.7,Microwave Oven,5,0.6,0.7409
Satara,1,22.0,39.3,Air Conditioner,1,4.2,10.7106
Satara,4,29.0,45.4,Washing Machine,4,16.6,8.07
Satara,8,39.3,24.1,Microwave Oven,2,3.9,5.8268
Mumbai,10,31.3,76.2,Washing Machine,4,0.6,0.3055
Mumbai,6,31.4,80.9,Ceiling Fan,3,10.5,1.1266
Satara,6,34.3,70.8,LED TV,5,8.5,0.6279
Satara,1,12.4,85.9,Washing Machine,1,21.0,14.4359
Satara,7,25.8,77.8,Water Heater (Geyser),2,1.7,4.7491
Satara,8,35.2,15.9,Air Conditioner,4,5.0,11.3083
Satara,5,24.0,21.0,Desktop Computer,1,7.3,2.3634
Mumbai,12,43.4,37.2,Room Heater,2,17.5,45.9928
Mumbai,1,21.6,57.0,Air Conditioner,1,10.7,27.7421
Mumbai,12,26.1,64.4,Iron,3,0.8,0.8704
Mumbai,5,32.7,80.4,Microwave Oven,3,1.3,1.8574
Mumbai,8,29.9,90.2,Room Heater,1,2.3,6.2735
Mumbai,4,43.1,15.3,Water Heater (Geyser),2,1.0,2.9888
Satara,9,26.8,84.0,LED TV,5,2.2,0.1609
Satara,5,30.2,36.0,Desktop Computer,5,6.6,1.3822
Satara,1,45.8,53.9,Refrigerator,3,20.4,4.8746
Mumbai,2,24.2,56.3,Air Conditioner,4,2.9,5.6723
Satara,9,25.5,95.6,Room Heater,4,2.0,4.18
Satara,9,25.0,60.4,Microwave Oven,3,9.0,11.9253
Satara,1,23.3,56.2,Iron,3,0.3,0.3142
Satara,2,19.6,72.4,Iron,3,9.3,10.0866
Satara,10,33.4,68.5,LED TV,5,10.0,0.7429
Satara,10,28.2,66.1,Desktop Computer,5,5.5,1.2255
Mumbai,7,29.6,90.2,Ceiling Fan,3,14.2,1.4889
Satara,10,25.2,60.1,Room Heater,2,1.8,4.1575
Satara,1,21.1,53.5,Water Heater (Geyser),1,2.5,6.8674
Mumbai,2,28.2,59.1,Washing Machine,4,1.5,0.7296
Mumbai,7,29.1,84.8,Desktop Computer,1,2.7,1.0
Mumbai,5,29.9,71.0,Room Heater,4,1.1,2.3471
Mumbai,12,30.6,24.9,Iron,5,20.3,18.6616
Satara,1,23.4,42.5,Room Heater,3,4.6,9.4843
Mumbai,6,28.9,87.7,Water Heater (Geyser),5,2.6,5.5937
Satara,5,34.5,53.0,Room Heater,3,5.3,12.4952
Mumbai,6,40.2,92.3,Refrigerator,2,17.6,4.8902
Mumbai,6,23.7,86.2,Refrigerator,4,16.7,2.7522
Satara,8,20.6,42.1,Room Heater,1,19.6,46.1528
Satara,6,28.4,71.2,Desktop Computer,1,3.4,1.2325
Satara,9,27.6,72.3,LED TV,4,4.2,0.3434
Satara,6,26.6,78.9,Water Heater (Geyser),3,1.4,3.5447
Mumbai,1,27.4,60.4,Microwave Oven,4,0.6,0.7379
Satara,10,28.7,68.8,Water Heater (Geyser),1,0.8,2.4858
Satara,11,22.4,56.5,Microwave Oven,1,0.4,0.6118
Mumbai,3,34.7,67.3,Water Heater (Geyser),1,23.0,75.3395
Mumbai,5,32.8,81.6,Ceiling Fan,1,14.7,2.2205
Satara,11,23.9,49.2,Washing Machine,5,0.5,0.1967
Satara,8,35.8,41.4,Iron,1,5.0,6.0921
Satara,6,32.6,81.2,Refrigerator,3,13.7,2.9843
Satara,11,42.0,19.8,Water Heater (Geyser),1,10.1,33.0161
Mumbai,10,29.8,79.6,Iron,5,0.5,0.5025
Satara,10,26.2,58.5,Water Heater (Geyser),1,0.9,2.6865
Satara,6,18.6,52.9,Iron,5,5.6,5.0514
Mumbai,11,27.3,62.3,Refrigerator,1,20.4,5.1492
Mumbai,2,28.7,51.8,LED TV,1,4.9,0.5218
Mumbai,9,19.2,16.4,Desktop Computer,4,8.6,1.8663
Mumbai,7,29.2,86.4,Iron,4,0.6,0.6451
Satara,11,22.1,64.1,Microwave Oven,4,1.3,1.5745
Mumbai,11,12.6,85.3,Room Heater,2,14.5,30.3485
Mumbai,8,40.5,57.6,Room Heater,2,9.7,26.4666
Satara,2,42.6,16.1,Water Heater (Geyser),3,22.6,61.3168
Satara,5,36.7,54.3,Washing Machine,4,1.8,0.9203
Satara,10,29.0,65.8,LED TV,3,6.2,0.5515
Mumbai,6,25.4,77.1,Air Conditioner,5,22.9,40.549
Satara,5,31.1,55.7,Air Conditioner,4,2.9,6.3881
Satara,1,10.1,61.0,Iron,3,7.6,7.7204
Mumbai,4,31.5,82.8,Ceiling Fan,3,7.3,0.7875
Satara,11,26.0,59.7,Room Heater,1,3.3,8.3095
Satara,3,22.2,41.5,Water Heater (Geyser),2,0.5,1.2787
Mumbai,8,30.0,85.1,Desktop Computer,1,10.0,3.7513
Mumbai,4,24.2,36.8,Room Heater,5,2.6,4.4345
Satara,10,27.2,65.5,LED TV,3,3.5,0.3116
Mumbai,3,16.2,86.6,Refrigerator,5,16.6,2.0494
Satara,2,27.9,52.2,Room Heater,2,5.1,12.0553
Satara,6,30.5,79.7,LED TV,1,5.8,0.6499
Satara,11,24.6,63.7,Air Conditioner,5,9.6,16.3081
Satara,12,19.2,44.1,LED TV,5,5.0,0.3366
Mumbai,11,28.7,63.0,Iron,5,1.0,0.9784
Satara,11,25.2,35.9,Refrigerator,5,23.0,2.9667
Mumbai,5,33.2,72.5,Iron,2,0.9,1.0837
Satara,10,27.2,56.3,Refrigerator,5,22.9,3.116
Mumbai,8,29.6,87.1,Washing Machine,1,1.0,0.7617
Satara,2,18.6,40.2,LED TV,4,5.4,0.3969
Satara,7,39.3,30.7,LED TV,3,19.8,1.7531
Satara,12,21.8,58.1,Water Heater (Geyser),4,2.3,4.8279
Mumbai,4,31.4,91.2,Water Heater (Geyser),4,19.1,47.9732
Mumbai,1,26.3,62.3,Water Heater (Geyser),1,1.6,4.6289
Satara,4,32.0,55.0,Washing Machine,1,0.6,0.4438
Satara,1,21.1,62.4,Room Heater,2,5.1,11.3864
Satara,10,29.1,55.0,Iron,4,1.4,1.4002
Mumbai,8,29.1,90.4,Ceiling Fan,5,6.9,0.4642
Mumbai,4,22.2,46.0,Water Heater (Geyser),3,15.1,34.9278
Mumbai,1,28.7,64.1,LED TV,5,7.2,0.5123
Mumbai,2,27.2,59.0,Room Heater,3,4.1,8.9325
Satara,12,26.0,82.7,Refrigerator,1,16.7,4.3022
Satara,5,24.9,46.5,Washing Machine,3,14.4,7.8283
Satara,7,44.8,64.0,Washing Machine,2,16.0,11.4939
Satara,9,24.0,82.6,Room Heater,2,1.9,4.4801
Satara,6,46.9,17.3,Microwave Oven,5,8.4,9.704
Mumbai,9,28.7,80.7,Desktop Computer,1,3.6,1.3134
Satara,7,43.6,85.1,Ceiling Fan,2,6.4,0.9647
Mumbai,11,30.2,66.3,Microwave Oven,4,1.3,1.6637
Mumbai,9,28.2,81.0,LED TV,2,3.0,0.3018
Satara,7,26.3,81.6,Desktop Computer,3,5.3,1.5389
Satara,11,25.3,57.7,Washing Machine,3,1.2,0.6592
Mumbai,10,27.3,87.3,Iron,1,1.1,1.4033
Mumbai,6,33.1,89.3,LED TV,4,6.4,0.5528
Mumbai,9,30.0,89.2,Microwave Oven,5,0.7,0.8322
Satara,12,42.4,47.3,Washing Machine,4,15.5,7.9416
Mumbai,7,36.4,73.0,Microwave Oven,4,23.8,31.9027
Mumbai,10,31.8,80.1,Desktop Computer,3,4.9,1.4433
Satara,7,24.9,83.1,Refrigerator,4,22.3,3.747
Mumbai,12,26.7,67.9,Refrigerator,1,20.4,5.2232
Mumbai,6,27.8,88.6,Ceiling Fan,1,7.3,1.022
Satara,7,26.4,85.3,Microwave Oven,4,0.5,0.6272
Mumbai,1,27.1,75.5,Washing Machine,4,8.7,4.3848
Mumbai,9,28.6,85.0,Air Conditioner,2,2.5,7.1055
Satara,12,32.2,70.0,Washing Machine,3,11.5,6.8168
Mumbai,6,32.5,86.7,Iron,3,0.8,0.9104
Satara,5,22.1,54.1,Washing Machine,3,19.1,10.3273
Satara,10,26.0,53.2,Water Heater (Geyser),5,2.5,4.8925
Satara,8,23.7,89.9,Air Conditioner,5,11.2,19.5671
Satara,12,15.4,48.9,Microwave Oven,4,8.7,9.902
Mumbai,11,29.7,62.8,Iron,3,0.9,0.9851
Mumbai,2,30.6,75.3,Desktop Computer,5,6.5,1.4514
Satara,7,36.9,68.9,Desktop Computer,3,14.3,4.4036
Satara,8,23.4,74.9,Air Conditioner,2,4.6,11.5416
Mumbai,11,27.4,67.0,Refrigerator,5,20.3,2.8025
Satara,6,11.4,53.2,LED TV,4,11.1,0.8056
Satara,1,20.3,39.0,Refrigerator,1,20.4,4.5272
Satara,1,37.5,27.4,Iron,3,10.9,11.5583
Satara,6,34.1,27.1,Iron,2,23.1,26.1268
Satara,5,21.7,79.9,Water Heater (Geyser),4,18.4,40.564
Mumbai,8,27.9,89.7,Refrigerator,1,24.0,6.5241
Satara,12,21.8,47.9,Iron,2,0.7,0.7836
Mumbai,7,27.9,84.5,Microwave Oven,2,1.1,1.6566
Satara,3,24.0,48.4,Room Heater,5,1.5,2.6297
Satara,10,23.7,75.5,Ceiling Fan,5,13.6,0.8216
Mumbai,12,25.5,61.4,Ceiling Fan,3,11.7,1.0912
Mumbai,5,32.2,42.9,Desktop Computer,2,20.3,6.3653
Satara,4,22.9,37.9,Water Heater (Geyser),1,8.9,24.351
Mumbai,12,14.5,88.2,Water Heater (Geyser),4,1.9,3.8523
Mumbai,10,30.4,73.1,Air Conditioner,1,5.6,17.6335
Satara,9,21.5,74.4,Ceiling Fan,4,4.8,0.366
Mumbai,8,28.3,89.9,Iron,4,0.5,0.5351
Satara,5,32.0,50.5,Water Heater (Geyser),5,2.9,5.9567
Mumbai,1,23.0,60.6,Ceiling Fan,5,10.5,0.6181
Satara,5,32.9,37.6,Washing Machine,2,0.6,0.3817
Satara,2,21.6,37.4,Desktop Computer,1,9.6,3.1504
Satara,6,38.9,91.8,Microwave Oven,2,3.1,5.006
Mumbai,5,29.3,77.0,Water Heater (Geyser),5,0.6,1.2347
Satara,5,32.1,62.0,Water Heater (Geyser),4,2.1,4.9988
Mumbai,5,29.7,74.3,Water Heater (Geyser),1,2.8,8.8061
Satara,3,41.3,28.0,LED TV,3,16.4,1.4503
Mumbai,8,28.4,89.6,Ceiling Fan,2,6.2,0.7612
Mumbai,11,45.5,33.8,Microwave Oven,1,16.7,27.4717
Mumbai,4,28.9,65.5,Washing Machine,4,0.8,0.4007
Satara,5,29.8,43.6,Room Heater,5,4.5,8.2434
Satara,7,28.5,84.4,Iron,5,0.8,0.8004
Mumbai,1,26.3,64.0,Ceiling Fan,2,8.1,0.9231
Satara,12,18.9,30.3,Desktop Computer,5,2.0,0.3919
Satara,1,21.9,42.9,Ceiling Fan,3,11.5,0.9993
Satara,5,31.1,52.1,LED TV,4,6.7,0.5334
Satara,11,44.2,25.5,Microwave Oven,2,7.4,11.1124
Satara,8,26.1,77.2,Iron,1,0.3,0.3755
Mumbai,1,26.0,52.6,Iron,5,0.3,0.284
Satara,3,11.9,85.1,Refrigerator,4,14.6,2.0146
Satara,2,24.7,30.5,Refrigerator,1,21.1,5.0617
Satara,1,26.6,44.7,Microwave Oven,3,0.4,0.5133
Mumbai,10,31.8,70.5,Washing Machine,4,1.5,0.7507
Mumbai,2,28.6,52.2,Washing Machine,3,0.5,0.281
Satara,4,27.1,37.0,Refrigerator,4,23.7,3.8477
Mumbai,9,40.6,26.6,Microwave Oven,4,11.8,14.8265
Satara,10,23.7,66.9,Ceiling Fan,1,16.3,2.077
Satara,5,24.8,82.3,Washing Machine,4,1.4,0.7035
Mumbai,12,31.1,28.9,Washing Machine,3,20.6,11.3726
Mumbai,7,19.9,63.9,Refrigerator,4,1.5,0.2292
Satara,7,44.7,87.7,Washing Machine,1,0.9,0.7352
Satara,7,26.2,79.8,Washing Machine,4,0.8,0.3938
Mumbai,1,25.1,58.0,Iron,4,1.3,1.2982
Mumbai,10,32.1,80.7,Air Conditioner,5,10.1,20.7731
Mumbai,2,27.8,64.6,Refrigerator,5,10.2,1.3951
Satara,10,38.6,38.8,Microwave Oven,5,3.3,3.844
Satara,5,33.9,59.2,Iron,4,0.5,0.526
Satara,6,29.4,67.9,Microwave Oven,2,0.6,0.8983
Mumbai,11,33.0,70.7,LED TV,2,2.4,0.2485
Satara,10,24.8,60.7,Iron,2,1.4,1.5801
Mumbai,4,32.1,80.3,Ceiling Fan,5,15.4,1.0623
Mumbai,10,33.6,69.1,Refrigerator,5,23.0,3.5368
Satara,4,28.3,53.6,Air Conditioner,4,16.6,35.2696
Satara,8,27.1,83.4,Iron,4,0.6,0.6266
Satara,2,23.4,45.2,Room Heater,2,5.7,12.7594
Mumbai,6,30.1,79.1,Washing Machine,1,1.4,1.0561
Satara,7,27.3,86.8,Microwave Oven,1,0.5,0.8072
Mumbai,4,30.4,70.4,Washing Machine,1,1.7,1.2862
Satara,10,38.4,36.7,Washing Machine,3,9.7,5.6131
Mumbai,11,27.7,59.9,Desktop Computer,1,9.2,3.2098
Satara,11,38.0,68.8,Room Heater,4,3.7,8.387
Mumbai,6,30.4,87.3,Water Heater (Geyser),3,2.9,7.777
Mumbai,6,33.5,83.8,Desktop Computer,5,8.9,2.0437
Satara,2,23.7,43.6,Iron,2,1.2,1.3486
Satara,2,31.1,86.9,Refrigerator,1,7.4,2.0353
Satara,5,32.3,40.2,Desktop Computer,4,8.8,2.1731
Satara,1,21.3,52.1,Washing Machine,2,1.2,0.7414
Mumbai,6,21.3,52.5,Air Conditioner,2,1.0,2.2752
Mumbai,1,26.1,61.8,Refrigerator,4,22.0,3.5776
Satara,4,28.5,36.6,Refrigerator,5,22.7,3.0784
Mumbai,5,32.2,69.1,Room Heater,1,1.5,4.0534
Mumbai,6,28.0,85.0,LED TV,3,7.0,0.6463
Satara,8,24.9,79.7,Room Heater,4,2.9,5.9982
Satara,8,23.9,83.8,Room Heater,2,4.7,11.0252
Satara,9,32.2,65.8,Iron,5,6.8,6.6889
Mumbai,6,36.2,91.8,Refrigerator,5,15.6,2.535
Satara,11,23.2,31.0,Microwave Oven,3,0.5,0.6173
Satara,8,24.4,78.7,Washing Machine,2,17.1,11.1881
Mumbai,3,23.9,71.3,Air Conditioner,3,11.6,26.1814
Mumbai,1,25.7,60.9,Ceiling Fan,4,15.8,1.2299
Satara,2,46.9,86.0,Iron,3,6.0,7.1726
Mumbai,3,27.8,73.3,Washing Machine,4,1.9,0.962
Satara,3,25.5,41.3,Air Conditioner,3,7.5,16.3394
Satara,1,41.1,38.3,Washing Machine,5,18.5,7.9217
Satara,6,29.8,65.9,Air Conditioner,3,6.8,16.9898
Mumbai,6,30.8,80.7,Microwave Oven,1,1.4,2.3272
Mumbai,9,20.0,56.7,Desktop Computer,1,23.2,7.7967
Satara,4,27.5,38.9,Air Conditioner,3,2.3,5.2931
Mumbai,3,29.4,53.0,Washing Machine,1,1.4,0.9966
Satara,1,37.3,38.1,Ceiling Fan,3,9.6,1.0519
Mumbai,10,30.6,72.4,Washing Machine,2,0.8,0.5444
Satara,11,23.6,47.2,Desktop Computer,2,6.3,1.9116
Satara,4,33.3,49.8,Refrigerator,1,23.6,6.4037
Satara,6,25.4,71.5,Room Heater,3,1.9,4.1912
Mumbai,2,26.7,73.7,Refrigerator,2,20.1,4.5476
Satara,7,15.1,44.5,Water Heater (Geyser),1,13.1,33.6509
Mumbai,12,15.2,34.1,Desktop Computer,4,20.9,4.622
Mumbai,11,27.8,72.5,Desktop Computer,4,6.7,1.7115
Mumbai,12,31.9,67.4,Microwave Oven,2,1.1,1.6809
Satara,1,20.6,45.8,Water Heater (Geyser),5,2.7,4.9652
Mumbai,8,16.0,94.9,Desktop Computer,3,7.4,2.064
Satara,1,24.6,51.9,LED TV,5,3.0,0.2045
Satara,5,36.9,48.8,Iron,1,1.2,1.4846
Satara,7,23.3,79.1,Iron,1,0.6,0.7391
Satara,10,26.4,48.0,Refrigerator,4,21.0,3.3943
Satara,6,27.6,79.4,Room Heater,1,3.6,9.3224
Satara,8,25.5,83.8,Refrigerator,2,21.3,4.7926
Mumbai,8,26.0,85.1,Ceiling Fan,1,7.5,1.0287
Satara,10,27.6,71.9,LED TV,4,7.4,0.6005
Satara,8,26.2,76.8,Desktop Computer,2,3.3,1.0634
Mumbai,5,31.2,68.5,Room Heater,4,2.8,5.8481
Mumbai,8,27.4,89.8,Air Conditioner,2,10.0,27.9267
Mumbai,5,32.3,84.1,LED TV,4,4.6,0.3858
Mumbai,1,26.2,65.1,LED TV,5,6.0,0.4227
Satara,7,26.9,92.5,Water Heater (Geyser),1,2.4,7.6346
Satara,5,33.8,51.6,LED TV,5,5.3,0.381
Mumbai,11,31.5,53.9,Refrigerator,1,20.0,5.4306
Mumbai,2,21.8,93.0,Room Heater,1,10.2,26.4386
Satara,4,27.6,46.5,Water Heater (Geyser),2,1.6,4.2232
Mumbai,12,29.3,52.3,Washing Machine,2,1.4,0.8976
Satara,9,28.2,76.4,Water Heater (Geyser),4,1.7,4.0323
Mumbai,6,31.3,82.9,LED TV,2,7.3,0.7525
Satara,5,31.2,50.2,Microwave Oven,1,0.9,1.4239
Satara,2,30.2,38.1,Refrigerator,5,16.0,2.2198
Mumbai,1,24.8,62.8,Washing Machine,5,1.7,0.6851
Mumbai,5,35.3,60.3,Refrigerator,2,24.0,6.0321
Satara,8,26.3,86.5,Air Conditioner,5,10.5,19.2927
Satara,5,31.8,39.9,Water Heater (Geyser),3,1.8,4.6054
Satara,9,26.6,78.9,Iron,5,0.6,0.5857
Mumbai,2,17.7,45.9,Ceiling Fan,5,1.7,0.0885
Satara,11,24.6,55.5,Washing Machine,5,1.0,0.4005
Mumbai,11,24.5,62.2,Ceiling Fan,1,6.5,0.8353
Mumbai,11,28.6,61.6,Iron,2,0.7,0.8057
Satara,3,32.6,71.0,Washing Machine,1,9.1,6.9198
Mumbai,4,32.1,82.1,Ceiling Fan,4,5.8,0.5104
Satara,4,26.8,53.5,Refrigerator,1,23.7,5.8731
Mumbai,1,25.7,62.6,Ceiling Fan,3,15.1,1.4818
Mumbai,12,26.7,67.4,Microwave Oven,3,0.3,0.4094
Mumbai,6,29.8,78.7,Iron,4,1.1,1.2194
Mumbai,11,29.9,69.4,Refrigerator,2,23.3,5.5908
Mumbai,7,29.5,89.4,Refrigerator,3,23.8,4.8993
Satara,10,14.0,17.8,Washing Machine,1,18.9,11.6433
Satara,3,25.8,32.3,Water Heater (Geyser),5,1.1,2.0887
Mumbai,7,25.8,45.1,Water Heater (Geyser),3,8.7,20.6907
Satara,3,26.6,37.0,Ceiling Fan,4,15.1,1.1293
Satara,5,32.0,68.6,Air Conditioner,1,6.7,21.6682
Mumbai,5,29.9,17.6,Ceiling Fan,4,11.5,0.8929
Satara,8,25.9,73.7,Washing Machine,5,1.8,0.7502
Mumbai,10,30.1,72.6,Iron,3,1.0,1.1337
Satara,7,28.4,78.5,Water Heater (Geyser),1,2.8,8.6074
Mumbai,1,22.2,58.7,Ceiling Fan,4,15.4,1.1442
Mumbai,9,35.6,66.7,Microwave Oven,1,15.0,24.7767
Satara,3,30.0,45.2,Microwave Oven,4,0.4,0.4813
Satara,2,22.7,31.7,Desktop Computer,2,2.9,0.8548
Mumbai,11,30.2,65.7,Room Heater,3,2.9,6.4978
Satara,5,33.1,38.4,Desktop Computer,1,9.3,3.2542
Satara,12,35.2,84.5,Refrigerator,2,11.4,2.963
Satara,12,24.9,64.2,Desktop Computer,1,5.3,1.8703
Mumbai,6,28.9,82.0,Refrigerator,1,23.2,6.2227
Satara,4,26.9,47.3,Room Heater,3,3.5,7.5262
Mumbai,1,23.9,74.6,Refrigerator,2,21.2,4.7357
Satara,9,30.6,41.1,Refrigerator,1,14.4,3.7784
Satara,8,32.0,17.5,Refrigerator,1,21.5,5.5096
Satara,12,20.8,42.0,Desktop Computer,4,4.1,0.9466
Mumbai,3,39.5,59.2,Microwave Oven,1,16.0,26.5432
Satara,6,26.5,69.2,Water Heater (Geyser),5,1.0,2.0077
Satara,6,29.2,77.9,Washing Machine,1,0.9,0.6758
Satara,11,22.8,62.5,Room Heater,3,3.2,6.6976
Mumbai,8,29.5,87.2,LED TV,5,3.9,0.2891
Mumbai,5,34.4,78.7,Iron,2,1.4,1.7099
Mumbai,2,24.8,49.4,LED TV,3,2.4,0.2036
Mumbai,5,29.4,66.0,Air Conditioner,5,6.9,12.9098
Mumbai,2,11.6,40.8,Washing Machine,5,13.7,4.9393
Mumbai,11,47.3,58.2,Room Heater,1,5.0,15.1141
Satara,1,18.3,45.1,Water Heater (Geyser),2,2.2,5.2899
Satara,6,27.9,75.1,Desktop Computer,3,9.7,2.8074
Mumbai,8,29.1,85.7,Ceiling Fan,5,14.0,0.9251
Mumbai,1,25.7,65.0,Desktop Computer,5,7.4,1.5847
Satara,8,35.5,47.8,Water Heater (Geyser),3,1.0,2.6565
Satara,11,24.3,56.0,LED TV,2,5.6,0.5333
Mumbai,7,29.7,91.5,Water Heater (Geyser),1,2.5,8.1285
Mumbai,10,12.8,55.6,LED TV,2,21.3,1.9187
Mumbai,4,30.8,72.0,Microwave Oven,3,1.1,1.514
Mumbai,10,26.8,69.4,Washing Machine,5,0.9,0.3703
Mumbai,6,31.5,83.2,Refrigerator,5,23.1,3.4706
Mumbai,4,30.5,71.6,Washing Machine,2,0.8,0.5366
Mumbai,6,31.1,81.7,Desktop Computer,2,8.8,2.988
Mumbai,6,32.4,83.5,Room Heater,5,2.0,4.0708
Mumbai,9,28.9,89.8,Air Conditioner,3,4.3,10.8881
Mumbai,11,29.4,61.7,Iron,4,1.0,1.0326
Satara,12,22.8,53.2,Water Heater (Geyser),4,2.5,5.2497
Satara,5,29.1,40.5,Air Conditioner,3,8.8,20.8297
Satara,4,27.6,51.8,Water Heater (Geyser),4,0.8,1.8046
Mumbai,9,31.4,83.1,Iron,4,1.2,1.2826
Mumbai,6,30.1,82.4,Refrigerator,1,20.4,5.6211
Satara,12,25.3,39.4,Ceiling Fan,1,12.7,1.5989
Satara,2,19.8,61.4,Microwave Oven,2,1.5,2.0844
Mumbai,1,17.4,86.2,Iron,4,18.1,18.8151
Mumbai,1,25.5,63.3,Iron,5,0.8,0.7599
Mumbai,2,45.8,38.9,LED TV,5,18.7,1.3718
Satara,9,45.8,15.1,Refrigerator,4,0.5,0.0988
Mumbai,8,27.9,83.2,Room Heater,3,4.1,9.4341
Mumbai,2,33.0,83.0,Ceiling Fan,1,1.6,0.2382
Mumbai,4,32.4,75.7,Desktop Computer,2,8.3,2.7894
Mumbai,3,25.4,68.6,Air Conditioner,2,11.1,28.0269
Satara,6,15.1,75.5,Air Conditioner,2,3.2,6.578
Mumbai,2,26.4,79.4,Microwave Oven,2,1.4,2.0743
Mumbai,4,26.6,83.5,Iron,5,4.4,4.3611
Mumbai,5,32.4,79.4,Desktop Computer,4,5.8,1.5265
Mumbai,8,29.5,20.6,Water Heater (Geyser),1,5.8,16.68
Satara,2,25.4,27.3,Ceiling Fan,5,11.2,0.6452
Satara,9,24.1,79.0,Washing Machine,1,1.3,0.9618
Mumbai,5,37.1,75.3,Microwave Oven,2,1.4,2.1795
Satara,4,25.4,33.6,Ceiling Fan,2,8.1,0.8754
Mumbai,11,40.7,93.1,Water Heater (Geyser),4,2.3,6.2621
Mumbai,9,29.3,80.3,Microwave Oven,3,1.5,2.1353
Mumbai,6,29.7,87.4,LED TV,4,2.3,0.191
Mumbai,4,28.1,68.9,Refrigerator,3,21.6,4.3375
Mumbai,3,28.9,28.5,Microwave Oven,2,3.5,4.9771
Satara,6,27.6,78.3,Ceiling Fan,4,4.5,0.3746
Mumbai,4,30.9,64.6,Air Conditioner,3,8.8,22.4403
Mumbai,3,26.3,47.0,Room Heater,3,5.3,11.2113
Mumbai,4,28.3,75.2,Ceiling Fan,3,9.4,0.964
Satara,12,18.8,55.3,LED TV,4,3.6,0.2713
Mumbai,4,29.6,65.4,Refrigerator,1,23.6,6.3925
Satara,6,18.2,48.7,Refrigerator,4,8.4,1.2236
Satara,12,19.2,33.9,Ceiling Fan,3,8.4,0.6781
Mumbai,3,31.6,52.8,Room Heater,4,2.5,5.2685
Mumbai,8,28.4,84.1,Desktop Computer,1,7.5,2.7799
Mumbai,7,30.7,82.8,Air Conditioner,2,2.4,6.9655
Mumbai,11,32.9,71.6,Air Conditioner,5,9.3,18.9649
Satara,6,28.8,82.8,Water Heater (Geyser),4,0.9,2.1118
Mumbai,11,29.0,73.1,Air Conditioner,4,5.1,11.2239
Mumbai,5,33.8,76.7,Room Heater,5,1.5,2.9752
Satara,11,25.6,58.8,Ceiling Fan,4,9.0,0.7093
Mumbai,11,30.1,72.6,Iron,4,1.2,1.2585
Satara,11,16.4,21.0,Iron,1,20.3,22.2673
Mumbai,12,28.8,45.7,LED TV,5,2.1,0.148
Mumbai,11,29.6,73.3,Ceiling Fan,2,14.6,1.7884
Mumbai,11,13.6,40.6,LED TV,2,1.2,0.1043
Mumbai,3,27.6,63.8,Ceiling Fan,4,7.9,0.6276
Mumbai,9,28.9,87.9,Air Conditioner,2,5.0,13.9391
Mumbai,5,32.7,73.7,Desktop Computer,3,9.3,2.772
Mumbai,9,29.1,89.5,Ceiling Fan,4,16.0,1.3834
Mumbai,2,24.0,55.7,Microwave Oven,1,0.7,1.068
Mumbai,6,29.5,87.9,Iron,2,1.3,1.5813
Satara,5,28.8,55.9,Refrigerator,4,21.8,3.6856
Satara,7,21.5,65.5,Water Heater (Geyser),5,19.2,36.6326
Satara,9,27.6,76.1,Water Heater (Geyser),2,2.6,7.2221
Satara,9,24.2,77.5,LED TV,3,3.4,0.3045
Mumbai,3,20.3,83.4,Microwave Oven,2,1.2,1.7363
Satara,10,27.9,54.5,Refrigerator,5,20.9,2.8593
Mumbai,4,19.2,76.9,Water Heater (Geyser),3,12.9,30.3371
Satara,5,28.7,57.7,Iron,2,0.6,0.7008
Mumbai,5,26.4,81.3,Ceiling Fan,1,11.6,1.5702
Mumbai,4,39.5,44.7,Room Heater,2,1.4,3.6739
Mumbai,1,25.8,61.9,Microwave Oven,2,1.1,1.5843
Mumbai,10,32.6,61.6,Desktop Computer,4,19.3,5.0039
Mumbai,11,29.7,60.4,Water Heater (Geyser),4,1.7,3.931
Satara,8,25.6,87.6,Washing Machine,3,1.6,0.9604
Satara,3,27.7,42.0,Refrigerator,3,22.3,4.2496
Mumbai,5,12.6,27.3,Refrigerator,5,18.5,1.939
Satara,4,34.1,37.2,Room Heater,2,5.0,12.4002
Mumbai,4,11.0,80.9,Desktop Computer,3,5.2,1.3956
Mumbai,1,29.1,72.5,Refrigerator,4,23.5,4.1187
Satara,3,26.9,19.8,Room Heater,4,5.7,10.7956
Satara,3,27.2,61.8,Room Heater,1,5.7,14.7196
Mumbai,2,34.3,21.5,Room Heater,2,10.7,25.5814
Mumbai,9,28.6,95.4,Microwave Oven,5,1.1,1.3131
Satara,1,24.7,45.8,Ceiling Fan,3,10.6,0.967
Mumbai,9,17.9,26.6,Ceiling Fan,3,20.0,1.5796
Satara,8,24.1,89.2,Refrigerator,1,20.3,5.1352
Mumbai,4,29.3,67.6,Room Heater,2,4.9,11.8303
Mumbai,3,42.7,20.6,Water Heater (Geyser),3,16.4,44.2153
Mumbai,6,31.4,79.2,Iron,5,1.1,1.113
Satara,8,23.8,86.3,Iron,1,1.3,1.6124
Satara,1,22.1,57.5,Desktop Computer,1,9.9,3.3657
Mumbai,6,30.8,79.6,Ceiling Fan,5,10.2,0.6981
Satara,6,30.5,71.1,Refrigerator,1,14.2,3.8571
Mumbai,5,28.3,74.7,Room Heater,1,4.7,12.4335
Satara,6,21.2,84.7,Water Heater (Geyser),1,10.0,28.7228
Satara,9,27.9,87.9,Refrigerator,1,21.4,5.7172
Mumbai,9,28.8,88.7,LED TV,5,2.4,0.1778
Satara,11,27.3,61.0,Room Heater,4,1.0,2.0393
Mumbai,8,33.6,58.1,Room Heater,5,4.5,8.852
Satara,12,21.9,44.2,Room Heater,2,3.9,8.5367
Satara,9,23.4,80.9,Refrigerator,2,21.0,4.7134
Satara,11,25.1,53.0,Iron,4,1.2,1.1904
Mumbai,8,30.3,88.3,Refrigerator,1,20.3,5.6687
Mumbai,5,29.2,54.9,LED TV,5,7.3,0.5108
Mumbai,6,39.7,71.6,Ceiling Fan,1,4.8,0.7716
Satara,1,20.5,44.8,LED TV,2,2.9,0.2641
Mumbai,4,33.9,93.1,Air Conditioner,2,8.3,26.2345
Satara,12,20.5,56.1,Washing Machine,2,1.3,0.8169
Satara,1,21.6,49.7,Room Heater,1,2.2,5.174
Mumbai,12,25.8,71.7,Water Heater (Geyser),1,1.5,4.5725
Mumbai,12,18.5,89.3,Ceiling Fan,4,13.9,0.998
Satara,11,25.3,52.3,LED TV,2,3.5,0.3286
Satara,3,26.1,40.7,LED TV,2,5.7,0.5292
Satara,7,25.5,83.8,Refrigerator,3,22.6,4.4616
Satara,6,45.0,26.0,Room Heater,4,5.5,12.4681
Mumbai,4,29.7,70.7,Iron,4,1.2,1.2723
Satara,4,27.6,42.4,Washing Machine,4,20.6,9.6412
Mumbai,2,18.7,52.5,Air Conditioner,2,6.8,14.5204
Satara,1,12.1,62.5,LED TV,2,7.1,0.6463
Satara,7,25.5,83.9,Air Conditioner,1,2.2,6.4459
Satara,10,44.3,63.9,Microwave Oven,4,20.8,28.2052
Satara,8,47.5,62.9,LED TV,4,5.8,0.4935
Satara,6,31.5,73.7,LED TV,5,3.0,0.224
Mumbai,9,33.9,32.9,Iron,1,9.6,11.5074
Mumbai,6,28.3,80.3,Water Heater (Geyser),2,2.6,7.6325
Satara,1,22.8,46.2,Iron,4,0.3,0.2973
Mumbai,12,23.8,64.9,Desktop Computer,2,4.9,1.5467
Satara,10,11.1,63.4,Room Heater,3,5.4,9.9156
Satara,2,10.0,20.9,Air Conditioner,5,22.2,24.3224
Mumbai,10,18.3,75.7,Microwave Oven,1,18.2,27.6987
Satara,4,43.6,43.2,Ceiling Fan,5,1.0,0.0764
Satara,10,26.2,74.5,Ceiling Fan,3,12.6,1.2375
Satara,1,19.7,58.6,Microwave Oven,1,0.9,1.3754
Mumbai,5,29.1,82.7,Desktop Computer,4,6.9,1.8
Mumbai,8,27.6,88.0,Water Heater (Geyser),2,2.5,7.2827
Satara,1,31.8,46.5,Desktop Computer,4,11.9,3.0245
Satara,4,25.6,86.9,Room Heater,5,22.9,43.1206
Satara,6,24.4,41.3,Refrigerator,2,21.0,4.4243
Satara,10,24.1,65.2,Water Heater (Geyser),1,2.3,6.7299
Satara,1,26.0,53.6,Room Heater,5,1.7,3.0715
Mumbai,10,20.9,63.2,Room Heater,3,23.4,49.1078
Mumbai,1,26.2,80.4,Air Conditioner,2,20.7,55.1782
Mumbai,8,28.8,88.5,Refrigerator,2,20.7,4.9403
Mumbai,8,25.3,31.0,Iron,1,21.1,24.4527
Mumbai,1,23.5,75.6,Air Conditioner,5,0.8,1.3692
Satara,12,20.8,60.8,Microwave Oven,3,0.9,1.1791
Mumbai,2,24.9,65.4,Microwave Oven,4,1.3,1.592
Satara,1,38.9,36.0,Water Heater (Geyser),2,16.3,48.1152
Satara,3,27.0,56.9,Washing Machine,4,2.5,1.206
Satara,2,38.3,76.9,Iron,4,21.8,23.5648
Satara,1,20.3,43.8,Air Conditioner,5,4.4,6.6321
Mumbai,7,30.3,84.8,LED TV,2,5.9,0.6069
Mumbai,6,33.7,81.1,Desktop Computer,5,2.1,0.4859
Mumbai,3,27.5,54.4,Desktop Computer,3,4.8,1.3348
Mumbai,1,28.2,56.0,Ceiling Fan,4,15.0,1.2182
Mumbai,7,29.7,88.7,LED TV,5,3.1,0.2329
Mumbai,11,28.6,68.6,Ceiling Fan,4,9.5,0.792
Mumbai,1,26.5,75.6,Ceiling Fan,2,14.7,1.7079
Satara,5,32.3,54.0,LED TV,2,6.3,0.6206
Satara,9,24.5,80.3,Desktop Computer,1,7.9,2.8089
Mumbai,10,31.7,77.1,Refrigerator,1,20.1,5.5997
Mumbai,10,32.0,85.3,Refrigerator,5,23.0,3.4922
Mumbai,10,13.6,67.2,LED TV,5,9.6,0.6563
Satara,4,29.6,50.4,Iron,1,1.1,1.3473
Mumbai,7,30.3,87.5,Water Heater (Geyser),3,1.1,2.9657
Mumbai,9,28.9,88.5,Refrigerator,2,13.6,3.3019
Mumbai,9,43.6,75.2,Desktop Computer,1,9.4,3.6799
Satara,6,26.5,73.4,Air Conditioner,3,7.1,16.613
Satara,9,26.5,75.3,Water Heater (Geyser),5,1.7,3.5296
Mumbai,1,32.7,84.3,Iron,1,22.7,29.7044
Satara,3,27.6,55.6,Water Heater (Geyser),2,1.3,3.5847
Mumbai,8,29.8,87.6,Washing Machine,4,0.9,0.4659
Satara,3,22.3,68.7,Water Heater (Geyser),1,0.5,1.4435
Satara,10,27.0,66.4,Washing Machine,4,0.9,0.4441
Mumbai,10,29.3,81.8,Iron,4,0.9,0.9369
Mumbai,8,28.7,83.7,LED TV,2,6.0,0.6111
Mumbai,6,33.3,82.2,Water Heater (Geyser),2,0.9,2.6839
Satara,6,29.8,85.0,Microwave Oven,3,1.4,1.9702
Mumbai,4,32.1,65.8,Microwave Oven,1,0.4,0.6452
Mumbai,2,24.3,59.5,Iron,5,1.5,1.4327
Mumbai,1,25.1,59.3,Microwave Oven,4,1.3,1.6116
Satara,1,25.5,74.8,Desktop Computer,3,0.6,0.1727
Mumbai,3,27.8,60.8,Iron,3,0.3,0.3267
Mumbai,5,35.6,48.9,Washing Machine,5,12.5,5.2725
Satara,11,28.1,63.3,Refrigerator,3,21.1,4.2967
Satara,5,29.2,42.0,Ceiling Fan,2,5.3,0.6168
Mumbai,2,27.4,52.4,Iron,5,1.3,1.2384
Satara,3,28.7,72.4,Air Conditioner,4,1.1,2.3675
Mumbai,10,10.1,60.6,Iron,5,9.6,8.6031
Mumbai,8,29.4,86.7,Desktop Computer,3,2.9,0.8594
Mumbai,6,40.9,61.4,Iron,3,6.0,6.9086
Satara,2,23.8,40.8,Microwave Oven,3,0.4,0.5118
Satara,7,26.0,90.8,Refrigerator,3,21.6,4.3729
Mumbai,10,29.5,70.6,Water Heater (Geyser),2,1.5,4.3594
Mumbai,3,28.7,62.9,Water Heater (Geyser),5,1.3,2.6796
Mumbai,9,31.9,44.8,LED TV,3,3.8,0.3305
Mumbai,6,28.3,87.9,Air Conditioner,4,11.2,25.2066
Satara,10,25.9,60.0,Desktop Computer,5,13.4,2.8192
Mumbai,4,28.6,71.3,Desktop Computer,1,3.6,1.3229
Satara,8,25.5,82.2,Desktop Computer,5,7.8,1.7476
Satara,11,37.4,48.8,Microwave Oven,4,4.3,5.5837
Satara,1,26.5,54.2,Air Conditioner,4,6.6,13.2928
Satara,4,43.6,41.5,Ceiling Fan,2,13.3,1.874
Mumbai,3,36.1,25.3,LED TV,1,10.5,1.1062
Mumbai,4,29.4,57.0,Refrigerator,2,20.4,4.6721
Mumbai,7,30.1,38.3,LED TV,3,23.4,2.0573
Satara,3,24.8,37.9,Ceiling Fan,1,15.8,1.9452
Mumbai,9,30.9,89.3,LED TV,2,7.5,0.7719
Mumbai,9,28.7,82.4,Water Heater (Geyser),4,2.8,6.7556
Mumbai,5,25.9,61.6,Washing Machine,4,4.0,1.9526
Mumbai,1,24.6,63.2,LED TV,3,3.8,0.3335
Mumbai,4,32.4,61.4,Desktop Computer,1,8.4,3.0285
Satara,6,29.2,81.8,Room Heater,3,1.6,3.685
Mumbai,7,30.0,87.2,Desktop Computer,1,5.4,2.0104
Mumbai,4,30.2,73.3,Air Conditioner,4,6.9,15.2169
Mumbai,5,20.0,87.2,Water Heater (Geyser),5,7.2,13.8986
Mumbai,3,29.7,58.6,Microwave Oven,2,1.5,2.232
Mumbai,9,27.3,88.2,Microwave Oven,1,0.7,1.1635
Mumbai,11,28.8,66.3,Water Heater (Geyser),2,1.7,4.8337
Satara,6,25.7,67.0,Iron,3,1.4,1.5233
Satara,7,21.8,76.2,Ceiling Fan,3,5.5,0.5087
Mumbai,2,25.5,56.8,LED TV,4,3.9,0.3047
Satara,7,24.2,83.1,Iron,5,1.4,1.3581
Mumbai,8,28.7,88.2,LED TV,2,6.7,0.6872
Mumbai,4,30.6,66.4,LED TV,2,6.3,0.6281
Mumbai,2,29.0,70.3,Air Conditioner,1,16.9,51.3002
Mumbai,1,29.9,58.8,LED TV,2,6.9,0.6816
Satara,8,23.2,88.1,Desktop Computer,5,8.5,1.8613
Satara,9,26.4,71.1,Air Conditioner,1,4.0,11.7073
Satara,3,26.1,30.0,Microwave Oven,2,1.5,2.0518
Mumbai,4,30.3,72.0,Desktop Computer,2,4.9,1.6492
Satara,3,26.6,33.2,Water Heater (Geyser),2,1.6,4.1309
Satara,12,22.7,39.1,Refrigerator,1,20.5,4.7635
Satara,12,27.1,40.5,LED TV,5,5.0,0.3442
Satara,3,27.1,50.5,Microwave Oven,2,0.9,1.2749
Mumbai,3,29.2,75.4,Ceiling Fan,1,7.1,0.997
Satara,7,25.2,83.3,Desktop Computer,2,4.6,1.5017
Mumbai,11,30.1,57.3,Room Heater,2,4.5,11.0441
Satara,9,27.9,83.6,Room Heater,3,5.3,12.306
Mumbai,12,25.8,52.0,Water Heater (Geyser),1,1.9,5.5165
Mumbai,1,25.1,59.4,LED TV,1,5.2,0.5506
Satara,8,25.8,49.0,Air Conditioner,4,24.0,47.0999
Mumbai,12,47.6,53.4,LED TV,3,15.2,1.4792
Satara,10,26.0,63.6,Iron,1,0.4,0.4889
Mumbai,8,29.8,81.4,Refrigerator,1,23.5,6.3805
Mumbai,8,28.9,87.9,Washing Machine,3,1.9,1.1356
Mumbai,10,30.2,80.7,Air Conditioner,4,10.3,23.4685
Satara,6,28.3,73.2,Desktop Computer,5,7.3,1.6302
Mumbai,4,13.5,69.9,Iron,5,10.6,9.6435
Satara,10,26.7,69.8,Refrigerator,2,21.1,4.8184
Mumbai,11,28.2,70.1,Ceiling Fan,5,12.3,0.7853
Mumbai,8,22.3,23.3,Room Heater,2,19.7,42.0072
Satara,9,24.4,16.0,Desktop Computer,4,9.1,2.0969
Mumbai,7,30.3,87.8,Iron,1,0.8,1.0321
Mumbai,10,42.4,81.7,Refrigerator,5,9.6,1.6368
Satara,3,28.0,36.8,Microwave Oven,1,1.2,1.7872
Mumbai,1,11.4,73.9,Washing Machine,1,16.1,10.8897
Satara,2,24.2,50.1,LED TV,4,4.0,0.3043
Mumbai,6,43.5,75.0,Washing Machine,5,18.3,8.4081
Mumbai,4,47.7,67.4,Room Heater,5,13.2,29.2116
Satara,10,26.9,67.7,Microwave Oven,2,1.0,1.4781
Mumbai,7,11.6,23.1,Washing Machine,5,2.6,0.892
Satara,8,11.7,81.0,Air Conditioner,4,13.5,19.6143
Mumbai,7,28.9,88.7,Ceiling Fan,1,12.0,1.7318
Mumbai,12,27.6,57.5,Desktop Computer,4,2.9,0.7153
Mumbai,12,29.3,22.5,Room Heater,2,14.3,32.8623
Mumbai,12,23.8,60.3,Ceiling Fan,4,5.6,0.4222
Mumbai,9,18.0,15.6,Room Heater,1,18.8,40.6397
Mumbai,7,28.4,83.2,LED TV,1,4.5,0.4974
Satara,2,39.1,16.6,Air Conditioner,4,12.7,30.9495
Satara,9,23.3,74.9,Desktop Computer,3,8.5,2.4029
Satara,11,23.5,60.8,Refrigerator,5,23.3,3.0613
Mumbai,8,28.8,70.8,Room Heater,4,0.8,1.6799
Satara,9,20.3,58.6,Desktop Computer,5,5.9,1.2013
Mumbai,10,30.2,78.8,Water Heater (Geyser),3,0.8,2.0942
Satara,4,29.5,31.0,Iron,5,0.4,0.3675
Mumbai,9,27.6,81.1,Water Heater (Geyser),3,1.9,4.9625
Satara,6,28.9,75.1,Air Conditioner,4,9.0,19.9162
Satara,12,20.2,39.8,Air Conditioner,2,9.1,19.5879
Mumbai,1,23.2,64.7,Water Heater (Geyser),3,1.4,3.3657
Satara,2,22.5,45.4,Water Heater (Geyser),3,2.5,5.7932
Satara,3,30.6,36.7,Desktop Computer,2,6.8,2.1239
Mumbai,7,46.2,25.8,Water Heater (Geyser),1,5.0,17.409
Satara,6,27.7,60.9,Refrigerator,4,22.5,3.8052
Satara,11,41.0,76.2,Water Heater (Geyser),3,15.2,44.4451
Mumbai,1,23.4,62.8,Water Heater (Geyser),4,1.2,2.5521
Mumbai,7,19.9,32.0,Refrigerator,3,20.9,3.4746
Satara,6,24.3,79.1,LED TV,4,3.3,0.2692
Satara,6,26.4,78.1,Air Conditioner,1,5.4,15.8707
Mumbai,1,23.5,50.2,Water Heater (Geyser),3,1.6,3.7689
Mumbai,10,30.0,63.3,Refrigerator,3,22.3,4.5609
Satara,10,24.9,27.5,Air Conditioner,3,8.6,18.2405
Satara,2,18.0,40.6,LED TV,5,3.7,0.2412
Mumbai,9,30.5,95.1,Room Heater,2,2.0,5.2432
Mumbai,7,29.9,84.3,LED TV,4,6.0,0.5056
Mumbai,3,12.3,19.1,Desktop Computer,3,9.4,2.2964
Satara,5,25.5,42.4,Water Heater (Geyser),3,17.3,42.0356
Satara,7,24.8,80.1,Iron,4,0.4,0.415
Mumbai,10,27.8,75.5,Refrigerator,1,21.0,5.5086
Satara,4,31.1,38.2,Room Heater,2,4.1,9.6942
Satara,1,13.0,69.0,Water Heater (Geyser),5,6.0,10.2485
Satara,6,31.4,84.4,Water Heater (Geyser),5,2.2,4.7909
Satara,12,24.9,41.9,Ceiling Fan,4,10.8,0.8089
Mumbai,3,32.6,64.4,Ceiling Fan,4,14.7,1.2891
Satara,1,20.0,52.7,Washing Machine,5,2.0,0.7581
Satara,7,26.8,85.3,Ceiling Fan,2,10.2,1.2015
Satara,11,23.8,59.0,Washing Machine,4,1.5,0.7161
Satara,3,23.0,27.7,Desktop Computer,3,7.9,2.0675
Satara,6,24.0,81.5,Washing Machine,5,1.4,0.5856
Satara,6,30.1,79.5,LED TV,1,6.6,0.7413
Mumbai,12,27.8,57.4,Air Conditioner,3,7.0,16.5461
Satara,9,21.8,77.3,Desktop Computer,4,5.8,1.4303
Satara,12,34.3,83.0,LED TV,1,16.0,1.824
Mumbai,8,27.6,90.5,Water Heater (Geyser),4,2.5,5.8588
Satara,6,28.4,73.3,Desktop Computer,4,8.8,2.2354
Satara,5,31.0,57.7,Room Heater,5,1.4,2.6766
Mumbai,5,33.2,75.0,LED TV,2,2.8,0.2802
Mumbai,7,29.2,89.9,Air Conditioner,1,6.2,19.8564
Mumbai,3,26.2,51.4,Ceiling Fan,1,11.2,1.4373
Satara,6,37.9,90.6,Microwave Oven,2,7.7,12.3914
Mumbai,2,23.5,51.2,LED TV,5,5.1,0.3492
Mumbai,10,31.5,86.3,Iron,1,0.5,0.6473
Satara,5,32.0,47.3,Room Heater,1,5.9,15.4274
Mumbai,9,28.1,80.3,Microwave Oven,2,0.8,1.2036
Mumbai,6,33.2,84.4,Water Heater (Geyser),2,2.0,6.1166
Mumbai,8,29.6,89.6,Desktop Computer,3,9.4,2.7906
Satara,7,22.5,84.1,LED TV,3,3.4,0.3054
Satara,12,34.8,54.0,Water Heater (Geyser),4,17.7,42.1394
Satara,4,29.9,31.3,Water Heater (Geyser),3,2.7,6.6165
Mumbai,2,43.6,48.2,Ceiling Fan,3,9.6,1.1497
Mumbai,5,32.8,78.1,Iron,1,0.9,1.1475
Mumbai,8,44.6,46.0,Room Heater,3,8.7,21.8748
Satara,10,29.6,60.7,Water Heater (Geyser),2,1.4,3.9691
Mumbai,8,14.6,49.0,Washing Machine,5,22.7,8.5419
Mumbai,5,32.3,82.9,LED TV,3,5.7,0.5338
Satara,2,21.3,53.8,LED TV,4,2.9,0.2223
Mumbai,7,47.8,66.5,Room Heater,2,13.8,39.5049
Satara,6,28.1,85.4,Washing Machine,2,1.0,0.6649
Satara,3,26.4,46.9,Desktop Computer,4,2.3,0.555
Mumbai,6,31.3,72.9,Water Heater (Geyser),4,1.1,2.5907
Mumbai,3,30.1,67.4,LED TV,5,4.4,0.3182
Mumbai,4,45.4,36.2,LED TV,3,4.0,0.3688
Mumbai,8,27.4,90.1,Desktop Computer,5,4.9,1.104
Satara,4,27.3,62.6,Ceiling Fan,2,13.9,1.6099
Mumbai,9,30.2,82.7,Desktop Computer,5,6.4,1.4488
Mumbai,12,29.6,57.6,Washing Machine,3,1.7,0.9697
Satara,9,23.4,75.2,LED TV,2,2.5,0.2473
Mumbai,5,31.2,34.8,Microwave Oven,2,6.2,8.8218
Mumbai,10,31.9,73.9,Iron,2,1.5,1.8131
Mumbai,5,30.9,72.5,Washing Machine,2,0.6,0.4032
Satara,5,46.8,17.7,Ceiling Fan,5,11.9,0.9011
Mumbai,7,30.5,95.9,Room Heater,3,4.8,11.6324
Satara,9,37.8,27.2,Washing Machine,3,16.8,9.6004
Mumbai,8,28.5,87.6,Refrigerator,4,23.4,4.1662
Satara,12,21.4,58.7,Washing Machine,3,1.4,0.7706
Satara,12,21.7,51.4,Water Heater (Geyser),4,1.8,3.7837
Mumbai,8,28.9,86.7,Ceiling Fan,2,13.8,1.6986
Satara,1,24.8,47.0,Washing Machine,2,1.0,0.6323
Mumbai,5,34.8,73.2,Iron,2,0.9,1.0883
Satara,5,32.5,54.3,Water Heater (Geyser),3,2.2,5.6472
Satara,10,22.7,58.9,Microwave Oven,1,0.8,1.2268
Mumbai,12,27.0,62.6,Iron,3,1.4,1.5064
Mumbai,8,28.9,87.8,LED TV,2,2.1,0.2174
Mumbai,11,27.8,70.5,LED TV,1,9.5,1.0436
Satara,4,30.7,20.0,Refrigerator,5,8.3,1.1169
Satara,2,29.3,40.3,Iron,3,18.9,20.083
Mumbai,7,28.2,92.1,Desktop Computer,3,8.3,2.4955
Satara,5,17.4,28.9,LED TV,5,12.5,0.7943
Mumbai,5,31.4,24.9,Desktop Computer,1,2.4,0.7986
Mumbai,7,47.3,88.0,Washing Machine,2,9.0,6.8449
Mumbai,11,27.8,64.3,Microwave Oven,2,1.2,1.7649
Satara,6,47.1,54.1,Desktop Computer,5,22.5,5.2694
Satara,2,20.6,38.2,Refrigerator,5,23.0,2.812
Mumbai,6,43.4,50.6,Microwave Oven,5,22.4,27.2566
Satara,9,26.2,76.0,Iron,5,1.5,1.4702
Satara,11,23.5,61.3,Air Conditioner,5,7.1,11.6936
Mumbai,8,30.2,87.9,Ceiling Fan,5,7.7,0.5243
Satara,6,27.1,74.9,Microwave Oven,1,1.3,2.0487
Satara,9,16.5,20.0,Refrigerator,2,10.6,1.9709
Satara,12,26.2,50.2,Ceiling Fan,3,5.8,0.5556
Satara,12,24.4,44.6,Desktop Computer,4,7.0,1.6552
Satara,12,17.8,55.3,Microwave Oven,4,0.8,0.9305
Mumbai,11,31.4,63.8,Iron,1,0.4,0.4953
Satara,3,26.5,29.9,LED TV,2,4.4,0.4027
Satara,4,24.6,40.8,Microwave Oven,2,1.1,1.5281
Mumbai,6,29.7,68.8,Washing Machine,5,1.5,0.6275
Mumbai,10,16.9,22.0,Iron,1,20.6,22.2919
Satara,1,20.9,35.8,Iron,3,0.4,0.4042
Satara,4,32.0,48.3,Microwave Oven,4,1.4,1.7471
Mumbai,1,18.2,49.0,Iron,5,21.8,19.5101
Mumbai,3,28.4,46.8,Ceiling Fan,2,10.7,1.2449
Mumbai,12,24.9,59.9,Ceiling Fan,4,15.2,1.1766
Satara,10,30.7,58.2,Air Conditioner,4,2.3,5.1548
Satara,12,24.0,33.9,Room Heater,5,1.9,3.2893
Satara,6,26.9,77.2,Desktop Computer,1,7.3,2.653
Satara,9,24.9,83.6,Room Heater,3,5.5,12.3731
Satara,2,22.1,38.7,Refrigerator,4,20.4,3.0849
Satara,10,28.2,73.8,Microwave Oven,3,0.9,1.259
Satara,4,16.7,79.5,Refrigerator,1,4.0,0.9153
Satara,8,36.4,18.1,Ceiling Fan,1,13.5,1.925
Mumbai,11,32.3,63.1,Washing Machine,5,0.6,0.2486
Satara,11,25.7,55.1,Refrigerator,4,21.8,3.5517
Mumbai,6,29.9,85.2,Water Heater (Geyser),4,2.5,5.9747
Satara,6,26.8,82.5,Room Heater,5,1.1,2.1087
Mumbai,4,31.0,74.9,LED TV,5,3.2,0.2294
Mumbai,12,28.1,44.4,LED TV,4,7.5,0.5832
Mumbai,5,31.9,79.8,Water Heater (Geyser),5,2.8,6.0307
Mumbai,12,24.6,51.5,Desktop Computer,4,8.3,2.0335
Satara,4,27.9,48.5,Water Heater (Geyser),2,2.1,5.7803
Mumbai,7,46.8,32.1,Room Heater,2,5.0,13.6212
Mumbai,10,38.8,42.0,Water Heater (Geyser),4,19.7,48.465
Satara,5,25.3,52.5,Microwave Oven,1,0.6,0.9175
Satara,6,30.2,67.2,Iron,1,0.7,0.8863
Satara,4,20.3,20.4,Ceiling Fan,1,10.8,1.1913
Mumbai,1,28.0,65.4,Washing Machine,2,1.1,0.7221
Satara,2,25.2,49.3,Washing Machine,1,1.9,1.3164
Satara,8,24.0,79.4,Microwave Oven,4,0.4,0.5093
Satara,10,28.4,67.2,Iron,1,9.8,12.2514
Mumbai,7,46.8,33.6,Iron,4,22.1,23.0266
Satara,3,20.1,87.7,Air Conditioner,1,9.6,24.8013
Mumbai,11,30.8,68.8,Ceiling Fan,1,4.0,0.5699
Satara,2,24.1,38.4,Refrigerator,5,20.5,2.5802
Mumbai,8,29.8,90.2,Water Heater (Geyser),2,2.3,6.8725
Satara,1,46.2,57.5,Desktop Computer,2,22.9,8.0078
Satara,7,24.9,77.5,Ceiling Fan,1,4.7,0.6189
Mumbai,1,29.5,33.1,Air Conditioner,3,15.7,36.8755
Satara,4,36.8,34.3,LED TV,1,1.4,0.1506
Satara,11,25.6,45.0,Desktop Computer,5,4.5,0.9399
Satara,11,21.6,53.6,Air Conditioner,4,11.4,20.3786
Satara,9,42.1,64.0,Room Heater,4,9.1,21.0512
Satara,2,16.7,34.0,LED TV,4,6.0,0.4381
Satara,8,23.9,86.2,Microwave Oven,2,1.1,1.6418
Satara,7,28.9,73.2,Water Heater (Geyser),3,2.4,6.31
Satara,12,40.2,52.4,Refrigerator,3,9.4,2.106
Satara,8,29.7,18.4,Desktop Computer,4,6.5,1.5552
Mumbai,3,27.1,58.8,Ceiling Fan,1,4.3,0.5652
Mumbai,7,31.1,87.0,Water Heater (Geyser),3,2.8,7.5772
Mumbai,11,45.8,79.8,Room Heater,5,13.0,28.8067
Satara,10,25.4,62.6,Microwave Oven,3,1.3,1.7474
Satara,5,32.2,45.8,Microwave Oven,4,1.0,1.241
Satara,6,24.8,72.1,Washing Machine,3,1.2,0.6763
Satara,12,25.3,46.0,Iron,5,1.1,1.0189
Mumbai,5,26.7,75.1,Washing Machine,1,0.7,0.5195
Mumbai,10,30.5,82.3,Refrigerator,1,22.8,6.2912
Mumbai,9,32.3,84.9,Desktop Computer,1,7.6,2.823
Satara,3,46.6,88.7,Microwave Oven,5,14.6,19.306
Mumbai,8,27.5,81.9,Washing Machine,2,1.5,1.0074
Mumbai,2,24.4,69.8,Iron,3,0.4,0.4321
Mumbai,10,32.1,78.9,Refrigerator,3,22.9,4.8803
Satara,2,47.4,49.3,Air Conditioner,2,10.2,37.0094
Mumbai,2,23.4,56.3,Washing Machine,2,0.7,0.4412
Satara,1,21.6,59.4,LED TV,1,7.6,0.7779
Satara,11,24.9,56.2,Room Heater,2,3.7,8.6644
Mumbai,6,31.3,94.2,Room Heater,1,6.0,16.5238
Mumbai,6,35.9,36.5,Refrigerator,2,19.7,4.745
Mumbai,9,31.9,95.0,Air Conditioner,3,9.5,25.895
Satara,1,23.5,57.5,LED TV,5,4.3,0.2947
Satara,5,30.4,57.7,Washing Machine,3,0.9,0.5094
Satara,10,32.0,48.1,Refrigerator,5,21.1,2.9811
Mumbai,9,29.4,91.3,Refrigerator,2,21.1,5.1742
Mumbai,6,32.1,81.4,Water Heater (Geyser),5,1.1,2.44
Mumbai,5,31.9,72.3,Washing Machine,3,1.8,1.0616
Mumbai,12,27.2,67.1,Room Heater,2,4.6,11.0489
Mumbai,8,30.8,81.7,Microwave Oven,2,0.9,1.3805
Satara,6,28.0,74.1,LED TV,5,7.9,0.5672
Satara,9,25.3,73.5,Microwave Oven,4,1.2,1.4864
Mumbai,7,31.5,82.5,Washing Machine,3,1.2,0.7357
Mumbai,9,29.5,86.6,Washing Machine,2,1.5,1.0248
Mumbai,8,28.9,88.1,Desktop Computer,3,8.5,2.5627
Satara,6,24.5,79.0,Iron,3,0.7,0.7738
Mumbai,3,28.0,57.9,Desktop Computer,1,8.8,3.1231
Satara,4,27.9,52.5,Washing Machine,1,1.2,0.8581
Mumbai,10,29.3,70.5,Iron,3,1.1,1.227
Mumbai,7,27.6,81.7,Water Heater (Geyser),1,2.8,8.7859
Satara,9,28.0,89.0,Room Heater,5,2.6,4.9728
Mumbai,6,30.0,85.0,LED TV,2,4.9,0.497
Mumbai,5,32.7,78.4,LED TV,1,6.9,0.7728
Satara,6,26.6,82.1,Refrigerator,3,23.2,4.7589
Satara,5,34.7,64.8,Refrigerator,4,23.0,4.2079
Mumbai,2,23.5,57.1,LED TV,3,7.9,0.6811
Satara,7,28.5,91.8,Ceiling Fan,5,5.5,0.3626
Satara,3,37.9,67.5,Air Conditioner,2,19.8,64.8967
Satara,6,27.2,71.4,Room Heater,3,3.9,8.7693
Mumbai,8,29.8,84.3,Room Heater,5,3.7,7.3522
Mumbai,4,12.0,83.4,Room Heater,2,22.3,47.0644
Satara,8,24.8,82.4,Iron,4,0.5,0.5224
Satara,12,16.6,52.5,Room Heater,1,4.9,11.1673
Mumbai,5,38.6,49.0,Ceiling Fan,1,23.9,3.727
Satara,10,46.8,64.9,Refrigerator,2,22.1,6.3137
Satara,2,23.7,38.0,Washing Machine,1,1.0,0.6764
Mumbai,4,29.8,78.4,LED TV,3,7.4,0.6831
Mumbai,9,19.4,30.3,Washing Machine,2,4.2,2.4677
Satara,6,27.9,74.2,Washing Machine,4,1.3,0.6521
Mumbai,4,21.0,90.0,Air Conditioner,5,19.9,32.3811
Satara,6,26.6,72.3,LED TV,4,2.6,0.2075
Satara,6,28.8,70.6,Air Conditioner,5,10.1,18.794
Mumbai,11,28.7,66.1,LED TV,4,5.5,0.4451
Mumbai,3,32.8,53.1,Iron,2,1.1,1.2621
Satara,12,42.2,44.3,LED TV,1,18.0,2.0128
Mumbai,7,41.9,77.4,Washing Machine,3,2.0,1.2713
Satara,10,25.1,56.3,Iron,4,0.9,0.9111
Satara,3,46.1,25.0,LED TV,3,3.4,0.3077
Satara,3,28.4,33.3,Desktop Computer,4,4.6,1.102
Mumbai,4,28.6,70.5,Water Heater (Geyser),1,1.2,3.7436
Mumbai,8,28.6,83.6,Iron,3,1.1,1.2474
Satara,5,31.8,47.1,Microwave Oven,1,0.6,0.937
Mumbai,4,31.5,65.6,Water Heater (Geyser),3,2.8,7.2948
Mumbai,5,32.4,85.8,Air Conditioner,2,6.8,21.061
Mumbai,5,30.9,80.2,Air Conditioner,1,6.0,19.8536
Mumbai,8,30.6,91.6,Microwave Oven,5,1.5,1.8159
Mumbai,7,31.8,87.7,Washing Machine,4,0.6,0.3104
Mumbai,9,31.8,81.5,Desktop Computer,3,7.5,2.272
Satara,6,29.4,84.5,Refrigerator,4,8.8,1.5626
Mumbai,5,31.8,82.8,Water Heater (Geyser),1,0.7,2.2551
Mumbai,9,28.8,84.8,Refrigerator,3,21.3,4.4583
Mumbai,12,27.0,65.8,Refrigerator,3,20.2,3.954
Satara,11,22.7,43.5,Desktop Computer,1,3.5,1.1658
Mumbai,11,30.8,64.8,Microwave Oven,1,0.5,0.7992
Satara,5,29.4,68.8,Desktop Computer,2,2.9,0.9468
Satara,1,21.6,68.9,Refrigerator,5,21.2,2.7156
Satara,4,27.2,52.6,Desktop Computer,4,4.9,1.1958
Satara,8,44.3,91.9,Washing Machine,3,21.8,14.1766
Mumbai,4,28.7,68.6,Air Conditioner,2,8.2,22.6205
Satara,8,19.2,51.6,Room Heater,2,19.7,42.9356
Mumbai,3,26.0,73.8,Microwave Oven,3,1.2,1.6442
Mumbai,12,27.1,72.9,LED TV,3,6.0,0.54
Mumbai,6,31.5,83.4,Refrigerator,4,23.7,4.3963
Satara,12,22.3,45.3,Washing Machine,2,1.9,1.1533
Mumbai,12,36.5,16.1,Ceiling Fan,3,3.5,0.3666
Satara,7,23.5,91.6,Iron,4,1.1,1.1584
Satara,8,24.8,74.8,Microwave Oven,4,1.0,1.2579
Mumbai,12,31.3,46.4,Room Heater,5,4.5,8.4546
Satara,3,24.0,33.4,Ceiling Fan,3,7.2,0.641
Mumbai,12,25.8,67.4,Room Heater,4,3.2,6.419
Mumbai,10,28.0,69.4,Microwave Oven,4,0.7,0.8775
Mumbai,12,45.5,46.1,Desktop Computer,1,23.1,8.7622
Mumbai,2,28.5,21.6,Air Conditioner,3,11.3,25.8933
Satara,5,25.9,60.9,Air Conditioner,5,2.7,4.6557
Mumbai,8,25.6,78.2,Ceiling Fan,1,21.4,2.9063
Mumbai,1,13.3,86.5,Washing Machine,4,5.0,2.3
Mumbai,8,28.9,85.0,Water Heater (Geyser),5,1.3,2.6997
Satara,1,22.0,39.4,Room Heater,2,5.5,12.061
Satara,3,22.5,43.4,Refrigerator,5,21.7,2.7574
Mumbai,4,30.3,64.7,Desktop Computer,5,3.5,0.7752
Satara,1,21.5,51.9,Microwave Oven,2,1.2,1.6847
Satara,11,24.6,83.2,Water Heater (Geyser),3,14.5,36.9998
Satara,1,19.3,40.1,Refrigerator,5,20.8,2.5022
Satara,10,22.8,55.4,Microwave Oven,5,1.2,1.3116
Mumbai,5,32.8,67.6,Washing Machine,3,0.5,0.2951
Mumbai,12,27.4,71.4,Refrigerator,3,22.0,4.4136
Mumbai,10,20.8,64.9,Air Conditioner,3,18.4,38.0412
Mumbai,12,26.7,69.7,Water Heater (Geyser),5,2.5,4.9993
Satara,10,25.6,65.6,Air Conditioner,4,6.0,12.2501
Mumbai,12,11.8,27.4,Washing Machine,4,9.0,3.7598
Mumbai,6,30.7,81.7,Ceiling Fan,3,12.0,1.2731
Mumbai,10,40.4,29.7,Washing Machine,3,15.2,8.8455
Satara,4,30.5,41.0,Room Heater,2,5.2,12.5729
Satara,12,25.2,53.5,Microwave Oven,5,0.5,0.5536
Satara,10,44.2,80.9,Desktop Computer,4,1.9,0.5454
Satara,9,26.5,76.7,LED TV,2,6.1,0.6124
Mumbai,5,35.0,65.7,Desktop Computer,4,5.3,1.3877
Satara,1,29.2,45.9,Refrigerator,1,2.3,0.5968
Satara,1,20.1,47.5,Microwave Oven,1,0.4,0.604
Mumbai,7,13.0,59.5,LED TV,2,15.5,1.3794
Mumbai,4,30.1,65.0,Room Heater,1,4.4,11.5185
Satara,8,25.7,75.3,Washing Machine,2,1.5,0.9972
Satara,3,27.1,36.1,LED TV,2,6.0,0.5643
Mumbai,11,26.6,65.8,Refrigerator,4,20.7,3.3899
Satara,8,25.0,83.6,LED TV,3,3.9,0.3514
Satara,3,10.5,87.9,Air Conditioner,2,1.8,3.219
Satara,7,27.4,83.7,Microwave Oven,2,1.4,2.123
Mumbai,10,32.0,78.1,Desktop Computer,5,7.3,1.6586
Satara,1,19.5,48.2,Air Conditioner,5,5.9,8.6499
Satara,11,23.3,44.8,Ceiling Fan,1,12.5,1.5145
Satara,2,27.2,90.4,Desktop Computer,2,22.1,7.2655
Mumbai,12,25.7,64.8,Refrigerator,5,23.5,3.2017
Satara,3,28.8,40.5,Washing Machine,3,1.2,0.6579
Mumbai,3,28.3,74.9,Washing Machine,3,1.1,0.6474
Satara,7,31.0,75.0,Water Heater (Geyser),1,13.3,42.2804
Satara,2,22.3,19.2,Room Heater,5,2.4,3.9625
Satara,5,29.7,50.7,Washing Machine,5,0.8,0.3243
Satara,2,23.4,33.2,Refrigerator,1,23.6,5.3835
Mumbai,1,26.1,63.0,LED TV,1,5.6,0.5959
Mumbai,4,26.8,28.3,Refrigerator,4,23.6,3.7114
Satara,12,24.2,41.4,Room Heater,1,4.8,11.3978
Satara,11,25.1,62.8,Microwave Oven,3,0.9,1.2053
Satara,11,22.4,69.3,Microwave Oven,1,0.8,1.2265
Satara,11,22.0,21.1,LED TV,5,20.4,1.3048
Satara,2,24.6,21.1,LED TV,4,8.0,0.5935
Satara,11,25.6,68.6,Washing Machine,1,6.2,4.4964
Satara,7,24.0,83.5,Refrigerator,1,22.4,5.6309
Satara,3,31.0,34.0,Iron,4,0.9,0.8963
Satara,11,46.2,29.9,Ceiling Fan,1,7.0,1.1713
Mumbai,4,36.6,72.1,Refrigerator,1,24.0,6.965
Mumbai,6,13.8,83.2,Room Heater,3,12.4,24.3689
Mumbai,1,36.7,92.6,Desktop Computer,4,10.8,3.0128
Mumbai,12,24.0,62.1,Water Heater (Geyser),4,1.4,3.1099
Satara,11,16.4,76.8,Air Conditioner,4,4.5,7.377
Mumbai,4,40.4,34.5,Refrigerator,4,17.5,3.2854
Satara,3,25.7,39.7,Microwave Oven,5,0.7,0.758
Mumbai,6,19.2,49.5,Water Heater (Geyser),4,8.3,16.7999
Satara,10,29.5,64.6,Water Heater (Geyser),2,1.2,3.3638
Mumbai,12,27.8,50.7,LED TV,4,8.0,0.6286
Mumbai,8,28.3,87.3,Iron,2,0.8,0.9776
Mumbai,10,31.8,81.7,Washing Machine,3,1.0,0.6012
Mumbai,3,42.4,58.9,Washing Machine,4,5.1,2.6735
Mumbai,6,30.1,72.8,Iron,1,1.1,1.37
Satara,10,24.6,76.8,Iron,2,1.4,1.6432
Satara,7,25.8,82.6,Water Heater (Geyser),4,2.5,5.7881
Mumbai,3,29.8,69.8,Iron,5,1.4,1.3718
Satara,1,23.2,54.2,Iron,2,1.5,1.6657
Satara,3,28.3,31.0,Microwave Oven,1,1.0,1.5125
Satara,4,30.1,43.6,Room Heater,3,2.4,5.3267
Satara,4,32.5,49.4,Air Conditioner,5,8.5,16.8144
Satara,4,26.5,39.2,Desktop Computer,2,9.8,2.9296
Satara,11,25.6,52.8,Refrigerator,1,21.9,5.4118
Mumbai,11,30.6,48.3,LED TV,4,6.2,0.4908
Mumbai,12,45.1,17.0,Ceiling Fan,5,3.0,0.228
Satara,11,27.2,61.5,Water Heater (Geyser),2,0.6,1.6604
Mumbai,11,30.4,77.6,Washing Machine,5,1.4,0.5928
Mumbai,5,30.5,77.5,Ceiling Fan,4,4.5,0.3844
Mumbai,5,33.8,58.3,Refrigerator,5,21.7,3.187
Mumbai,11,22.5,27.0,Desktop Computer,1,21.8,7.1889
Mumbai,1,36.4,83.8,LED TV,4,18.8,1.576
Satara,4,10.7,18.7,Desktop Computer,4,23.0,4.8864
Mumbai,8,16.8,28.8,LED TV,1,15.0,1.4269
Mumbai,7,23.3,22.3,Desktop Computer,3,8.1,2.1242
Satara,7,25.8,88.1,Washing Machine,2,0.6,0.406
Mumbai,3,32.7,67.3,Microwave Oven,4,1.4,1.8063
Satara,7,27.3,76.8,Microwave Oven,4,1.1,1.3822
Satara,6,28.9,49.1,Ceiling Fan,1,9.3,1.264
Satara,3,27.8,25.5,Desktop Computer,3,4.7,1.2812
Mumbai,11,29.4,72.2,Air Conditioner,4,7.4,16.4097
Mumbai,10,31.9,85.5,Microwave Oven,5,1.2,1.4681
Mumbai,7,30.7,89.1,LED TV,3,4.5,0.4161
Satara,8,38.0,57.3,Refrigerator,3,9.8,2.1643
Satara,5,32.5,47.2,Desktop Computer,5,6.6,1.4249
Satara,12,22.4,51.8,Microwave Oven,3,11.1,14.321
Satara,11,21.6,20.2,LED TV,2,22.3,1.9692
Mumbai,5,30.6,74.4,Washing Machine,4,1.8,0.9087
Satara,5,22.8,75.4,Refrigerator,2,17.2,3.7213
Mumbai,9,19.1,54.9,Washing Machine,4,7.4,3.4718
Satara,6,16.1,26.9,Desktop Computer,2,12.8,3.624
Satara,8,24.8,82.8,Desktop Computer,5,7.5,1.6658
Mumbai,1,26.5,75.1,Air Conditioner,3,2.9,6.8206
Mumbai,7,29.0,85.7,Microwave Oven,2,1.0,1.5466
Mumbai,3,31.4,57.0,Refrigerator,4,22.0,3.8354
Satara,6,24.7,81.0,Washing Machine,4,1.8,0.8923
Satara,10,30.7,59.6,Iron,3,1.2,1.3241
Mumbai,6,31.6,80.7,Room Heater,5,1.9,3.7145
Satara,4,34.3,51.8,Air Conditioner,4,11.0,25.8649
Satara,3,28.1,40.3,Iron,3,1.0,1.0571
Satara,11,22.4,53.4,LED TV,3,7.3,0.6283
Mumbai,9,29.7,77.7,LED TV,1,4.4,0.4848
Mumbai,2,25.6,60.6,LED TV,5,3.9,0.2782
Satara,11,21.0,41.1,Air Conditioner,1,8.0,19.6478
Satara,1,22.7,51.8,Room Heater,4,2.7,5.1386
Mumbai,3,12.6,62.1,Washing Machine,3,12.7,6.6432
Mumbai,4,30.9,70.3,Iron,5,0.4,0.3869
Mumbai,1,27.5,15.7,Water Heater (Geyser),3,6.3,14.6565
Mumbai,12,26.4,62.7,Desktop Computer,3,6.8,1.943
Mumbai,6,30.8,79.7,Iron,1,0.6,0.7698
Mumbai,8,46.7,52.0,Ceiling Fan,4,20.6,2.1435
Mumbai,8,29.9,85.3,Desktop Computer,1,5.4,1.9762
Mumbai,10,38.5,81.6,Water Heater (Geyser),3,6.2,18.0979
Mumbai,12,24.8,41.8,Room Heater,5,4.8,8.5887
Satara,12,24.8,35.9,Ceiling Fan,4,14.6,1.0788
Mumbai,9,20.7,18.1,Ceiling Fan,2,0.8,0.0767
Mumbai,3,29.8,69.7,Ceiling Fan,4,9.7,0.8307
Mumbai,6,31.0,82.2,Water Heater (Geyser),2,2.9,8.4579
Satara,5,33.2,32.2,LED TV,4,2.0,0.1577
Satara,8,25.7,85.5,Air Conditioner,4,3.7,7.7459
Satara,4,31.8,44.2,LED TV,2,7.1,0.6826
Satara,6,26.6,79.3,Desktop Computer,4,8.4,2.1487
Mumbai,5,30.5,66.2,Iron,5,0.9,0.8841
Satara,12,18.1,55.4,Ceiling Fan,2,6.0,0.5855
Satara,4,30.6,42.3,Washing Machine,5,1.8,0.7224
Mumbai,8,29.2,86.0,Desktop Computer,4,2.2,0.5802
Mumbai,5,42.5,87.8,Microwave Oven,4,11.1,15.4198
Satara,5,32.9,66.6,Air Conditioner,2,7.9,23.4787
Satara,3,25.1,44.7,Refrigerator,4,23.8,3.7759
Mumbai,1,23.6,59.3,Ceiling Fan,2,6.8,0.7408
Mumbai,4,11.2,70.6,Microwave Oven,2,10.8,14.7919
Mumbai,7,29.7,82.3,Ceiling Fan,2,10.9,1.3842
Mumbai,9,41.4,24.8,Water Heater (Geyser),1,15.1,49.5249
Satara,11,44.3,34.1,Refrigerator,3,14.6,3.3975
Mumbai,6,31.8,84.1,Room Heater,2,4.6,11.7593
Satara,7,45.8,27.5,LED TV,2,11.3,1.1226
Satara,7,29.2,82.1,Air Conditioner,3,4.0,10.1616
Satara,10,29.8,66.9,Microwave Oven,5,1.4,1.6271
Mumbai,10,26.7,32.9,LED TV,5,1.2,0.08
Mumbai,8,29.0,86.8,Room Heater,1,1.6,4.2583
Satara,1,20.4,58.7,Refrigerator,2,23.7,4.8852
Mumbai,8,30.2,85.5,Air Conditioner,4,9.9,22.7593
Mumbai,8,41.5,47.8,Room Heater,3,16.0,38.7631
Satara,2,26.5,36.4,Ceiling Fan,5,15.9,0.9534
Satara,9,44.1,74.9,Microwave Oven,2,7.3,11.7964
Mumbai,4,10.1,43.1,Desktop Computer,5,6.2,1.1672
Satara,9,26.3,81.8,Iron,2,0.5,0.5963
Satara,7,23.1,79.4,LED TV,3,6.5,0.5838
Satara,9,24.2,79.3,Air Conditioner,1,6.8,19.1798
Satara,3,42.9,19.1,Water Heater (Geyser),2,4.1,12.3718
Satara,7,16.6,49.5,Microwave Oven,3,8.5,10.6263
Satara,4,31.8,92.2,Desktop Computer,3,14.8,4.483
Satara,3,33.4,21.0,LED TV,2,12.5,1.1795
Satara,2,23.5,48.3,Iron,2,0.3,0.3345
Mumbai,12,26.1,62.8,Microwave Oven,2,0.6,0.8678
Mumbai,10,29.7,78.5,Water Heater (Geyser),2,2.1,6.0949
Mumbai,2,46.2,19.0,Microwave Oven,4,4.0,5.2306
Mumbai,2,47.3,32.2,Refrigerator,1,2.1,0.6393
Satara,8,34.2,30.4,Washing Machine,4,3.7,1.8252
Mumbai,3,29.2,66.7,Washing Machine,1,2.0,1.5022
Satara,4,28.3,48.5,LED TV,4,3.9,0.3066
Satara,7,10.9,36.9,Water Heater (Geyser),4,16.4,29.0358
Satara,2,22.1,40.5,Air Conditioner,4,15.9,29.0139
Mumbai,7,30.7,83.1,Washing Machine,2,2.0,1.3593
Mumbai,8,28.0,92.8,Ceiling Fan,4,14.5,1.2571
Mumbai,4,28.3,69.6,Washing Machine,1,1.1,0.8263
Satara,5,31.5,51.2,Iron,1,1.3,1.5524
Mumbai,3,28.9,73.5,Ceiling Fan,5,14.6,0.9819
Mumbai,7,30.2,30.3,LED TV,2,15.4,1.4763
Satara,1,47.0,16.9,Washing Machine,1,3.3,2.4803
Mumbai,8,29.1,84.8,Washing Machine,4,1.3,0.6656
Mumbai,6,30.8,75.5,LED TV,2,6.8,0.6907
Satara,6,47.6,29.1,Room Heater,5,4.9,10.3436
Mumbai,3,29.9,64.7,Room Heater,1,4.4,11.5853
Mumbai,6,27.6,86.7,Refrigerator,2,20.9,4.9771
Mumbai,6,16.8,59.5,Room Heater,4,20.3,36.9621
Satara,11,25.9,53.2,Iron,4,0.7,0.6965
Mumbai,5,31.6,78.3,LED TV,1,7.1,0.7833
Satara,7,24.5,87.7,Microwave Oven,3,1.0,1.3806
Mumbai,8,28.6,90.6,Room Heater,4,3.7,7.9044
Satara,12,30.5,92.0,Ceiling Fan,4,6.3,0.5581
Satara,7,12.4,83.8,Washing Machine,2,1.5,0.9028
Satara,8,28.6,81.5,Microwave Oven,1,0.6,0.9776
Mumbai,11,30.9,69.0,Air Conditioner,1,3.0,9.5119
Satara,2,26.5,49.3,Ceiling Fan,3,10.1,0.9564
Mumbai,4,29.1,74.9,Ceiling Fan,3,7.8,0.8042
Satara,8,42.9,27.5,Ceiling Fan,1,3.4,0.5445
Satara,12,25.1,52.7,Water Heater (Geyser),2,2.7,7.2589
Mumbai,1,26.7,60.0,Microwave Oven,1,1.0,1.5543
Mumbai,1,15.2,87.0,Ceiling Fan,4,21.0,1.4436
Satara,5,31.9,45.2,Iron,5,1.3,1.2197
Mumbai,1,24.3,62.1,Microwave Oven,4,0.6,0.7269
Satara,12,19.1,49.4,Microwave Oven,1,1.4,2.0781
Mumbai,10,30.6,69.7,Microwave Oven,1,0.4,0.6557
Satara,11,22.0,52.3,Ceiling Fan,5,12.4,0.7065
Mumbai,3,26.7,63.7,Desktop Computer,4,2.2,0.5383
Mumbai,2,27.0,48.2,Desktop Computer,5,2.7,0.5742
Mumbai,11,33.1,85.7,Iron,5,14.5,14.9414
Mumbai,10,27.8,69.0,Desktop Computer,2,3.4,1.0845
Satara,6,30.9,84.0,Refrigerator,1,21.3,5.9052
Mumbai,4,31.3,93.5,Desktop Computer,4,12.7,3.4075
Mumbai,5,31.1,78.3,Microwave Oven,1,14.0,23.1472
Mumbai,7,29.4,83.9,Washing Machine,4,0.8,0.4083
Satara,8,14.5,48.1,Desktop Computer,3,7.5,1.9299
Mumbai,8,30.2,87.2,Room Heater,1,3.2,8.6252
Mumbai,4,30.1,69.7,Desktop Computer,4,6.4,1.666
Satara,12,21.4,46.2,LED TV,2,3.8,0.354
Mumbai,9,29.7,83.4,LED TV,1,5.8,0.6401
Mumbai,5,46.1,61.6,Desktop Computer,2,19.2,6.6932
Satara,7,24.2,86.2,LED TV,5,3.3,0.2399
Satara,1,18.8,41.1,Ceiling Fan,4,15.2,1.0096
Mumbai,2,39.0,86.5,Water Heater (Geyser),4,10.7,28.2491
Satara,2,22.7,44.9,Water Heater (Geyser),4,1.1,2.2522
Satara,5,32.5,65.4,Air Conditioner,4,9.5,21.9341
Satara,5,47.5,66.4,Room Heater,2,17.2,49.6641
Satara,11,24.2,52.5,Room Heater,5,5.3,9.3576
Mumbai,12,24.8,61.0,LED TV,2,2.9,0.2795
Mumbai,5,33.8,72.3,LED TV,3,7.6,0.7079
Mumbai,5,37.7,67.9,LED TV,2,6.4,0.6588
Satara,2,23.1,40.4,Ceiling Fan,3,10.2,0.9057
Mumbai,9,30.0,78.5,Air Conditioner,1,11.0,34.9505
Mumbai,9,28.5,89.3,Room Heater,5,1.7,3.299
Mumbai,2,21.4,34.9,Desktop Computer,2,9.2,2.7028
Satara,1,20.9,45.5,Water Heater (Geyser),2,1.1,2.7033
Mumbai,5,45.7,79.7,Room Heater,1,19.8,61.2448
Satara,2,20.4,45.6,Refrigerator,5,23.0,2.8008
Mumbai,9,46.2,74.8,Iron,1,1.0,1.3132
Satara,4,35.7,52.4,Refrigerator,5,24.0,3.6479
Satara,7,21.6,91.3,Iron,3,1.0,1.1101
Satara,11,24.6,87.5,LED TV,5,3.8,0.279
Mumbai,10,43.5,64.2,LED TV,1,19.2,2.1737
Satara,1,22.0,52.7,Washing Machine,2,0.8,0.4866
Mumbai,1,22.7,68.7,Desktop Computer,5,7.9,1.6678
Mumbai,7,29.2,82.3,Desktop Computer,2,3.0,0.9999
Satara,9,23.7,86.0,Iron,4,1.3,1.381
Satara,7,24.2,85.1,Washing Machine,2,1.4,0.9185
Satara,7,25.2,86.5,Desktop Computer,2,5.1,1.6374
Mumbai,12,23.5,73.5,Washing Machine,5,6.1,2.4841
Mumbai,3,28.5,74.1,Refrigerator,1,20.9,5.6201
Mumbai,8,27.5,90.1,LED TV,5,6.3,0.464
Mumbai,2,23.5,58.6,Desktop Computer,3,9.7,2.708
Satara,1,17.3,86.4,Iron,2,10.3,11.7399
Satara,6,18.8,84.9,Water Heater (Geyser),2,13.8,35.3565
Mumbai,4,32.6,75.6,Room Heater,3,3.3,7.7163
Satara,7,46.8,16.5,Water Heater (Geyser),5,15.7,35.4086
Satara,8,26.0,85.0,Microwave Oven,5,1.0,1.1567
Mumbai,5,25.0,82.6,Air Conditioner,2,4.3,11.099
Mumbai,2,46.9,16.8,Desktop Computer,2,19.4,6.3009
Satara,4,38.6,29.5,Ceiling Fan,2,13.6,1.764
Satara,11,23.5,68.4,Desktop Computer,2,3.3,1.0111
Satara,7,25.4,89.4,Water Heater (Geyser),1,2.2,6.7859
Mumbai,6,31.2,90.4,Ceiling Fan,1,9.5,1.377
Mumbai,10,30.5,61.8,Desktop Computer,3,6.3,1.7961
Satara,2,24.8,64.7,Refrigerator,2,1.6,0.3506
Satara,8,26.0,91.9,Water Heater (Geyser),3,1.8,4.7054
Mumbai,1,44.6,35.7,Air Conditioner,1,16.1,61.449
Satara,4,30.5,43.9,Room Heater,4,4.1,8.484
Satara,2,23.5,18.8,Refrigerator,4,23.1,3.4164
Mumbai,7,16.1,52.8,Microwave Oven,2,18.4,24.79
Satara,7,26.3,60.3,Microwave Oven,3,20.0,27.0018
Mumbai,4,31.1,61.3,Ceiling Fan,4,10.2,0.8806
Mumbai,3,29.4,63.3,Ceiling Fan,5,11.4,0.7462
Mumbai,1,31.0,58.3,Microwave Oven,1,18.4,28.8937
Mumbai,5,30.2,62.8,Refrigerator,3,20.9,4.3322
Mumbai,7,30.6,83.8,Ceiling Fan,4,15.1,1.3072
Mumbai,11,28.0,70.3,LED TV,2,4.9,0.4854
Satara,2,23.0,35.0,Iron,5,0.9,0.8189
Mumbai,7,30.1,85.8,Washing Machine,5,1.6,0.703
Mumbai,5,32.5,62.1,Washing Machine,5,1.5,0.6246
Mumbai,3,18.1,17.4,Iron,3,10.7,10.5394
Satara,9,25.7,81.8,Water Heater (Geyser),5,1.7,3.4535
Mumbai,7,31.6,87.6,Water Heater (Geyser),1,1.9,6.2019
Mumbai,9,28.9,84.4,Air Conditioner,3,6.4,16.1999
Satara,10,27.6,21.8,Refrigerator,5,11.2,1.4689
Satara,6,35.9,79.2,Refrigerator,2,14.1,3.5768
Mumbai,8,29.0,82.3,Air Conditioner,1,7.4,23.2107
Mumbai,6,32.0,84.1,LED TV,1,4.4,0.4917
Satara,9,26.1,75.7,Ceiling Fan,4,12.1,0.9574
Mumbai,3,27.6,51.9,Ceiling Fan,4,7.8,0.62
Mumbai,4,27.6,62.0,Room Heater,2,3.0,7.2518
Satara,3,26.8,42.5,Iron,2,0.7,0.7794
Satara,7,38.3,51.0,Desktop Computer,3,8.3,2.4744
Satara,7,24.6,81.1,Microwave Oven,5,1.2,1.3805
Satara,8,23.0,87.0,Room Heater,1,3.2,8.2358
Satara,3,31.7,37.9,Refrigerator,2,20.5,4.8051
Mumbai,9,36.0,85.1,Room Heater,2,19.3,51.7831
Mumbai,10,31.8,66.3,LED TV,2,7.4,0.731
Mumbai,11,29.0,33.3,Iron,3,19.3,20.1427
Satara,12,24.6,54.1,Room Heater,1,6.0,14.6679
Satara,11,23.4,32.2,Air Conditioner,2,21.6,49.5647
Mumbai,4,29.7,66.4,Microwave Oven,1,1.0,1.6123
Mumbai,5,33.3,81.3,Water Heater (Geyser),4,0.7,1.7376
Satara,9,33.9,82.4,Desktop Computer,4,6.5,1.7411
Mumbai,9,13.8,84.2,Air Conditioner,1,1.1,2.4113
Satara,1,23.5,38.1,Desktop Computer,1,6.5,2.1353
Satara,12,19.7,48.1,Desktop Computer,1,9.1,2.9318
Satara,11,23.7,44.1,Ceiling Fan,2,10.9,1.1504
Mumbai,1,26.3,57.1,Microwave Oven,4,1.1,1.3341
Mumbai,4,15.7,61.2,Ceiling Fan,3,16.0,1.2752
Satara,9,24.0,77.1,Ceiling Fan,1,10.0,1.2769
Satara,11,21.7,57.9,LED TV,4,2.8,0.2159
Satara,4,41.5,45.7,Washing Machine,2,15.1,10.4485
Satara,7,24.9,86.0,Washing Machine,4,1.1,0.5398
Satara,12,33.4,30.4,Iron,2,5.1,5.7562
Mumbai,4,41.6,64.2,Room Heater,5,22.0,46.3542
Mumbai,5,20.2,20.1,Iron,5,19.2,17.0172
Mumbai,1,23.1,70.3,Washing Machine,1,0.7,0.5069
Satara,8,25.5,75.9,Ceiling Fan,5,15.8,0.9708
Mumbai,8,28.5,78.6,Microwave Oven,2,1.1,1.666
Mumbai,11,30.7,69.1,Refrigerator,1,20.1,5.4948
Mumbai,12,27.2,66.7,Microwave Oven,4,0.7,0.8827
Mumbai,6,32.8,75.6,Washing Machine,1,0.6,0.4593
Satara,4,28.8,42.2,Desktop Computer,3,3.3,0.9236
Mumbai,1,30.2,51.1,Room Heater,4,3.2,6.5144
Mumbai,8,29.5,87.1,Room Heater,1,5.1,13.8182
Mumbai,2,29.2,58.5,Desktop Computer,4,6.9,1.7368
Mumbai,4,31.3,73.3,Water Heater (Geyser),3,2.9,7.689
Satara,7,24.2,85.4,Iron,1,1.3,1.6412
Satara,6,44.2,21.9,Ceiling Fan,2,9.3,1.2703
Satara,10,27.0,39.0,Iron,2,1.3,1.4513
Mumbai,2,15.0,42.7,Iron,4,19.5,18.6943
Mumbai,11,29.7,68.8,Desktop Computer,5,4.5,1.0156
Satara,9,28.1,80.3,Room Heater,4,4.4,9.3597
Satara,2,21.8,47.7,Iron,5,0.6,0.5559
Satara,10,29.5,67.7,Ceiling Fan,2,8.3,1.0135
Mumbai,12,22.9,61.7,Room Heater,1,5.6,13.9461
Satara,9,24.5,69.5,Iron,4,1.0,1.0319
Satara,9,24.2,73.1,Desktop Computer,4,6.8,1.7092
Satara,2,27.1,40.0,Refrigerator,3,22.9,4.3379
Mumbai,7,30.3,92.4,Refrigerator,1,22.0,6.099
Satara,9,21.9,75.3,Microwave Oven,2,0.5,0.7336
Satara,5,30.8,54.8,Microwave Oven,2,0.7,1.0154
Mumbai,10,30.5,71.4,Ceiling Fan,2,15.9,1.9521
Mumbai,7,29.1,84.0,Room Heater,3,2.1,4.9819
Satara,7,23.1,80.8,Ceiling Fan,3,14.0,1.3114
Satara,1,46.2,67.0,Washing Machine,5,1.7,0.778
Satara,1,19.0,48.7,Air Conditioner,5,9.4,13.8287
Mumbai,7,30.9,97.3,Room Heater,2,1.5,3.8721
Satara,7,15.0,39.0,Room Heater,5,11.7,18.5431
Satara,11,23.7,52.2,Water Heater (Geyser),1,3.0,8.4829
Satara,5,28.0,75.9,Washing Machine,2,10.9,7.3768
Mumbai,8,30.4,90.9,Ceiling Fan,3,11.5,1.2079
Satara,10,45.4,32.8,Ceiling Fan,3,18.4,2.207
Mumbai,3,28.0,69.9,Microwave Oven,1,1.1,1.7585
Mumbai,11,28.9,71.2,Air Conditioner,1,8.0,24.5596
Satara,12,22.9,37.7,Ceiling Fan,3,4.2,0.373
Mumbai,12,31.0,74.0,Room Heater,3,3.5,8.2618
Satara,11,41.7,34.4,Microwave Oven,5,1.4,1.652
Mumbai,12,26.8,62.4,LED TV,3,7.2,0.6424
Mumbai,7,30.0,84.0,Ceiling Fan,2,8.8,1.1087
Mumbai,1,27.1,59.9,LED TV,4,4.8,0.3821
Satara,10,29.7,62.0,Ceiling Fan,3,9.0,0.9209
Mumbai,2,24.5,58.0,Microwave Oven,1,1.3,1.9823
Satara,10,27.1,50.6,LED TV,5,4.9,0.3387
Mumbai,10,32.0,78.9,Desktop Computer,2,6.4,2.1726
Satara,9,18.0,40.4,Washing Machine,5,23.2,8.688
Mumbai,4,31.5,76.3,Room Heater,1,1.5,4.1017
Satara,11,23.3,44.1,Refrigerator,5,22.1,2.7958
Mumbai,11,30.1,81.7,Iron,4,1.4,1.5043
Satara,8,25.8,52.2,Iron,5,13.4,12.5461
Mumbai,4,34.2,55.0,Iron,2,2.9,3.3953
Satara,8,24.4,87.0,Iron,5,1.3,1.2544
Satara,8,27.1,80.9,Water Heater (Geyser),3,0.6,1.5787
Mumbai,10,28.2,69.9,LED TV,5,2.6,0.1894
Mumbai,10,31.0,81.1,Iron,4,1.1,1.1799
Mumbai,10,32.9,71.5,LED TV,1,3.4,0.3802
Mumbai,3,27.0,58.0,LED TV,1,2.6,0.2733
Satara,7,26.6,83.1,Room Heater,1,1.3,3.4322
Mumbai,3,27.3,60.7,Room Heater,3,4.0,8.8293
Satara,7,14.6,27.8,Iron,1,10.4,11.4953
Mumbai,10,29.1,75.9,Water Heater (Geyser),5,0.7,1.4589
Satara,2,29.2,36.4,Water Heater (Geyser),5,1.2,2.3782
Mumbai,12,27.0,66.8,Room Heater,1,4.5,11.4735
Satara,12,21.2,49.3,Room Heater,4,7.8,14.4942
Mumbai,3,25.0,65.6,Iron,1,1.0,1.2189
Mumbai,11,28.5,59.8,Desktop Computer,2,7.7,2.4271
Satara,5,38.9,77.9,Room Heater,4,23.7,54.0569
Mumbai,6,32.9,75.8,Room Heater,1,4.2,11.5643
Satara,4,31.6,41.7,Ceiling Fan,2,11.9,1.4242
Satara,10,25.8,66.1,Washing Machine,4,0.5,0.2395
Satara,4,32.7,39.2,Room Heater,2,3.9,9.4734
Mumbai,9,27.8,28.5,Microwave Oven,3,1.5,1.9058
Satara,6,25.2,21.9,Desktop Computer,3,8.0,2.1238
Satara,8,23.8,78.3,Refrigerator,1,22.2,5.4698
Satara,2,26.3,54.2,Washing Machine,2,1.1,0.6993
Mumbai,8,26.5,85.5,Washing Machine,4,1.3,0.6502
Mumbai,5,20.2,52.6,Water Heater (Geyser),2,2.3,5.8815
Satara,3,29.8,49.9,Desktop Computer,3,6.4,1.796
Mumbai,9,27.6,89.0,Air Conditioner,1,9.1,28.3712
Mumbai,5,34.8,79.7,Microwave Oven,5,0.4,0.4811
Mumbai,3,30.0,56.6,LED TV,4,3.3,0.2658
Mumbai,5,33.7,82.5,Air Conditioner,1,5.1,17.5039
Mumbai,1,27.4,62.7,LED TV,5,6.9,0.4944
Satara,6,28.7,81.0,Water Heater (Geyser),3,1.6,4.2457
Mumbai,12,29.3,54.8,Air Conditioner,3,2.7,6.595
Mumbai,2,24.0,55.9,Water Heater (Geyser),3,2.0,4.8594
Mumbai,3,25.7,69.8,Iron,3,0.6,0.6585
Mumbai,4,31.0,63.4,Room Heater,5,17.1,32.4958
Mumbai,8,34.1,20.8,Washing Machine,5,3.0,1.21
Satara,4,27.8,46.8,Iron,4,0.7,0.6969
Mumbai,1,40.7,51.8,Desktop Computer,1,13.3,4.9815
Satara,11,23.8,45.2,Desktop Computer,5,2.6,0.5251
Satara,9,28.0,67.6,Water Heater (Geyser),1,2.5,7.619
Satara,1,25.2,34.6,Room Heater,2,1.2,2.7455
Satara,2,18.6,42.1,Refrigerator,4,23.2,3.3919
Mumbai,3,29.3,61.4,Desktop Computer,5,3.1,0.6756
Mumbai,1,24.6,51.5,Room Heater,5,9.2,16.2844
Satara,3,29.1,54.0,Iron,2,0.5,0.574
Mumbai,2,27.6,62.1,Washing Machine,3,1.2,0.6827
Mumbai,10,16.8,52.7,Refrigerator,3,22.4,3.7441
Mumbai,8,28.6,92.3,Air Conditioner,2,10.2,28.7936
Satara,10,29.0,21.2,LED TV,2,13.7,1.2805
Satara,8,26.0,78.9,LED TV,4,5.5,0.4497
Satara,3,24.3,29.3,LED TV,1,6.9,0.6896
Satara,4,29.3,43.7,Microwave Oven,1,0.5,0.7722
Mumbai,3,28.8,66.3,Room Heater,5,3.1,5.9444
Mumbai,2,23.5,77.4,LED TV,2,13.8,1.3651
Mumbai,3,29.3,50.8,Iron,5,0.4,0.3782
Satara,9,47.8,74.6,Washing Machine,3,6.1,4.0027
Mumbai,11,13.7,33.8,LED TV,1,8.9,0.8376
Satara,12,23.7,61.9,Room Heater,2,22.6,51.1982
Mumbai,6,41.6,83.0,Air Conditioner,3,15.4,48.3515
Satara,7,41.4,20.3,Water Heater (Geyser),1,15.3,49.968
Satara,9,22.8,81.1,LED TV,1,7.6,0.8194
Mumbai,11,27.6,71.4,Microwave Oven,3,1.0,1.3721
Mumbai,7,32.9,19.5,LED TV,5,14.8,1.0241
Mumbai,12,27.7,63.4,Washing Machine,2,0.9,0.5934
Satara,7,29.5,81.1,Ceiling Fan,5,13.2,0.8815
Satara,10,35.9,64.2,Desktop Computer,2,20.6,7.0395
Satara,8,23.4,91.8,Microwave Oven,2,0.8,1.1922
Satara,5,27.7,66.7,Water Heater (Geyser),1,3.6,10.8688
Satara,8,22.9,83.1,LED TV,1,3.7,0.3984
Mumbai,1,40.8,79.8,Air Conditioner,5,20.9,49.3201
Satara,10,13.9,75.3,Ceiling Fan,1,15.4,1.6348
Satara,2,22.5,39.2,Room Heater,2,4.5,9.9694
Satara,7,27.7,84.8,Washing Machine,4,0.6,0.3052
Satara,8,23.4,79.8,Water Heater (Geyser),5,1.6,3.1303
Mumbai,6,31.2,86.5,Washing Machine,3,0.7,0.4267
Satara,12,21.0,33.7,Desktop Computer,5,3.6,0.7198
Satara,9,22.3,83.2,Water Heater (Geyser),4,0.5,1.0916
Satara,12,21.9,19.5,LED TV,4,12.6,0.911
Satara,3,25.1,45.7,LED TV,1,3.2,0.325
Satara,7,22.7,87.5,Washing Machine,3,0.7,0.4066
Satara,11,22.6,48.5,Refrigerator,2,22.4,4.7029
Satara,3,36.7,17.7,Washing Machine,4,1.6,0.769
Mumbai,11,41.0,27.9,Refrigerator,3,8.2,1.8056
Satara,4,29.7,38.1,Microwave Oven,4,1.1,1.3238
Mumbai,11,29.0,59.0,Microwave Oven,5,1.4,1.6104
Satara,9,24.8,90.1,Water Heater (Geyser),1,1.6,4.8704
Satara,4,26.8,42.7,Water Heater (Geyser),4,1.3,2.8413
Satara,11,34.2,59.3,Washing Machine,1,20.5,15.4917
Mumbai,9,45.6,43.0,Refrigerator,4,9.4,1.9218
Mumbai,4,27.9,70.3,Iron,2,1.1,1.3044
Satara,10,22.0,64.8,Water Heater (Geyser),3,21.7,51.4429
Satara,10,28.3,93.2,Refrigerator,1,8.3,2.252
Satara,12,24.3,50.1,Air Conditioner,1,4.1,10.9272
Satara,2,40.9,54.1,Iron,5,13.8,13.6273
Mumbai,1,23.5,66.1,Desktop Computer,3,3.2,0.9051
Satara,11,24.7,41.4,Ceiling Fan,2,14.5,1.5633
Satara,11,26.8,58.2,Desktop Computer,1,4.3,1.4757
Satara,9,23.1,87.0,Water Heater (Geyser),4,0.6,1.3236
Satara,1,24.4,54.4,Ceiling Fan,5,7.8,0.4628
Mumbai,12,45.7,63.5,LED TV,2,18.0,1.9243
Satara,7,26.2,74.9,Air Conditioner,4,3.5,7.3226
Mumbai,10,30.8,76.4,Refrigerator,5,22.8,3.3347
Mumbai,6,31.5,83.4,LED TV,1,3.2,0.3645
Mumbai,1,31.5,53.1,Ceiling Fan,5,16.1,1.0482
Mumbai,6,12.2,20.4,Refrigerator,5,17.7,1.8175
Satara,2,21.5,41.6,Washing Machine,1,0.8,0.5436
Mumbai,3,21.0,39.8,Microwave Oven,3,12.8,16.0915
Mumbai,8,44.7,33.6,LED TV,3,8.6,0.7812
Satara,12,17.1,56.1,Microwave Oven,3,1.2,1.5173
Satara,1,21.7,51.8,Microwave Oven,2,0.9,1.2507
Satara,11,23.8,40.1,Washing Machine,4,0.9,0.4241
Mumbai,10,26.9,77.7,Washing Machine,5,1.2,0.4959
Mumbai,3,28.4,60.1,Ceiling Fan,4,13.3,1.0704
Satara,3,27.0,30.9,Microwave Oven,3,1.4,1.837
Mumbai,4,29.1,75.1,Water Heater (Geyser),4,2.4,5.5628
Satara,8,24.8,87.2,Ceiling Fan,4,13.8,1.1158
Mumbai,10,32.7,61.7,Ceiling Fan,5,4.6,0.3118
Satara,4,29.0,56.7,Refrigerator,2,23.5,5.3207
Mumbai,1,25.8,65.0,Iron,1,1.4,1.7152
Satara,1,16.9,50.6,Ceiling Fan,2,8.9,0.8345
Satara,5,34.6,70.4,LED TV,3,8.0,0.7295
Mumbai,2,27.5,62.5,Desktop Computer,5,3.6,0.7696
Satara,1,20.3,48.1,Microwave Oven,3,1.4,1.7519
Mumbai,10,47.9,70.8,Ceiling Fan,3,18.7,2.4832
Satara,3,24.5,48.8,Microwave Oven,1,0.6,0.9129
Mumbai,12,28.3,91.6,Desktop Computer,3,23.1,6.8364
Satara,1,11.6,49.5,Air Conditioner,5,5.8,6.8171
Mumbai,1,25.7,51.3,Desktop Computer,5,4.5,0.9503
Satara,2,24.8,36.4,LED TV,1,6.5,0.6554
Satara,6,25.0,82.4,Room Heater,4,3.3,6.76
Satara,7,26.3,86.7,Air Conditioner,5,5.2,9.2992
Mumbai,8,31.2,88.0,Room Heater,4,3.5,7.7408
Satara,11,27.2,61.1,Water Heater (Geyser),3,0.8,2.0118
Satara,1,19.4,56.3,Ceiling Fan,5,5.9,0.328
Satara,10,26.9,66.1,Microwave Oven,1,20.9,32.3858
Satara,1,21.5,36.7,Room Heater,5,3.6,6.0314
Mumbai,4,32.4,73.7,Iron,1,1.1,1.3974
Mumbai,1,24.2,58.9,LED TV,1,5.8,0.5898
Satara,8,25.0,76.9,Refrigerator,2,21.9,4.9442
Mumbai,10,32.8,67.2,Refrigerator,3,20.0,4.3199
Mumbai,3,24.8,76.0,Refrigerator,4,23.8,3.9301
Satara,1,21.9,50.5,Air Conditioner,5,11.2,17.7277
Satara,10,30.3,61.0,Iron,4,0.5,0.5148
Satara,7,22.1,78.9,Ceiling Fan,3,13.2,1.2171
Satara,4,30.8,50.0,Iron,1,1.0,1.22
Mumbai,4,31.1,67.2,LED TV,3,2.1,0.1903
Satara,2,31.9,74.8,Water Heater (Geyser),2,22.6,66.8818
Satara,9,22.7,74.0,Refrigerator,1,23.1,5.767
Satara,1,24.6,44.1,Desktop Computer,2,7.4,2.2542
Satara,11,25.4,42.1,Iron,3,0.9,0.9507
Mumbai,5,18.6,86.8,Room Heater,3,23.5,49.6103
Satara,3,25.0,26.6,Refrigerator,5,22.4,2.8411
Satara,9,22.5,76.3,Water Heater (Geyser),5,2.3,4.4912
Satara,7,35.3,19.6,Iron,1,23.1,27.126
Satara,1,21.9,29.6,Iron,1,0.8,0.9154
Mumbai,4,29.9,68.1,Washing Machine,2,1.4,0.9385
Satara,7,24.3,89.5,LED TV,3,7.6,0.7083
Satara,5,44.8,15.9,Microwave Oven,4,14.3,17.898
Mumbai,8,42.3,46.5,Room Heater,4,17.2,39.1363
Satara,1,23.2,63.7,Water Heater (Geyser),5,0.7,1.3321
Mumbai,7,29.3,18.2,Room Heater,5,21.8,38.5492
Satara,11,25.4,55.3,Desktop Computer,2,6.3,1.9612
Satara,7,34.4,57.7,LED TV,3,22.0,1.9957
Mumbai,2,26.7,52.9,Refrigerator,4,23.6,3.9005
Satara,11,32.0,61.8,Desktop Computer,3,11.1,3.163
Mumbai,6,21.4,64.1,Iron,5,22.7,21.5902
Satara,11,25.1,51.7,Microwave Oven,3,0.3,0.3881
Satara,7,40.7,60.1,Iron,5,17.9,18.0062
Satara,10,28.4,60.4,Ceiling Fan,4,15.5,1.2441
Mumbai,1,46.3,74.0,Water Heater (Geyser),2,8.8,29.5408
Satara,8,24.3,79.7,Air Conditioner,2,10.9,27.6941
Satara,2,26.0,50.5,Water Heater (Geyser),4,1.9,4.1723
Satara,9,29.6,87.9,Washing Machine,1,1.6,1.2154
Mumbai,8,28.1,87.2,Microwave Oven,2,0.9,1.3559
Satara,1,21.8,46.1,Water Heater (Geyser),3,1.1,2.5016
Satara,12,19.9,48.7,Water Heater (Geyser),1,2.8,7.5986
Mumbai,8,28.5,94.5,Washing Machine,2,1.4,0.9637
Satara,5,32.2,40.9,Desktop Computer,4,8.5,2.0801
Mumbai,4,29.8,65.3,Air Conditioner,3,6.3,15.9189
Satara,8,26.0,78.1,Room Heater,5,3.1,5.7715
Mumbai,2,22.8,16.4,Desktop Computer,3,9.9,2.5479
Satara,7,25.9,83.9,Desktop Computer,4,6.3,1.6193
Satara,3,41.1,58.1,Room Heater,3,23.3,58.1772
Mumbai,9,30.9,88.0,Microwave Oven,2,0.6,0.9275
Mumbai,2,23.6,55.1,LED TV,2,4.4,0.4131
Mumbai,8,30.1,88.3,Ceiling Fan,1,4.0,0.5793
Mumbai,11,10.8,61.2,Ceiling Fan,1,4.0,0.3987
Satara,10,34.8,34.3,Water Heater (Geyser),5,20.9,43.8902
Mumbai,11,22.7,36.3,Washing Machine,5,19.0,7.3581
Satara,3,29.7,21.2,LED TV,4,2.1,0.1585
Mumbai,6,32.0,89.6,Refrigerator,5,22.2,3.391
Mumbai,12,29.5,61.3,Desktop Computer,1,4.7,1.6871
Satara,2,19.7,51.1,Air Conditioner,1,4.4,10.6884
Satara,3,26.8,45.5,Ceiling Fan,4,5.9,0.4612
Mumbai,5,30.0,74.9,Room Heater,1,4.4,11.7787
Satara,6,25.3,65.9,Room Heater,1,2.1,5.2371
Mumbai,8,21.1,60.6,LED TV,5,23.6,1.6348
Mumbai,2,26.5,60.6,LED TV,4,5.6,0.4519
Mumbai,2,30.5,83.1,Ceiling Fan,2,23.0,2.9065
Satara,3,20.7,44.4,LED TV,2,2.5,0.2255
Satara,7,27.7,82.9,Iron,4,1.2,1.2796
Mumbai,7,28.4,81.5,Washing Machine,1,1.6,1.1998
Satara,2,20.8,45.3,Ceiling Fan,3,12.0,1.0355
Mumbai,9,30.6,82.2,Ceiling Fan,4,12.1,1.0796
Mumbai,4,31.4,51.7,Microwave Oven,5,0.5,0.5721
Mumbai,1,32.4,53.5,Water Heater (Geyser),4,15.6,36.7171
Mumbai,1,23.6,61.8,Water Heater (Geyser),1,1.9,5.4231
Satara,11,23.5,56.1,Room Heater,1,1.5,3.6259
Mumbai,10,31.5,78.0,Desktop Computer,5,8.0,1.8192
Mumbai,6,29.2,76.0,Room Heater,3,3.0,6.9372
Mumbai,8,28.4,89.0,Air Conditioner,3,5.3,13.3044
Satara,12,24.2,46.6,Refrigerator,4,23.8,3.6956
Mumbai,11,28.3,59.4,Washing Machine,3,1.8,1.0198
Mumbai,5,32.8,70.4,Water Heater (Geyser),4,2.2,5.3002
Satara,1,25.3,67.3,Refrigerator,2,23.3,5.1726
Satara,5,32.8,63.7,Refrigerator,3,22.1,4.7129
Mumbai,10,28.1,74.9,LED TV,1,7.7,0.8492
Mumbai,11,26.3,27.1,Air Conditioner,1,10.6,29.1012
Satara,2,24.9,42.6,Washing Machine,2,1.1,0.6817
Satara,11,22.9,43.8,LED TV,4,5.8,0.4266
Satara,6,12.1,20.5,LED TV,3,14.0,1.0817
Mumbai,11,28.5,87.1,Desktop Computer,2,4.0,1.349
Mumbai,1,29.2,52.5,Iron,3,0.9,0.9547
Mumbai,6,31.6,83.9,Refrigerator,1,23.0,6.5084
Satara,5,27.7,27.0,Refrigerator,4,20.4,3.176
Mumbai,1,21.9,54.0,Air Conditioner,1,11.7,30.2138
Satara,1,23.2,44.4,Desktop Computer,2,4.1,1.2251
Satara,10,27.5,63.9,Iron,4,1.3,1.3298
Satara,10,31.3,76.7,LED TV,4,2.3,0.1912
Mumbai,12,28.0,74.7,Air Conditioner,5,3.1,5.7036
Mumbai,5,28.3,28.5,Desktop Computer,3,17.6,4.7326
Satara,2,28.3,30.6,Washing Machine,5,1.2,0.4757
Satara,12,44.5,62.7,Refrigerator,1,13.6,4.2928
Mumbai,5,29.8,76.8,Water Heater (Geyser),3,2.3,6.1855
Satara,7,43.0,21.2,Washing Machine,1,4.8,3.55
Mumbai,4,29.7,73.3,Refrigerator,3,23.0,4.7703
Satara,3,31.7,37.9,Water Heater (Geyser),2,1.9,5.3503
Satara,7,28.8,27.0,Water Heater (Geyser),1,19.3,54.6335
Mumbai,8,29.9,82.4,Iron,3,0.8,0.9149
Mumbai,12,11.1,26.8,Microwave Oven,3,16.2,18.9642
Satara,9,25.1,84.8,Ceiling Fan,1,12.9,1.7249
Satara,12,21.7,36.1,Water Heater (Geyser),4,1.4,2.7992
Satara,3,28.6,32.2,LED TV,5,4.5,0.3083
Mumbai,8,19.7,32.6,Microwave Oven,2,2.2,2.9218
Satara,12,20.4,42.1,LED TV,3,4.1,0.3388
Satara,2,15.0,54.4,Room Heater,3,13.8,26.6529
Satara,4,28.7,35.4,Air Conditioner,5,2.9,5.1861
Mumbai,2,25.0,57.2,Water Heater (Geyser),4,2.5,5.4228
Mumbai,4,10.8,15.7,Washing Machine,5,3.1,1.0682
Satara,2,23.7,26.9,Air Conditioner,2,11.9,27.7268
Mumbai,12,26.7,55.6,Water Heater (Geyser),3,1.8,4.4447
Satara,7,19.2,93.9,Water Heater (Geyser),4,9.2,20.0828
Mumbai,5,33.8,70.5,Room Heater,3,5.2,12.2816
Mumbai,11,29.2,72.1,Refrigerator,1,20.7,5.5418
Satara,10,26.9,57.7,Room Heater,2,2.6,6.2357
Mumbai,4,39.9,40.7,Washing Machine,3,1.4,0.8216
Mumbai,2,24.4,57.4,Ceiling Fan,2,5.1,0.5605
Mumbai,10,31.5,70.9,LED TV,2,7.8,0.783
Mumbai,11,28.5,73.2,Desktop Computer,2,2.2,0.7202
Satara,5,39.3,73.7,Ceiling Fan,1,7.3,1.1838
Satara,5,26.7,29.5,LED TV,3,6.6,0.5437
Satara,6,41.5,41.5,Air Conditioner,4,14.6,38.0236
Mumbai,8,26.9,83.6,Water Heater (Geyser),1,2.1,6.5011
Mumbai,1,25.1,56.7,Refrigerator,5,22.6,2.9605
Satara,2,28.9,37.2,Iron,4,1.0,0.9836
Mumbai,7,27.1,89.7,Ceiling Fan,4,11.0,0.9172
Mumbai,4,29.8,69.1,Air Conditioner,4,3.4,7.4472
Mumbai,8,31.7,54.4,Ceiling Fan,5,12.7,0.8257
Mumbai,4,21.6,40.7,Air Conditioner,2,4.3,9.6619
Satara,11,25.7,43.0,Washing Machine,2,0.9,0.5489
Mumbai,10,31.1,81.2,Ceiling Fan,3,15.1,1.6529
Satara,2,25.9,49.5,Refrigerator,2,20.2,4.3207
Mumbai,5,23.4,76.9,Refrigerator,5,1.2,0.1624
Satara,3,31.0,37.6,Refrigerator,5,23.4,3.2614
Satara,1,30.0,59.1,LED TV,3,17.2,1.5376
Satara,4,37.4,94.2,Air Conditioner,3,13.8,41.1065
Mumbai,2,41.4,18.4,Refrigerator,3,10.4,2.2221
Satara,10,25.5,68.1,Microwave Oven,3,0.6,0.8024
Mumbai,7,28.0,93.9,Refrigerator,2,20.8,4.9756
Mumbai,2,24.6,68.0,Refrigerator,5,20.8,2.7995
Satara,2,24.6,31.5,Ceiling Fan,4,13.2,0.9614
Satara,12,19.7,93.5,Air Conditioner,1,8.9,23.2066
Satara,4,29.6,43.8,Microwave Oven,3,0.8,1.0527
Satara,3,26.1,47.4,Room Heater,5,3.5,6.1783
Satara,1,23.0,43.2,Room Heater,1,5.6,13.4505
Satara,8,26.0,85.6,Ceiling Fan,4,13.8,1.1275
Satara,11,24.9,34.5,Room Heater,3,2.0,4.1207
Mumbai,12,26.7,69.0,Iron,3,0.6,0.6541
Satara,6,31.6,79.4,Refrigerator,2,22.0,5.4984
Mumbai,4,30.9,67.6,Desktop Computer,4,7.6,1.9483
Satara,5,46.0,72.9,Ceiling Fan,1,18.9,3.3362
Mumbai,4,47.7,29.6,Water Heater (Geyser),1,11.6,40.0831
Mumbai,8,29.1,82.9,LED TV,3,5.1,0.4644
Satara,8,23.4,85.2,Ceiling Fan,5,12.4,0.7521
Mumbai,5,28.9,85.5,Microwave Oven,2,0.4,0.6093
Mumbai,9,39.0,39.2,Water Heater (Geyser),2,23.7,73.6714
Mumbai,11,16.4,45.5,Desktop Computer,4,13.0,2.9652
Satara,1,35.4,53.3,Water Heater (Geyser),4,14.7,35.9915
Satara,7,23.2,83.3,Iron,2,1.4,1.6063
Satara,11,26.2,48.0,Microwave Oven,1,0.9,1.3805
Satara,7,31.5,72.0,Desktop Computer,2,18.6,6.1384
Satara,9,26.8,80.7,Water Heater (Geyser),2,1.8,5.1354
Satara,8,25.6,82.0,Desktop Computer,5,8.9,1.9472
Mumbai,12,27.8,60.3,Refrigerator,5,23.5,3.2246
Mumbai,3,28.5,59.7,LED TV,3,3.9,0.3416
Satara,4,32.3,63.9,Desktop Computer,3,6.9,2.0079
Satara,8,23.2,79.5,LED TV,2,4.8,0.4703
Satara,11,27.0,56.6,Washing Machine,2,1.4,0.905
Satara,11,17.4,26.9,Desktop Computer,4,2.2,0.4907
Satara,10,19.4,67.7,Iron,4,12.7,12.6907
Mumbai,2,47.4,68.3,Microwave Oven,3,7.2,10.788
Mumbai,5,31.1,79.4,Water Heater (Geyser),5,1.9,4.0731
Satara,11,20.6,52.6,LED TV,1,5.2,0.531
Mumbai,6,33.8,78.1,Ceiling Fan,5,9.9,0.6963
Mumbai,11,28.8,67.8,Room Heater,5,3.1,5.9093
Satara,7,26.3,88.1,Air Conditioner,4,8.5,18.0345
Satara,12,41.9,21.7,Desktop Computer,2,6.1,2.0057
Mumbai,2,28.5,57.7,Refrigerator,4,21.7,3.652
Mumbai,1,29.8,42.0,Washing Machine,1,20.0,14.0815
Satara,4,31.3,20.6,Microwave Oven,5,1.4,1.5386
Mumbai,5,29.9,87.6,Air Conditioner,2,6.1,17.9332
Mumbai,2,28.9,54.3,Desktop Computer,1,4.3,1.5043
Mumbai,2,29.5,48.2,Ceiling Fan,4,5.5,0.4432
Satara,5,16.5,30.2,Iron,2,10.4,11.1183
Satara,10,24.5,52.7,Iron,4,1.4,1.3997
Mumbai,4,29.9,59.9,Iron,3,0.9,0.993
Mumbai,1,24.1,57.8,LED TV,2,5.2,0.4918
Mumbai,10,31.5,73.4,Iron,5,1.3,1.2901
Mumbai,10,29.9,66.6,Washing Machine,2,1.0,0.6554
Satara,7,25.8,83.4,Refrigerator,2,21.8,4.9829
Mumbai,3,17.6,89.9,Desktop Computer,4,0.9,0.222
Satara,2,22.6,50.7,Microwave Oven,2,0.4,0.5577
Satara,10,29.5,23.9,Iron,1,9.6,11.3243
Satara,4,29.1,44.5,Washing Machine,2,1.8,1.1492
Satara,4,31.7,45.1,Washing Machine,4,0.8,0.3845
Mumbai,9,27.4,91.0,Water Heater (Geyser),4,1.9,4.4362
Satara,4,30.4,57.8,Air Conditioner,4,8.4,18.6287
Satara,8,26.8,83.0,Refrigerator,1,20.1,5.2886
Mumbai,7,27.6,92.9,Microwave Oven,4,1.2,1.5565
Satara,11,21.6,72.5,Iron,3,1.1,1.1883
Satara,8,36.3,33.9,Water Heater (Geyser),1,4.4,13.937
Satara,9,22.4,80.0,Air Conditioner,1,4.1,11.3729
Satara,3,21.6,87.8,Iron,2,14.5,17.1885
Mumbai,7,31.4,90.8,Room Heater,4,5.9,13.0594
Satara,1,22.5,61.2,Desktop Computer,1,4.2,1.4226
Satara,6,40.3,76.0,Microwave Oven,5,4.5,5.651
Mumbai,5,13.1,27.5,Refrigerator,5,6.4,0.6942
Satara,9,28.3,76.8,Refrigerator,3,20.7,4.2391
Satara,4,44.0,31.3,Iron,5,9.3,8.9113
Mumbai,11,16.5,19.5,Air Conditioner,2,15.1,29.8192
Satara,6,26.5,73.6,Washing Machine,4,1.8,0.8963
Mumbai,3,25.4,66.1,Desktop Computer,5,4.1,0.8886
Satara,2,29.2,26.3,Desktop Computer,1,9.5,3.226
Mumbai,6,32.2,77.5,Ceiling Fan,2,4.7,0.5825
Mumbai,4,20.3,83.3,Desktop Computer,1,13.9,4.7935
Satara,5,32.5,55.1,LED TV,4,6.7,0.5308
Mumbai,8,40.2,49.1,Desktop Computer,3,19.3,5.7341
Mumbai,6,33.8,84.6,Water Heater (Geyser),1,1.7,5.7494
Satara,1,14.7,21.0,Microwave Oven,5,9.3,9.2473
Satara,10,25.5,63.8,Water Heater (Geyser),3,2.8,6.9618
Mumbai,5,31.9,71.8,Refrigerator,5,22.1,3.2873
Satara,5,17.6,27.9,Room Heater,3,14.2,27.3561
Satara,11,21.5,52.9,Room Heater,4,4.2,7.8641
Mumbai,12,22.1,86.9,Ceiling Fan,3,8.3,0.7726
Satara,7,22.8,80.1,Air Conditioner,3,9.3,20.7716
Mumbai,7,30.6,95.0,Iron,3,0.5,0.5753
Satara,5,37.8,47.9,Water Heater (Geyser),2,2.0,6.0317
Mumbai,5,44.8,83.2,LED TV,3,14.1,1.3978
Satara,11,24.7,46.6,Refrigerator,3,20.4,3.7648
Satara,11,29.1,57.4,Air Conditioner,2,8.6,23.5957
Satara,6,29.3,80.8,Refrigerator,5,21.4,3.0636
Mumbai,5,45.7,29.9,Air Conditioner,2,5.2,17.8362
Satara,12,12.4,59.9,Washing Machine,5,5.7,2.1456
Mumbai,3,27.0,53.0,Water Heater (Geyser),4,2.0,4.4169
Satara,12,22.0,41.1,Air Conditioner,2,5.3,12.2034
Mumbai,3,28.0,61.8,Air Conditioner,2,6.9,18.6647
Satara,6,33.1,77.5,LED TV,2,6.9,0.7025
Mumbai,6,29.5,86.3,Room Heater,2,5.5,13.8277
Satara,11,44.5,22.5,Air Conditioner,4,12.4,32.4853
Mumbai,4,28.2,60.9,LED TV,1,2.2,0.2358
Satara,12,25.4,48.5,Air Conditioner,4,2.6,5.107
Mumbai,3,26.0,79.0,LED TV,2,5.9,0.5977
Satara,7,12.2,60.5,Microwave Oven,5,8.1,8.5631
Satara,1,21.2,49.1,Water Heater (Geyser),1,1.1,3.0545
Mumbai,11,35.1,89.4,Iron,2,2.3,2.8265
Satara,9,25.7,76.5,Iron,3,1.0,1.1049
Mumbai,2,42.9,68.5,Microwave Oven,2,11.0,17.6502
Mumbai,11,34.8,24.5,Refrigerator,5,7.4,1.0691
Mumbai,11,38.3,89.5,Desktop Computer,4,4.2,1.1718
Mumbai,2,24.9,62.3,Air Conditioner,5,4.4,7.4944
Satara,7,27.1,77.0,Room Heater,3,4.8,10.9662
Satara,12,28.6,83.5,Room Heater,1,6.0,15.8188
Satara,1,20.7,33.5,Microwave Oven,1,0.8,1.1521
Satara,11,12.6,31.3,LED TV,5,23.9,1.4941
Mumbai,7,28.6,88.8,Microwave Oven,5,1.2,1.4219
Satara,8,12.2,35.5,Ceiling Fan,5,3.7,0.1678
Satara,12,20.1,49.6,Desktop Computer,2,7.6,2.2923
Mumbai,8,28.1,90.7,Iron,1,1.1,1.3894
Satara,2,27.0,46.9,Ceiling Fan,5,12.2,0.7464
Satara,2,22.9,45.7,Room Heater,5,3.0,5.2261
Satara,8,13.1,30.5,Desktop Computer,4,11.8,2.568
Mumbai,8,28.5,93.9,Refrigerator,4,20.4,3.7104
Satara,8,23.7,76.3,LED TV,5,3.4,0.2433
Mumbai,6,34.3,86.8,Refrigerator,2,20.5,5.3359
Mumbai,11,30.8,64.1,Air Conditioner,4,9.4,21.1104
Mumbai,3,28.7,27.9,Refrigerator,4,23.5,3.7894
Mumbai,12,27.5,65.8,Microwave Oven,5,23.5,26.9018
Mumbai,10,29.7,78.8,Iron,2,1.3,1.5835
Mumbai,5,29.3,71.7,Air Conditioner,3,2.4,6.0889
Satara,10,23.2,62.4,Water Heater (Geyser),3,2.3,5.5767
Satara,4,31.4,23.0,Desktop Computer,1,4.7,1.6005
Satara,9,26.6,87.1,Iron,2,0.4,0.4809
Satara,3,38.1,48.7,Room Heater,3,21.2,51.4094
Mumbai,1,23.7,65.3,Washing Machine,3,1.3,0.7279
Mumbai,3,45.4,87.7,Air Conditioner,2,18.9,70.6052
Mumbai,4,17.6,29.9,Desktop Computer,3,6.5,1.6844
Satara,9,21.8,80.9,Refrigerator,1,21.7,5.3361
Mumbai,11,27.1,88.2,Water Heater (Geyser),1,1.0,3.1602
Mumbai,5,34.1,71.9,LED TV,3,7.2,0.6656
Mumbai,2,12.6,72.9,LED TV,5,22.3,1.5089
Mumbai,3,31.5,67.4,Ceiling Fan,3,15.0,1.5662
Satara,3,28.8,29.3,Microwave Oven,3,1.5,1.9703
Satara,8,25.8,81.7,Room Heater,4,3.2,6.5096
Mumbai,11,42.7,70.1,Ceiling Fan,2,21.1,3.0702
Satara,4,31.0,31.8,Desktop Computer,1,6.8,2.3131
Mumbai,4,16.7,77.0,Water Heater (Geyser),3,22.7,51.3953
Satara,8,25.1,83.5,Refrigerator,3,21.6,4.3728
Mumbai,6,32.3,74.5,Ceiling Fan,4,5.5,0.4916
Satara,4,28.2,35.6,Air Conditioner,5,9.9,17.5674
Satara,4,34.3,47.0,Ceiling Fan,1,5.1,0.7436
Mumbai,7,29.3,93.1,Iron,4,1.5,1.604
Mumbai,3,23.5,74.8,Air Conditioner,4,13.4,26.2549
Satara,8,22.7,84.2,Room Heater,1,1.5,3.8314
Satara,6,15.8,63.6,Air Conditioner,1,5.7,12.831
Mumbai,6,24.1,79.7,Ceiling Fan,5,6.8,0.4174
Mumbai,6,33.5,80.5,Iron,3,1.2,1.3606
Mumbai,6,29.9,76.7,Air Conditioner,5,7.1,13.6591
Mumbai,11,30.1,73.0,Ceiling Fan,4,9.0,0.7787
Mumbai,5,28.8,82.2,LED TV,1,4.9,0.536
Satara,7,27.8,87.5,Ceiling Fan,2,6.5,0.7754
Satara,1,11.8,63.5,Desktop Computer,5,10.2,2.0059
Mumbai,8,29.3,93.3,Iron,2,1.5,1.8536
Mumbai,3,47.3,83.8,Desktop Computer,3,16.7,5.5015
Satara,9,27.5,73.0,Refrigerator,5,20.5,2.8939
Mumbai,6,30.6,86.9,Air Conditioner,3,7.5,19.8274
Satara,5,33.5,60.1,Air Conditioner,4,9.7,22.4815
Satara,11,23.9,52.5,Air Conditioner,4,4.3,8.1742
Satara,12,21.9,46.6,Room Heater,5,1.8,3.101
Mumbai,1,23.7,56.0,Desktop Computer,5,7.3,1.5172
Satara,9,21.4,72.2,LED TV,3,7.2,0.6333
Satara,7,39.1,28.7,Iron,3,1.6,1.7285
Mumbai,12,13.4,39.9,Iron,5,18.8,16.0582
Satara,12,15.1,57.1,LED TV,5,2.3,0.1494
Mumbai,8,28.8,89.7,Washing Machine,3,1.3,0.7777
Satara,3,32.6,36.3,Microwave Oven,1,1.1,1.6776
Satara,6,24.5,54.5,Refrigerator,1,2.7,0.6566
Satara,1,26.4,36.4,Water Heater (Geyser),3,2.4,5.766
Satara,10,27.2,69.6,Washing Machine,2,1.5,0.9668
Satara,3,26.3,44.7,Water Heater (Geyser),5,1.7,3.2487
Satara,7,25.1,87.0,Iron,5,1.0,1.0062
Satara,1,44.6,54.0,Water Heater (Geyser),1,22.2,78.8605
Mumbai,12,25.6,73.1,Desktop Computer,3,8.9,2.5534
Mumbai,5,30.1,66.3,Iron,2,0.7,0.8178
Mumbai,1,28.6,93.9,Air Conditioner,3,6.2,15.9964
Mumbai,5,29.3,74.6,Refrigerator,2,21.4,5.1119
Mumbai,4,33.3,63.3,LED TV,1,4.2,0.4628
Satara,6,28.4,73.7,Microwave Oven,5,0.7,0.8123
Satara,6,28.3,86.4,Washing Machine,1,2.0,1.5195
Mumbai,3,27.2,55.6,Microwave Oven,3,16.7,22.5627
Mumbai,4,43.2,78.8,Washing Machine,3,12.6,8.023
Mumbai,8,29.9,94.7,Water Heater (Geyser),1,1.7,5.5714
Satara,6,10.4,49.1,LED TV,1,12.9,1.2354
Mumbai,9,30.4,87.9,LED TV,4,2.9,0.2428
Mumbai,9,28.9,87.6,Refrigerator,4,20.1,3.5375
Satara,5,32.2,32.9,Iron,3,1.4,1.4814
Satara,2,23.6,46.3,Refrigerator,3,20.7,3.8113
Mumbai,10,30.8,78.1,Refrigerator,1,21.7,5.9492
Mumbai,8,30.9,92.0,Air Conditioner,4,8.8,20.4183
Satara,3,25.5,41.8,Air Conditioner,1,4.9,13.5667
Satara,11,24.2,54.2,Microwave Oven,2,1.2,1.7017
Satara,8,39.4,20.7,Microwave Oven,2,10.5,15.3755
Satara,6,29.9,71.2,Water Heater (Geyser),4,1.8,4.2521
Mumbai,2,29.3,73.3,Ceiling Fan,5,14.5,0.9573
Satara,1,19.0,38.5,Microwave Oven,4,0.3,0.3444
Satara,4,35.9,65.8,Air Conditioner,3,5.3,14.7724
Satara,12,17.6,80.5,Ceiling Fan,4,22.6,1.5645
Satara,3,29.8,29.8,LED TV,2,7.2,0.6871
Satara,9,20.3,46.9,Ceiling Fan,4,4.4,0.3001
Satara,4,32.2,49.0,LED TV,5,6.4,0.4489
Satara,11,23.1,61.8,Water Heater (Geyser),4,2.9,6.1706
Mumbai,10,17.5,41.8,Microwave Oven,3,19.2,23.6867
Satara,9,42.5,82.7,Room Heater,1,0.6,1.8141
Mumbai,11,38.6,34.6,Room Heater,5,16.4,32.095
Satara,3,28.2,54.6,Air Conditioner,4,11.9,24.7807
Mumbai,5,34.7,79.9,LED TV,2,3.3,0.3433
Mumbai,2,12.0,72.4,LED TV,4,11.7,0.8885
Mumbai,5,39.7,68.1,Iron,2,16.6,20.489
Satara,3,29.2,40.4,Ceiling Fan,3,9.5,0.9259
Satara,1,25.5,37.2,Water Heater (Geyser),2,2.4,6.3124
Mumbai,10,33.0,79.8,Desktop Computer,5,4.8,1.093
Mumbai,12,24.8,59.1,Desktop Computer,5,5.7,1.2047
Mumbai,10,44.7,37.1,Refrigerator,4,14.0,2.767
Mumbai,12,26.9,60.1,Water Heater (Geyser),4,3.0,6.6614
Satara,4,11.7,28.1,Refrigerator,2,10.5,1.7986
Satara,9,26.5,67.3,Washing Machine,2,0.6,0.3941
Mumbai,2,25.8,69.5,Air Conditioner,3,3.4,7.9127
Satara,6,28.7,86.5,Washing Machine,2,1.9,1.2952
Satara,10,24.3,58.5,Washing Machine,2,1.1,0.6911
Mumbai,8,29.7,86.9,Iron,4,0.7,0.7458
Satara,11,43.4,20.8,Iron,3,16.5,17.8948
Mumbai,2,22.6,60.8,Water Heater (Geyser),4,1.7,3.6013
Satara,8,33.7,91.1,Microwave Oven,1,15.7,26.4444
Mumbai,12,27.4,64.7,Ceiling Fan,1,4.1,0.5393
Mumbai,12,28.2,51.2,Iron,3,0.3,0.3258
Satara,6,29.5,81.7,Room Heater,5,4.6,8.939
Mumbai,8,27.9,87.9,Washing Machine,5,1.5,0.6403
Mumbai,5,40.0,21.0,LED TV,5,2.1,0.1456
Satara,6,33.8,16.0,Refrigerator,2,23.3,5.3397
Satara,12,17.0,41.2,Microwave Oven,1,1.1,1.5744
Mumbai,9,27.7,82.1,Water Heater (Geyser),4,1.2,2.8105
Satara,6,27.9,70.2,Refrigerator,2,20.7,4.8799
Satara,2,26.5,32.9,Iron,3,0.5,0.5213
Mumbai,4,44.7,30.6,Room Heater,3,14.9,36.2842
Satara,7,26.3,80.6,LED TV,1,4.2,0.4519
Satara,12,20.5,60.3,Ceiling Fan,1,14.7,1.7203
Mumbai,5,30.7,62.7,Microwave Oven,3,0.9,1.2355
Satara,6,27.6,86.2,Refrigerator,1,21.0,5.6046
Mumbai,8,40.5,61.4,Room Heater,4,23.0,52.3137
Mumbai,3,28.2,67.2,Washing Machine,5,1.9,0.7705
Satara,4,31.5,44.6,Air Conditioner,1,9.2,28.0527
Satara,2,24.4,47.0,Air Conditioner,2,6.0,14.6213
Mumbai,11,13.6,72.3,Desktop Computer,4,7.9,1.8296
Satara,11,21.7,68.7,Refrigerator,4,21.1,3.296
Satara,6,28.7,64.3,Iron,2,1.2,1.3826
Satara,12,23.9,42.0,LED TV,2,2.2,0.2038
Mumbai,12,40.8,88.4,Air Conditioner,2,7.9,27.9729
Mumbai,11,11.7,32.2,Room Heater,4,18.8,30.4553
Mumbai,10,33.5,85.1,Air Conditioner,4,5.4,13.1639
Mumbai,1,24.7,64.3,Microwave Oven,2,0.9,1.2979
Satara,12,24.2,45.6,Iron,3,1.3,1.3677
Mumbai,1,28.6,32.7,Ceiling Fan,5,23.7,1.4638
Mumbai,4,27.6,57.1,LED TV,2,6.2,0.5978
Satara,10,40.9,21.7,Ceiling Fan,1,18.2,2.7208
Satara,4,29.8,36.4,LED TV,1,6.8,0.6967
Satara,6,26.7,74.5,Refrigerator,5,22.2,3.0993
Satara,4,21.8,42.0,Water Heater (Geyser),4,5.3,10.9622
Mumbai,7,30.9,93.8,Iron,1,0.8,1.0503
Mumbai,7,29.4,98.0,Water Heater (Geyser),3,1.5,3.9775
Mumbai,10,32.3,73.6,Desktop Computer,5,9.9,2.2644
Satara,7,24.1,85.0,Washing Machine,3,0.9,0.5256
Satara,1,25.0,45.6,Washing Machine,4,1.0,0.4809
Satara,10,32.4,42.8,LED TV,3,3.2,0.2821
Satara,8,25.6,85.4,Washing Machine,3,0.5,0.2953
Satara,7,28.1,81.8,Air Conditioner,5,10.9,20.6644
Mumbai,8,22.9,27.0,Desktop Computer,3,14.7,3.8375
Satara,9,23.8,82.3,Washing Machine,5,0.6,0.2468
Satara,5,32.1,53.5,Refrigerator,4,23.9,4.2436
Mumbai,1,25.4,62.3,Refrigerator,3,23.1,4.4201
Satara,3,27.9,37.1,Refrigerator,4,23.0,3.7324
Mumbai,5,47.8,58.5,Washing Machine,5,11.6,5.1999
Satara,8,29.4,28.7,Microwave Oven,5,2.2,2.4169
Satara,12,19.3,42.4,Desktop Computer,4,7.3,1.6701
Satara,8,23.0,84.9,Desktop Computer,4,3.6,0.9098
Satara,3,27.7,32.5,Iron,1,1.5,1.7784
Satara,6,30.4,82.1,Iron,4,0.5,0.5313
Mumbai,5,32.1,79.8,Water Heater (Geyser),3,0.6,1.6265
Satara,5,40.3,63.9,Ceiling Fan,3,13.0,1.5497
Mumbai,8,30.5,27.3,Microwave Oven,5,19.6,21.8084
Satara,8,24.4,83.7,LED TV,2,4.9,0.4989
Satara,3,10.7,26.4,LED TV,3,5.7,0.4369
Satara,7,31.6,89.3,Room Heater,2,15.8,39.8918
Satara,11,24.7,43.1,Room Heater,5,2.7,4.6637
Mumbai,8,28.6,87.1,Ceiling Fan,4,8.8,0.761
Satara,9,28.9,76.3,Room Heater,4,1.8,3.7581
Satara,1,19.2,57.1,Water Heater (Geyser),3,1.9,4.2985
Satara,6,28.2,63.9,Ceiling Fan,2,11.0,1.3151
Mumbai,1,23.8,68.8,Microwave Oven,5,1.1,1.2256
Mumbai,7,29.6,93.3,LED TV,5,6.4,0.4802
Mumbai,1,25.0,64.1,Air Conditioner,2,6.1,15.3318
Mumbai,9,30.0,78.3,Washing Machine,1,0.6,0.4503
Mumbai,6,45.5,26.8,LED TV,3,19.5,1.7785
Satara,1,24.0,53.4,LED TV,2,7.0,0.6513
Mumbai,7,27.0,83.9,Iron,5,0.4,0.4014
Satara,3,32.8,21.7,Microwave Oven,5,0.6,0.6659
Mumbai,10,17.8,54.5,Room Heater,4,11.3,20.8333
Mumbai,2,35.6,81.1,Refrigerator,5,16.3,2.544
Satara,11,22.4,51.4,LED TV,3,2.6,0.2204
Satara,6,19.6,77.6,Washing Machine,4,12.8,6.1322
Mumbai,12,37.3,55.4,Room Heater,3,21.8,51.4036
Satara,4,18.6,23.3,Iron,2,1.6,1.6694
Mumbai,12,23.9,54.1,Microwave Oven,4,1.4,1.6737
Mumbai,5,16.0,67.6,Microwave Oven,1,20.9,31.3469
Satara,1,18.5,65.5,Air Conditioner,4,8.2,13.9592
Mumbai,10,18.2,19.6,Water Heater (Geyser),5,16.0,26.7529
Satara,9,22.6,75.1,Microwave Oven,2,1.5,2.1629
Mumbai,10,32.2,77.1,Refrigerator,5,23.6,3.5661
Satara,6,26.6,83.5,LED TV,1,2.9,0.3148
Mumbai,1,25.7,59.8,LED TV,2,2.8,0.2715
Satara,11,13.0,53.1,Ceiling Fan,2,3.0,0.2633
Satara,11,42.5,22.8,Room Heater,2,21.3,54.872
Satara,12,22.3,47.5,Washing Machine,3,0.5,0.2721
Satara,3,20.9,47.4,Microwave Oven,4,2.3,2.7196
Satara,12,22.3,67.0,Desktop Computer,5,3.0,0.6259
Satara,1,47.0,85.8,Microwave Oven,1,11.6,20.7003
Satara,7,24.0,83.4,Refrigerator,5,22.2,3.0447
Mumbai,12,29.8,48.8,Air Conditioner,5,3.5,6.5697
Satara,1,25.6,55.3,Air Conditioner,1,5.7,15.9268
Satara,4,29.4,33.6,Iron,5,1.3,1.1967
Satara,4,27.2,51.9,Ceiling Fan,4,12.3,0.9905
Satara,2,25.8,44.8,Water Heater (Geyser),5,1.4,2.6643
Satara,4,25.6,29.9,Water Heater (Geyser),1,1.3,3.6668
Mumbai,10,34.0,78.8,Room Heater,4,2.8,6.1807
Mumbai,5,38.3,74.7,Water Heater (Geyser),5,16.3,37.9969
Satara,2,25.4,45.9,Air Conditioner,5,7.2,12.2308
Satara,4,32.4,38.6,Microwave Oven,5,1.1,1.2273
Mumbai,9,27.7,15.7,Iron,4,13.0,12.5473
Mumbai,8,27.2,88.9,Washing Machine,2,1.1,0.7428
Satara,1,22.7,56.9,Ceiling Fan,5,14.4,0.8331
Mumbai,4,30.9,76.9,Air Conditioner,5,3.9,7.5487
Mumbai,5,35.7,62.5,Air Conditioner,5,12.0,25.7378
Mumbai,2,26.4,61.2,Water Heater (Geyser),2,1.4,3.8367
Mumbai,12,14.9,84.5,LED TV,5,1.8,0.1247
Satara,4,29.8,56.1,Microwave Oven,3,0.6,0.8289
Satara,4,30.4,43.4,Microwave Oven,1,16.8,25.9767
Mumbai,7,30.1,86.4,Room Heater,1,2.4,6.6613
Mumbai,10,31.7,82.7,Air Conditioner,2,10.4,31.1451
Satara,10,29.2,60.9,Microwave Oven,4,1.5,1.892
Satara,10,32.3,56.1,Water Heater (Geyser),1,2.3,7.1868
Mumbai,7,25.8,43.9,Water Heater (Geyser),5,4.8,9.2832
Satara,7,24.4,84.2,Air Conditioner,2,7.2,18.3254
Mumbai,3,37.2,28.7,Desktop Computer,1,3.0,1.0512
Mumbai,3,27.7,59.8,Microwave Oven,4,0.9,1.135
Satara,2,25.4,30.2,Desktop Computer,3,5.8,1.5641
Mumbai,12,29.2,66.0,LED TV,3,2.7,0.2415
Mumbai,4,33.4,64.5,Ceiling Fan,4,13.6,1.1863
Satara,12,21.0,45.1,Water Heater (Geyser),1,1.6,4.393
Satara,2,25.0,29.5,Desktop Computer,1,2.1,0.6891
Satara,6,31.5,81.0,Refrigerator,5,22.5,3.4383
Satara,1,21.2,57.4,Desktop Computer,1,3.0,1.0017
Satara,7,27.4,70.9,Refrigerator,3,24.0,4.808
Mumbai,3,14.6,55.8,LED TV,3,14.3,1.1978
Mumbai,11,29.7,59.7,Desktop Computer,5,3.9,0.8444
Mumbai,11,28.7,80.0,Refrigerator,3,20.5,4.248
Satara,6,27.6,82.7,Ceiling Fan,5,4.8,0.3155
Mumbai,11,32.8,69.2,LED TV,3,2.8,0.2598
Mumbai,2,25.5,56.0,LED TV,4,4.4,0.3458
Satara,10,19.2,91.0,Ceiling Fan,2,17.5,1.8778
Satara,2,32.6,79.8,Air Conditioner,3,11.5,31.4396
Satara,12,27.2,51.6,Water Heater (Geyser),4,2.0,4.389
Satara,1,26.0,46.2,Iron,4,0.9,0.8996
Satara,3,31.0,37.2,LED TV,1,4.8,0.5054
Satara,10,26.4,61.7,Washing Machine,4,1.0,0.4932
Satara,2,33.5,87.1,Ceiling Fan,2,2.5,0.3305
Satara,9,25.5,74.4,Water Heater (Geyser),3,0.8,2.0073
Mumbai,9,19.1,16.9,Room Heater,5,1.5,2.3523
Mumbai,4,31.0,71.4,Microwave Oven,4,1.4,1.8046
Satara,9,27.1,83.0,Microwave Oven,2,1.1,1.6624
Mumbai,5,30.4,68.6,Iron,5,0.8,0.7797
Mumbai,12,25.8,54.1,Desktop Computer,5,2.6,0.5571
Mumbai,7,23.1,82.6,Air Conditioner,4,2.6,5.1063
Mumbai,12,29.5,78.5,Water Heater (Geyser),3,0.9,2.3851
Mumbai,2,23.7,73.8,Room Heater,5,4.4,8.0432
Satara,6,28.4,79.9,Washing Machine,4,0.9,0.4584
Satara,4,32.2,44.4,Iron,2,0.3,0.3429
Satara,11,17.4,34.0,Air Conditioner,3,19.2,35.0869
Satara,3,30.6,56.2,Room Heater,5,2.0,3.8457
Satara,10,25.7,56.7,Water Heater (Geyser),5,2.6,4.9593
Satara,8,35.0,60.8,Desktop Computer,4,19.9,5.1563
Satara,3,45.2,32.9,Ceiling Fan,4,16.9,1.6407
Mumbai,6,33.1,81.5,Iron,2,0.7,0.85
Mumbai,6,33.4,34.5,Air Conditioner,3,23.7,60.1326
Mumbai,12,27.4,70.7,Water Heater (Geyser),3,2.8,7.1867
Mumbai,3,45.1,70.1,Air Conditioner,5,3.5,8.7937
Satara,3,25.9,45.1,Air Conditioner,5,3.1,5.1674
Mumbai,4,23.2,17.9,Iron,2,4.9,5.1449
Mumbai,6,31.3,85.0,Air Conditioner,4,9.0,21.2098
Satara,5,36.8,45.5,Desktop Computer,3,4.8,1.4056
Mumbai,10,34.6,71.5,Desktop Computer,2,22.6,7.5124
Satara,7,26.1,80.2,Room Heater,3,3.0,6.7765
Mumbai,12,30.5,74.4,Desktop Computer,1,5.0,1.8601
Satara,5,30.0,55.6,Water Heater (Geyser),4,1.0,2.2843
Mumbai,9,29.9,74.2,Water Heater (Geyser),1,1.5,4.7334
Satara,9,38.8,61.5,Water Heater (Geyser),3,5.5,15.5539
Mumbai,12,26.8,68.0,LED TV,1,4.5,0.4792
Satara,1,18.3,45.8,Refrigerator,5,21.1,2.4408
Mumbai,12,29.4,53.1,Desktop Computer,1,8.6,3.0696
Satara,3,27.3,34.5,Microwave Oven,3,0.3,0.3886
Mumbai,6,29.4,80.7,Iron,3,0.9,1.0172
Satara,10,17.2,67.6,Ceiling Fan,3,19.2,1.6052
Satara,11,25.1,39.1,LED TV,1,8.8,0.8863
Satara,2,20.4,49.6,Washing Machine,3,1.4,0.773
Satara,4,31.6,36.1,Room Heater,5,4.1,7.5185
Satara,5,36.9,42.6,Water Heater (Geyser),2,0.7,2.0735
Satara,10,25.5,62.8,Air Conditioner,3,7.3,16.6897
Mumbai,7,28.3,88.8,Ceiling Fan,4,6.1,0.5156
Satara,5,30.3,66.3,Room Heater,3,3.8,8.5865
Satara,12,19.7,47.3,Desktop Computer,2,2.4,0.7097
Mumbai,4,46.9,49.5,Room Heater,3,23.3,60.1024
Mumbai,12,10.1,94.8,Air Conditioner,5,5.5,6.7799
Satara,6,28.0,81.2,Water Heater (Geyser),4,2.4,5.5354
Mumbai,2,36.3,51.6,Refrigerator,2,5.8,1.4223
Satara,10,11.3,82.3,Refrigerator,2,19.7,3.6829
Satara,5,12.5,49.9,Desktop Computer,4,4.9,1.1157
Mumbai,11,29.2,75.9,Desktop Computer,4,2.5,0.6456
Mumbai,9,22.6,54.6,Desktop Computer,4,1.8,0.4191
Satara,6,35.6,80.6,Refrigerator,5,6.9,1.0819
Mumbai,3,29.7,57.1,Desktop Computer,5,6.3,1.3604
Satara,5,23.3,32.5,Iron,1,2.0,2.3046
Mumbai,9,44.5,47.9,Desktop Computer,1,20.5,7.7266
Satara,11,40.7,44.2,Desktop Computer,4,4.9,1.2843
Mumbai,4,33.2,64.0,LED TV,4,3.5,0.2914
Satara,12,21.5,44.0,Room Heater,5,3.1,5.3314
Satara,10,24.2,63.8,Water Heater (Geyser),4,11.0,23.9992
Mumbai,12,27.4,67.5,Iron,2,1.3,1.5047
Mumbai,5,32.8,71.2,Iron,5,1.3,1.2972
Satara,8,24.7,78.6,Room Heater,2,5.3,12.8848
Mumbai,1,24.7,58.1,Room Heater,5,3.0,5.4275
Mumbai,5,29.3,62.8,Desktop Computer,1,6.3,2.268
Satara,9,26.0,76.5,Air Conditioner,2,11.7,30.6145
Mumbai,12,27.5,70.0,Water Heater (Geyser),4,1.9,4.3628
Mumbai,10,29.4,76.0,Refrigerator,3,22.9,4.7589
Mumbai,8,29.2,90.6,Washing Machine,3,1.9,1.1353
Mumbai,6,32.5,81.8,Water Heater (Geyser),4,2.0,4.9292
Satara,8,23.8,83.6,Washing Machine,2,0.6,0.3962
Mumbai,3,23.9,64.5,Air Conditioner,2,4.2,10.3606
Mumbai,11,30.3,63.1,Water Heater (Geyser),4,1.5,3.5007
Mumbai,10,30.9,70.7,Microwave Oven,5,1.2,1.4347
Satara,3,42.9,84.2,Ceiling Fan,3,14.5,1.8775
Satara,2,22.5,39.0,Air Conditioner,5,5.3,8.3804
Mumbai,9,29.5,81.8,Air Conditioner,4,10.3,23.0588
Mumbai,1,26.2,63.2,Ceiling Fan,5,6.2,0.379
Mumbai,1,24.2,67.7,Water Heater (Geyser),4,1.8,3.9896
Satara,12,20.3,42.5,Refrigerator,4,20.7,3.0501
Satara,6,28.1,79.3,Refrigerator,1,22.8,6.0941
Satara,9,26.0,83.7,Refrigerator,3,23.9,4.8239
Satara,8,23.9,73.5,Washing Machine,4,0.9,0.439
Satara,2,22.0,33.1,Water Heater (Geyser),3,0.7,1.5782
Mumbai,9,30.9,79.7,Desktop Computer,5,5.8,1.3082
Satara,3,28.8,39.9,Desktop Computer,5,8.1,1.6752
Mumbai,1,26.0,67.0,Washing Machine,4,1.3,0.6433
Satara,12,27.6,27.0,Room Heater,4,19.1,36.711
Satara,3,15.9,51.8,Ceiling Fan,3,8.5,0.6768
Satara,11,24.3,45.5,Microwave Oven,5,0.7,0.7507
Mumbai,7,30.4,87.3,Refrigerator,4,22.7,4.1343
Mumbai,2,31.0,62.6,Ceiling Fan,4,21.0,1.7562
Satara,2,25.7,34.6,Room Heater,2,3.3,7.4373
Mumbai,5,34.9,70.7,Iron,5,1.4,1.3912
Mumbai,6,35.2,94.3,LED TV,2,19.9,2.1074
Satara,9,30.3,70.4,Microwave Oven,1,15.5,24.8887
Satara,9,25.2,81.5,Washing Machine,5,1.4,0.5961
Satara,9,23.7,83.7,Refrigerator,5,21.2,2.9169
Satara,9,28.4,71.0,LED TV,1,2.4,0.2563
Mumbai,9,29.0,87.9,Washing Machine,2,1.5,1.0202
Satara,8,22.9,80.8,LED TV,4,6.6,0.5215
Mumbai,8,20.7,63.4,Microwave Oven,3,17.2,22.7808
Satara,7,28.9,81.3,Desktop Computer,3,7.8,2.2972
Mumbai,6,31.3,78.6,Room Heater,2,5.0,12.5083
Satara,8,26.8,80.7,Desktop Computer,1,4.7,1.6971
Satara,12,20.8,45.7,Water Heater (Geyser),3,2.9,6.6584
Satara,10,29.3,61.3,Water Heater (Geyser),2,1.3,3.643
Satara,3,23.3,37.8,Desktop Computer,3,7.9,2.0892
Satara,9,25.9,76.4,Room Heater,2,1.7,4.0525
Satara,9,28.3,74.2,LED TV,1,7.2,0.7866
Satara,11,25.0,30.1,Air Conditioner,4,21.8,41.1896
Satara,8,40.4,43.5,Water Heater (Geyser),3,4.9,13.7086
Mumbai,4,31.5,64.3,Washing Machine,4,1.4,0.7125
Satara,3,37.2,39.5,Microwave Oven,5,16.9,19.3824
Mumbai,9,30.2,89.6,Water Heater (Geyser),1,0.7,2.2584
Satara,8,14.3,94.5,Desktop Computer,3,18.2,5.053
Mumbai,5,32.7,59.9,Iron,3,0.8,0.8796
Satara,12,15.6,42.8,Iron,3,1.4,1.4216
Mumbai,8,12.7,27.5,Washing Machine,2,1.8,1.0116
Satara,10,20.8,39.4,Water Heater (Geyser),2,1.1,2.7195
Mumbai,4,31.9,80.8,Room Heater,1,2.2,6.1124
Mumbai,2,24.4,61.3,Washing Machine,1,0.6,0.4341
Satara,11,22.9,47.7,Air Conditioner,3,4.8,10.1848
Mumbai,11,28.7,65.5,LED TV,4,16.3,1.3037
Mumbai,11,25.6,69.4,Iron,3,0.4,0.4412
Mumbai,1,28.0,67.8,Refrigerator,3,21.8,4.4102
Satara,4,15.9,89.6,Room Heater,5,19.2,32.9221
Mumbai,11,24.9,82.3,Ceiling Fan,1,6.0,0.787
Satara,2,15.9,75.1,Water Heater (Geyser),2,6.0,14.9165
Satara,7,33.7,90.5,Microwave Oven,4,16.8,22.499
Mumbai,3,31.4,76.9,Ceiling Fan,3,9.0,0.9656
Mumbai,3,26.6,46.8,Washing Machine,5,18.0,7.251
Satara,8,23.6,73.4,Desktop Computer,3,2.9,0.8139
Mumbai,5,19.6,85.2,Room Heater,5,10.7,18.9877
Satara,2,23.9,30.8,Ceiling Fan,1,13.0,1.5366
Satara,2,26.2,47.4,Water Heater (Geyser),4,1.1,2.3717
Satara,8,29.2,56.9,Water Heater (Geyser),2,6.1,17.2697
Mumbai,9,29.3,67.3,Microwave Oven,1,18.3,28.735
Mumbai,3,27.3,17.4,Room Heater,5,9.8,16.7374
Satara,12,23.9,32.0,Iron,4,1.3,1.2409
Satara,9,20.8,76.3,Desktop Computer,2,2.1,0.6536
Satara,11,25.3,50.5,Iron,5,1.0,0.9483
Satara,6,26.3,75.0,Ceiling Fan,4,11.4,0.9071
Satara,2,17.8,34.0,LED TV,1,4.2,0.4122
Mumbai,3,25.4,50.4,Ceiling Fan,1,9.6,1.216
Satara,7,23.9,79.3,LED TV,2,4.4,0.4357
Satara,6,27.6,21.3,Room Heater,5,15.1,26.4069
Satara,8,25.6,78.3,Washing Machine,4,0.7,0.3453
Satara,3,22.5,37.9,Room Heater,3,4.1,8.263
Satara,4,26.0,52.5,Ceiling Fan,3,4.1,0.3813
Mumbai,2,26.9,53.2,Iron,4,0.6,0.6019
Mumbai,6,33.2,84.3,Microwave Oven,1,0.8,1.3227
Satara,6,28.8,74.1,Microwave Oven,1,0.9,1.4644
Mumbai,2,26.9,60.9,Ceiling Fan,4,5.8,0.4695
Mumbai,3,10.4,25.4,Washing Machine,5,7.8,2.674
Mumbai,7,41.6,69.6,LED TV,3,1.3,0.1238
Mumbai,1,25.1,57.8,Iron,4,1.3,1.3084
Satara,8,28.7,75.3,Water Heater (Geyser),3,10.1,26.2397
Satara,8,24.1,78.7,LED TV,1,4.0,0.436
Mumbai,7,28.6,87.9,Air Conditioner,5,6.9,13.3791
Mumbai,11,28.3,27.6,Air Conditioner,2,16.8,43.6597
Satara,9,33.4,66.5,Iron,3,11.0,12.6162
Satara,3,26.2,34.3,Air Conditioner,1,3.3,9.1202
Mumbai,7,31.2,84.1,Water Heater (Geyser),3,0.6,1.6415
Satara,3,27.4,48.3,Washing Machine,3,1.3,0.7238
Mumbai,8,30.3,86.2,LED TV,4,4.4,0.3627
Satara,2,27.3,46.9,LED TV,3,7.6,0.6564
Satara,2,25.3,42.8,Room Heater,1,5.2,12.6226
Satara,12,25.5,48.4,LED TV,4,4.5,0.3452
Mumbai,3,28.8,70.0,Room Heater,2,1.1,2.7328
Mumbai,7,31.5,84.8,Washing Machine,3,0.9,0.5451
Mumbai,3,35.4,84.0,Refrigerator,3,4.3,0.9715
Mumbai,10,30.1,83.8,Room Heater,2,4.9,12.3724
Satara,9,24.6,78.3,Ceiling Fan,4,13.6,1.0524
Satara,8,24.3,88.9,Microwave Oven,1,0.4,0.6493
Mumbai,12,28.2,63.3,Water Heater (Geyser),1,3.0,9.0725
Satara,12,18.8,44.1,Microwave Oven,2,0.6,0.8109
Mumbai,10,28.9,80.4,Ceiling Fan,2,10.6,1.2931
Mumbai,7,31.8,89.3,Refrigerator,5,24.0,3.6289
Satara,11,26.3,57.2,Room Heater,2,4.5,10.6336
Satara,2,14.1,93.7,Microwave Oven,2,1.4,1.9848
Mumbai,3,26.8,55.1,Room Heater,1,2.0,5.0829
Satara,3,36.9,57.2,Water Heater (Geyser),4,16.7,41.3106
Satara,1,25.4,49.8,Water Heater (Geyser),4,2.1,4.5967
Satara,10,24.9,64.6,Ceiling Fan,4,8.3,0.6515
Mumbai,11,15.5,23.3,Iron,5,7.6,6.5193
Mumbai,11,27.5,64.2,Water Heater (Geyser),5,1.8,3.6053
Satara,8,34.5,19.5,Ceiling Fan,1,4.2,0.5786
Mumbai,4,34.5,61.5,Water Heater (Geyser),5,2.9,6.2575
Satara,8,46.3,88.3,LED TV,2,13.3,1.458
Mumbai,11,30.3,84.4,Washing Machine,1,0.8,0.607
Satara,5,30.8,17.0,Washing Machine,3,5.1,2.79
Mumbai,11,30.5,64.9,Air Conditioner,5,10.2,19.4074
Satara,1,21.6,48.6,Desktop Computer,5,7.2,1.4571
Satara,6,25.2,77.1,Ceiling Fan,4,9.7,0.7612
Satara,5,38.3,58.5,Ceiling Fan,1,4.9,0.7577
Mumbai,5,32.0,67.0,Microwave Oven,1,0.9,1.4561
Satara,11,23.0,48.5,Water Heater (Geyser),1,2.4,6.7608
Mumbai,8,28.5,84.0,LED TV,1,5.6,0.6223
Satara,3,35.4,18.7,Refrigerator,1,5.3,1.3794
Mumbai,3,22.4,26.5,Water Heater (Geyser),4,17.2,34.3222
Satara,10,44.4,60.5,Desktop Computer,5,1.2,0.2845
Mumbai,9,29.5,80.3,Desktop Computer,5,4.2,0.9528
Mumbai,5,31.3,63.9,Ceiling Fan,4,9.9,0.8458
Satara,2,23.6,51.9,Water Heater (Geyser),4,2.5,5.3682
Satara,8,23.6,84.0,Microwave Oven,3,0.4,0.549
Satara,12,23.2,49.6,LED TV,5,7.1,0.4869
Satara,9,25.6,83.8,Washing Machine,1,1.7,1.2435
Satara,10,21.9,51.5,Washing Machine,5,1.1,0.4297
Satara,2,20.2,47.8,Microwave Oven,5,1.1,1.1739
Satara,8,21.7,76.2,Microwave Oven,4,0.5,0.6171
Satara,9,25.6,75.0,Water Heater (Geyser),3,2.0,4.9595
Satara,6,37.4,60.6,Refrigerator,2,17.5,4.4981
Satara,3,42.1,63.4,LED TV,1,20.7,2.3478
Mumbai,2,24.3,55.4,Iron,2,0.4,0.4549
Satara,1,32.0,53.5,Air Conditioner,2,18.6,54.1018
Mumbai,10,22.8,90.5,Microwave Oven,4,19.4,24.1944
Mumbai,1,38.0,21.6,Ceiling Fan,5,14.7,1.0038
Satara,10,13.2,56.0,Room Heater,3,20.9,39.6417
Satara,6,29.2,85.4,Desktop Computer,1,4.8,1.7773
Satara,2,23.1,32.2,Desktop Computer,4,7.9,1.8147
Satara,2,24.3,52.2,Air Conditioner,5,2.9,4.8076
Mumbai,11,27.9,62.7,Washing Machine,5,0.6,0.2469
Mumbai,9,29.3,79.7,Desktop Computer,4,8.8,2.2624
Satara,9,21.6,72.1,Air Conditioner,3,8.3,17.5555
Mumbai,1,24.4,61.5,Desktop Computer,1,3.3,1.147
Satara,5,16.1,18.8,Washing Machine,2,10.5,5.9465
Satara,7,39.3,87.9,LED TV,5,3.4,0.265
Satara,9,22.1,65.0,Air Conditioner,4,10.4,19.2424
Satara,10,28.2,59.3,Microwave Oven,5,0.5,0.5681
Satara,7,28.4,86.0,Ceiling Fan,4,10.2,0.8639
Satara,5,32.5,57.4,Washing Machine,4,0.7,0.3498
Mumbai,9,30.7,79.6,Microwave Oven,5,0.5,0.5913
Mumbai,11,30.9,64.5,Water Heater (Geyser),1,1.1,3.4111
Mumbai,1,27.1,57.0,Air Conditioner,2,10.6,27.6727
Mumbai,10,29.1,82.7,Water Heater (Geyser),2,2.6,7.5273
Mumbai,3,26.1,57.0,LED TV,3,2.5,0.2197
Mumbai,6,31.3,79.6,Microwave Oven,2,1.3,1.9851
Satara,1,21.4,83.5,Iron,3,19.0,21.2315
Satara,1,23.4,57.4,Washing Machine,3,1.4,0.7788
Satara,7,24.4,74.8,Washing Machine,2,1.9,1.2286
Mumbai,6,18.9,65.6,Iron,4,6.6,6.5841
Satara,7,24.4,93.0,LED TV,1,3.7,0.4031
Satara,3,14.3,83.8,Ceiling Fan,2,9.0,0.8408
Satara,3,28.3,31.1,Air Conditioner,2,2.2,5.6222
Satara,9,23.1,69.9,Water Heater (Geyser),1,0.8,2.327
Satara,6,27.6,76.2,Desktop Computer,3,8.7,2.457
Mumbai,3,21.3,45.6,Desktop Computer,5,20.1,4.0752
Satara,12,20.8,78.4,LED TV,5,15.1,1.065
Mumbai,6,15.6,38.3,Microwave Oven,3,12.4,15.1771
Satara,7,31.7,20.7,Ceiling Fan,1,16.1,2.1379
Satara,10,28.2,64.3,Desktop Computer,1,4.5,1.5979
Satara,10,27.8,55.0,Air Conditioner,5,11.9,21.3638
Satara,3,19.1,54.2,Washing Machine,4,20.8,9.5485
Mumbai,8,30.2,87.2,Washing Machine,3,1.9,1.136
Mumbai,6,32.8,80.0,Water Heater (Geyser),3,1.3,3.5488
Satara,8,26.5,89.1,Room Heater,2,2.0,4.9633
Mumbai,1,35.6,93.2,Iron,1,2.9,3.8272
Satara,7,27.0,83.1,Air Conditioner,2,10.6,28.8616
Satara,5,32.4,40.5,LED TV,4,3.0,0.2377
Mumbai,3,31.8,62.4,Microwave Oven,2,1.0,1.5043
Mumbai,8,29.4,92.6,Washing Machine,2,0.8,0.5549
Satara,12,23.0,51.0,Room Heater,3,1.0,2.0782
Mumbai,3,27.4,49.6,Microwave Oven,4,1.1,1.3465
Satara,7,23.3,82.0,Air Conditioner,5,3.8,6.3132
Mumbai,3,25.0,58.1,Air Conditioner,1,7.6,21.3797
Satara,4,36.3,58.7,Water Heater (Geyser),2,8.9,26.6544
Mumbai,8,27.7,90.2,Refrigerator,1,21.2,5.6655
Mumbai,9,29.0,84.3,Ceiling Fan,2,11.9,1.4716
Satara,8,25.2,86.0,Room Heater,3,3.9,8.6494
Mumbai,4,25.3,76.2,LED TV,2,22.0,2.2117
Mumbai,7,30.3,91.7,LED TV,3,2.1,0.1992
Satara,8,24.5,83.9,Air Conditioner,4,4.9,9.9097
Satara,11,23.7,38.4,Water Heater (Geyser),3,1.7,4.0389
Mumbai,1,27.9,64.5,Iron,4,1.2,1.2227
Mumbai,7,28.5,91.3,Washing Machine,4,1.0,0.5108
Mumbai,8,30.7,82.3,Room Heater,3,2.7,6.2885
Satara,9,26.7,78.5,Microwave Oven,3,0.4,0.5549
Mumbai,11,30.2,74.2,Washing Machine,1,1.2,0.9014
Satara,4,24.5,31.3,Room Heater,5,3.8,6.4786
Mumbai,12,10.5,45.0,Washing Machine,1,2.0,1.2752
Satara,12,19.0,64.6,Refrigerator,2,14.6,3.0055
Satara,5,35.1,46.6,Ceiling Fan,4,16.0,1.3951
Mumbai,2,28.6,64.7,Washing Machine,1,1.0,0.7322
Mumbai,11,31.8,71.4,Ceiling Fan,1,9.3,1.3523
Satara,10,29.0,59.1,LED TV,2,4.9,0.4759
Mumbai,7,28.5,88.6,Water Heater (Geyser),5,1.4,2.9495
Satara,5,29.0,44.9,Ceiling Fan,3,9.6,0.929
Satara,8,23.5,79.8,Air Conditioner,2,4.8,12.049
Satara,12,22.6,49.1,Refrigerator,1,21.5,5.0666
Satara,10,29.0,53.4,Desktop Computer,3,3.9,1.0898
Mumbai,10,28.4,71.9,Desktop Computer,1,7.2,2.5729
Mumbai,9,28.9,81.8,Desktop Computer,5,3.9,0.8644
Mumbai,2,27.9,59.9,Iron,4,0.6,0.619
Satara,11,23.9,41.6,Refrigerator,3,20.9,3.7396
Satara,10,30.7,60.7,Microwave Oven,2,1.4,2.0478
Satara,4,14.0,50.1,Washing Machine,1,10.8,7.0801
Satara,1,20.6,51.0,Water Heater (Geyser),1,2.5,6.8457
Satara,1,23.2,42.0,Refrigerator,4,23.6,3.5774
Mumbai,11,12.5,81.9,Washing Machine,4,15.0,6.9244
Mumbai,3,28.2,60.6,LED TV,5,4.0,0.2791
Satara,8,25.7,83.3,Washing Machine,2,0.8,0.5302
Satara,10,22.6,73.0,Microwave Oven,3,1.5,2.0141
Satara,4,29.0,42.3,Air Conditioner,2,7.5,19.9602
Satara,2,21.7,44.2,Room Heater,2,1.5,3.2924
Satara,8,19.8,66.0,Iron,5,21.9,20.6186
Satara,7,22.3,33.4,Washing Machine,1,23.9,15.9766
Satara,5,36.6,50.6,Room Heater,3,5.2,12.4421
Satara,8,24.9,89.9,Refrigerator,1,22.5,5.7473
Satara,3,23.0,79.2,LED TV,3,12.0,1.0519
Mumbai,9,38.4,62.7,Iron,3,21.7,24.8119
Mumbai,2,24.3,61.8,Microwave Oven,5,0.5,0.5633
Mumbai,4,28.0,69.0,Iron,2,1.1,1.3004
Mumbai,12,23.3,57.8,Water Heater (Geyser),1,0.9,2.5485
Satara,2,28.0,45.2,Air Conditioner,3,3.5,8.3455
Satara,1,26.7,53.7,Water Heater (Geyser),5,0.7,1.3761
Satara,4,41.5,93.8,Refrigerator,5,13.1,2.2347
Satara,7,15.2,83.6,Ceiling Fan,2,1.7,0.1631
Mumbai,7,31.8,89.3,Washing Machine,5,1.9,0.8413
Satara,2,29.5,43.3,Refrigerator,3,20.5,4.0845
Satara,2,26.2,42.6,Ceiling Fan,4,5.9,0.4514
Satara,3,32.4,40.7,Microwave Oven,1,0.5,0.7925
Satara,10,25.6,63.6,Iron,5,0.7,0.6685
Satara,7,26.7,94.6,Desktop Computer,1,10.1,3.6712
Satara,3,24.5,32.6,Iron,3,1.3,1.328
Satara,11,26.7,51.1,Air Conditioner,5,8.2,14.3835
Satara,9,25.4,71.2,Desktop Computer,1,7.3,2.587
Mumbai,3,26.3,58.4,Washing Machine,4,0.7,0.3383
Mumbai,5,30.1,74.2,Water Heater (Geyser),4,2.3,5.4647
Mumbai,6,34.1,93.2,Washing Machine,5,0.6,0.263
Satara,5,25.8,65.5,Iron,2,0.6,0.7008
Mumbai,10,19.0,20.4,Refrigerator,4,2.1,0.2895
Satara,7,27.0,89.2,Washing Machine,3,1.7,1.013
Mumbai,3,29.4,92.6,Washing Machine,3,16.8,10.2513
Satara,7,22.8,82.4,Washing Machine,1,1.1,0.8038
Satara,2,34.1,52.5,Iron,4,8.3,8.5506
Mumbai,11,31.3,70.8,LED TV,3,3.5,0.3208
Mumbai,9,30.0,87.2,Water Heater (Geyser),5,2.6,5.6038
Mumbai,3,24.3,60.2,Refrigerator,1,22.3,5.5698
Satara,1,11.0,44.0,Water Heater (Geyser),2,19.4,42.2922
Mumbai,1,24.7,63.3,Water Heater (Geyser),4,1.5,3.3287
Satara,7,23.9,80.0,Washing Machine,4,0.9,0.4391
Satara,8,21.5,90.7,Air Conditioner,1,10.1,27.564
Mumbai,2,28.1,57.1,Iron,2,1.0,1.1482
Mumbai,8,29.5,86.0,Iron,1,1.0,1.3255
Mumbai,4,28.5,65.3,Desktop Computer,4,3.6,0.8932
Satara,9,25.0,86.2,Ceiling Fan,5,8.8,0.551
Mumbai,3,29.8,61.6,Water Heater (Geyser),3,2.4,6.0485
Mumbai,2,14.8,92.1,Ceiling Fan,2,3.0,0.289
Satara,9,26.7,16.6,LED TV,5,8.1,0.5263
Mumbai,4,21.8,24.7,Washing Machine,5,20.8,7.9646
Mumbai,3,13.0,78.0,Microwave Oven,5,20.1,21.5955
Mumbai,5,33.7,76.1,Washing Machine,1,1.1,0.8532
Satara,8,24.8,84.0,Water Heater (Geyser),3,1.1,2.7581
Satara,8,25.4,74.7,Room Heater,5,4.6,8.4995
Mumbai,8,28.1,20.0,Refrigerator,2,15.3,3.299
Satara,1,16.0,78.2,Ceiling Fan,2,6.9,0.6688
Satara,12,35.9,43.9,Iron,2,7.6,8.8152
Satara,1,21.0,50.6,Refrigerator,1,20.1,4.6359
Mumbai,7,29.7,86.4,LED TV,3,5.1,0.477
Mumbai,7,30.6,90.3,LED TV,5,5.3,0.3904
Satara,7,26.6,68.2,Iron,5,4.2,3.9766
Satara,1,21.4,62.6,Refrigerator,5,23.0,2.9433
Satara,3,27.0,32.5,Air Conditioner,3,10.5,23.3414
Mumbai,2,41.7,58.2,Refrigerator,3,20.3,4.6911
Satara,2,19.3,34.4,LED TV,1,5.4,0.5342
Satara,3,29.9,36.7,Ceiling Fan,2,4.7,0.5395
Satara,10,25.5,81.4,Refrigerator,2,21.2,4.8422
Satara,1,22.1,38.2,Water Heater (Geyser),3,1.3,3.0195
Satara,7,23.9,80.4,Iron,3,1.2,1.3106
Satara,10,28.9,61.5,Water Heater (Geyser),3,1.5,3.858
Mumbai,12,24.5,57.6,Microwave Oven,5,1.3,1.4291
Mumbai,12,26.3,59.6,Washing Machine,3,1.5,0.8508
Mumbai,1,26.3,65.2,Water Heater (Geyser),2,0.8,2.2181
Mumbai,2,29.8,56.3,Ceiling Fan,3,13.8,1.3968
Mumbai,7,29.0,91.2,Refrigerator,4,20.5,3.7081
Mumbai,7,29.6,93.3,Iron,2,0.6,0.7288
Satara,1,22.6,47.4,Desktop Computer,4,4.4,1.0508
Satara,11,24.6,55.2,LED TV,3,4.1,0.3503
Satara,3,28.5,39.2,Refrigerator,2,21.4,4.732
Satara,12,46.4,16.4,LED TV,2,9.4,0.9316
Mumbai,12,25.4,66.7,Air Conditioner,5,8.3,14.491
Mumbai,9,27.3,85.6,Microwave Oven,1,1.1,1.7872
Satara,10,38.7,66.9,Desktop Computer,3,6.3,1.9159
Mumbai,5,31.1,69.7,Ceiling Fan,2,15.3,1.8942
Satara,5,32.6,77.0,Washing Machine,2,14.6,9.9606
Mumbai,7,41.9,94.1,Washing Machine,2,11.6,8.588
Mumbai,8,22.5,48.9,Room Heater,2,15.9,35.708
Satara,5,28.5,55.9,Room Heater,3,4.9,10.7736
Satara,9,25.2,77.4,Water Heater (Geyser),5,2.1,4.2057
Mumbai,5,30.8,59.2,Water Heater (Geyser),3,1.4,3.5783
Mumbai,10,30.9,74.6,Refrigerator,5,20.1,2.9426
Mumbai,1,27.8,61.6,Air Conditioner,2,3.2,8.6482
Satara,11,41.2,36.3,Refrigerator,2,3.3,0.8587
Mumbai,4,32.3,55.1,Air Conditioner,3,21.0,53.9175
Mumbai,5,31.5,76.2,Microwave Oven,2,18.3,27.5176
Mumbai,10,13.8,58.9,Ceiling Fan,5,7.9,0.3829
Mumbai,1,24.0,60.2,Microwave Oven,3,1.3,1.6861
Satara,9,28.0,89.7,Washing Machine,2,1.9,1.3049
Satara,1,22.1,60.4,Iron,3,0.8,0.84
Mumbai,2,22.4,58.0,Air Conditioner,3,4.0,8.5345
Satara,7,24.5,84.6,Ceiling Fan,4,17.9,1.4117
Satara,2,31.2,48.8,Microwave Oven,5,0.4,0.4592
Mumbai,8,28.6,82.0,Refrigerator,5,22.7,3.2809
Satara,4,29.4,35.7,Desktop Computer,1,9.1,3.0786
Mumbai,6,28.3,52.1,Iron,1,12.8,15.4558
Mumbai,2,31.7,29.8,Air Conditioner,3,7.0,17.2908
Mumbai,8,27.3,82.9,Washing Machine,2,1.5,0.9967
Mumbai,10,30.6,89.0,Washing Machine,4,1.7,0.8863
Satara,7,25.8,81.4,Iron,2,0.3,0.358
Mumbai,3,10.5,39.1,Microwave Oven,5,14.1,14.0951
Satara,8,14.6,68.4,Iron,4,6.0,5.8865
Satara,8,23.4,87.2,Ceiling Fan,4,13.3,1.053
Mumbai,12,13.5,24.0,Ceiling Fan,4,8.0,0.4705
Satara,7,13.6,21.7,Iron,2,11.6,11.9846
Satara,2,23.7,55.1,Refrigerator,2,20.1,4.2951
Mumbai,10,28.8,74.0,Washing Machine,1,1.6,1.1809
Mumbai,4,28.2,60.6,Washing Machine,2,0.6,0.3887
Satara,12,24.5,53.9,Washing Machine,1,1.3,0.91
Mumbai,2,31.0,82.3,Iron,1,23.9,30.5286
Satara,2,16.1,46.8,LED TV,3,9.1,0.7462
Mumbai,7,29.9,87.5,Iron,1,1.4,1.7918
Satara,8,26.1,84.6,Refrigerator,3,22.4,4.527
Satara,6,26.8,73.1,Refrigerator,5,23.3,3.2526
Mumbai,5,29.3,70.8,Refrigerator,3,23.3,4.7309
Satara,12,23.1,37.1,LED TV,4,6.5,0.4811
Mumbai,1,27.2,60.7,LED TV,1,7.7,0.8073
Satara,3,23.6,39.5,Air Conditioner,1,3.0,7.8302
Satara,7,27.2,80.2,Refrigerator,5,22.7,3.2281
Mumbai,1,43.8,42.7,Microwave Oven,1,4.1,6.7878
Satara,1,19.6,42.7,Refrigerator,3,23.5,4.09
Satara,1,21.8,44.5,Washing Machine,4,1.3,0.608
Satara,6,30.2,68.8,Desktop Computer,5,17.9,4.0293
Satara,12,21.3,47.4,Iron,3,1.1,1.118
Mumbai,6,31.5,74.8,Desktop Computer,3,4.2,1.2275
Satara,6,26.5,82.6,Air Conditioner,1,11.3,33.2321
Mumbai,10,33.6,42.7,Ceiling Fan,5,15.3,1.0288
Mumbai,2,24.1,69.6,LED TV,2,6.4,0.6238
Satara,3,30.2,25.0,Refrigerator,1,5.3,1.3226
Mumbai,8,29.8,83.5,LED TV,2,6.4,0.664
Satara,4,31.6,42.9,Iron,3,2.8,3.0445
Mumbai,1,25.9,57.5,Room Heater,1,5.1,12.7901
Mumbai,10,31.7,67.7,Water Heater (Geyser),5,1.8,3.8463
Mumbai,5,32.7,77.6,Microwave Oven,1,0.9,1.4895
Mumbai,4,28.2,76.0,Desktop Computer,3,3.4,1.0004
Satara,11,25.7,56.1,LED TV,5,4.6,0.3247
Mumbai,7,46.9,59.0,Desktop Computer,3,4.8,1.527
Satara,6,26.2,81.1,Desktop Computer,5,4.6,1.0135
Mumbai,8,26.6,65.5,Ceiling Fan,4,4.5,0.3575
Mumbai,3,30.3,67.1,Water Heater (Geyser),2,2.1,6.1163
Mumbai,4,10.3,33.8,Refrigerator,2,3.7,0.6178
Satara,3,27.2,58.9,LED TV,3,11.5,1.0124
Mumbai,9,17.6,69.6,Ceiling Fan,1,19.9,2.279
Satara,4,38.0,77.9,Microwave Oven,2,2.6,4.1648
Mumbai,10,28.5,74.1,Desktop Computer,1,2.7,0.9666
Satara,3,32.7,25.4,Water Heater (Geyser),5,2.7,5.4592
Mumbai,2,27.9,61.8,Air Conditioner,2,10.8,29.0896
Mumbai,2,24.0,37.8,Microwave Oven,5,1.3,1.3692
Satara,6,24.8,82.7,Ceiling Fan,1,9.0,1.1893
Mumbai,1,33.2,55.2,Air Conditioner,3,1.7,4.459
Mumbai,2,24.6,71.1,Microwave Oven,5,0.5,0.5652
Mumbai,1,26.1,60.0,Washing Machine,1,0.6,0.4296
Mumbai,1,25.3,57.7,Iron,1,1.2,1.4354
Mumbai,5,26.4,42.0,Desktop Computer,4,3.4,0.8245
Satara,5,40.2,91.5,Desktop Computer,5,23.8,5.8713
Satara,7,14.0,31.1,Water Heater (Geyser),5,15.4,25.0706
Mumbai,7,30.9,92.4,Microwave Oven,4,1.5,1.991
Satara,8,33.4,59.2,Desktop Computer,1,7.4,2.6543
Mumbai,8,29.3,86.6,Desktop Computer,2,4.7,1.5672
Mumbai,11,30.8,67.8,Microwave Oven,4,1.4,1.7784
Satara,6,27.5,83.3,Desktop Computer,1,4.1,1.4843
Mumbai,2,17.2,29.8,Refrigerator,1,8.5,1.8184
Satara,8,25.1,68.2,Ceiling Fan,4,9.8,0.7718
Mumbai,7,29.0,90.9,Ceiling Fan,5,13.0,0.866
Satara,2,21.7,23.5,Desktop Computer,2,9.5,2.7938
Mumbai,5,32.0,79.0,Refrigerator,1,23.0,6.4323
Mumbai,4,30.6,66.4,Desktop Computer,3,9.5,2.7479
Mumbai,2,15.8,49.6,Ceiling Fan,4,14.5,0.941
Satara,1,21.3,39.4,Refrigerator,4,20.9,3.1331
Satara,6,26.2,69.9,Air Conditioner,1,12.0,35.048
Satara,11,45.3,69.6,Ceiling Fan,3,18.3,2.3449
Satara,12,25.5,34.2,Ceiling Fan,2,12.5,1.3371
Satara,6,33.1,64.5,Ceiling Fan,2,10.7,1.3639
Satara,9,24.4,84.2,Iron,2,0.3,0.3546
Mumbai,1,28.0,47.2,Ceiling Fan,1,8.2,1.0716
Mumbai,7,35.0,94.6,Air Conditioner,5,15.8,34.379
Mumbai,4,29.5,72.3,Washing Machine,1,0.9,0.6739
Mumbai,1,24.4,53.4,Refrigerator,4,21.5,3.4111
Satara,3,13.9,75.9,Air Conditioner,2,2.8,5.3867
Mumbai,7,28.4,63.6,LED TV,3,4.3,0.3811
Mumbai,2,25.2,43.1,Desktop Computer,2,18.7,5.6958
Satara,4,19.1,49.6,Room Heater,4,1.7,3.1037
Satara,2,24.1,31.1,Washing Machine,4,1.6,0.719
Mumbai,4,37.9,75.6,Desktop Computer,5,10.4,2.411
Satara,1,23.0,59.0,Microwave Oven,2,0.8,1.1388
Mumbai,1,25.0,71.5,Air Conditioner,1,2.2,6.2912
Satara,5,44.6,65.3,Air Conditioner,4,16.2,46.1207
Satara,1,24.6,88.2,Air Conditioner,5,9.1,16.1225
Satara,7,24.8,85.9,Ceiling Fan,3,8.4,0.8135
Satara,11,29.3,29.8,Refrigerator,1,22.4,5.5776
Mumbai,6,32.7,79.7,Washing Machine,3,1.5,0.9091
Satara,6,42.6,62.7,Water Heater (Geyser),4,6.0,15.8401
Satara,12,25.5,24.3,Water Heater (Geyser),3,0.6,1.3829
Mumbai,7,30.4,90.6,Ceiling Fan,2,15.8,2.038
Satara,11,19.3,68.5,Microwave Oven,1,22.5,34.0927
Satara,8,25.3,81.3,Water Heater (Geyser),2,1.4,3.9643
Mumbai,8,29.5,89.9,Water Heater (Geyser),2,2.6,7.5197
Mumbai,1,35.0,46.5,Washing Machine,2,15.8,10.4951
Mumbai,2,42.8,53.4,Water Heater (Geyser),3,2.1,5.9362
Mumbai,7,29.1,87.8,Iron,5,1.1,1.1039
Satara,10,17.6,17.7,Refrigerator,3,23.5,3.8346
Mumbai,5,27.8,46.9,Air Conditioner,5,3.7,6.4563
Satara,6,38.6,83.6,Desktop Computer,3,14.4,4.4764
Mumbai,11,37.1,42.6,Desktop Computer,3,14.3,4.1624
Satara,1,46.2,38.5,LED TV,1,7.4,0.8083
Satara,8,23.7,74.2,Water Heater (Geyser),1,1.7,5.075
Satara,5,34.7,53.0,Microwave Oven,1,1.3,2.0883
Satara,9,43.1,32.0,Desktop Computer,5,11.9,2.6613
Satara,9,25.3,72.2,Washing Machine,1,1.9,1.3457
Satara,5,27.7,72.7,Iron,2,22.3,26.3191
Mumbai,9,27.2,86.4,LED TV,2,6.3,0.6275
Mumbai,8,17.0,91.7,Water Heater (Geyser),4,14.4,30.6083
Satara,6,29.0,58.9,Refrigerator,4,23.4,3.9112
Mumbai,2,26.8,57.4,Refrigerator,4,23.5,3.8609
Satara,12,23.5,28.9,Microwave Oven,5,0.7,0.7338
Satara,12,21.4,46.8,Iron,4,1.5,1.4793
Mumbai,1,27.0,70.1,Ceiling Fan,2,12.3,1.4238
Satara,2,20.6,40.5,Ceiling Fan,5,13.6,0.7335
Satara,10,15.0,47.2,Room Heater,3,21.5,41.3197
Satara,12,25.5,52.7,Desktop Computer,4,9.3,2.2391
Satara,12,25.3,50.0,Washing Machine,2,1.3,0.8091
Satara,10,25.3,52.4,Washing Machine,5,1.0,0.4049
Satara,6,27.6,79.9,Washing Machine,2,1.3,0.8646
Mumbai,4,28.7,74.7,Water Heater (Geyser),2,2.8,8.0343
Mumbai,4,30.0,64.4,Microwave Oven,3,0.7,0.9635
Mumbai,7,30.0,94.7,Washing Machine,3,1.4,0.8445
Mumbai,2,26.0,71.9,Air Conditioner,3,6.8,16.0578
Satara,4,29.7,38.2,Washing Machine,3,1.9,1.0476
Mumbai,6,30.4,83.2,Desktop Computer,5,4.8,1.083
Mumbai,9,30.7,83.2,Iron,3,0.4,0.4556
Mumbai,12,22.3,63.7,LED TV,1,7.3,0.7482
Satara,6,38.6,59.6,Microwave Oven,4,1.8,2.3508
Satara,1,18.5,48.8,Refrigerator,1,22.9,5.0609
Mumbai,2,28.4,63.4,Iron,1,1.5,1.8619
Satara,1,47.8,35.5,Room Heater,5,17.9,37.6936
Mumbai,8,15.6,30.0,Ceiling Fan,4,18.5,1.1571
Mumbai,3,29.2,60.7,Refrigerator,1,21.7,5.6716
Satara,6,32.1,68.3,Water Heater (Geyser),4,1.1,2.6348
Satara,6,28.5,73.5,Washing Machine,2,0.6,0.4041
Mumbai,7,30.5,84.5,Microwave Oven,4,1.2,1.5944
Mumbai,8,27.8,87.2,LED TV,3,2.3,0.2117
Mumbai,12,28.4,53.4,Water Heater (Geyser),3,2.3,5.8572
Satara,10,31.2,40.8,Room Heater,4,5.5,11.2931
Satara,2,27.0,48.5,Refrigerator,3,20.7,3.9813
Mumbai,11,26.7,80.0,LED TV,3,2.8,0.2492
Mumbai,4,30.8,62.3,Ceiling Fan,1,9.2,1.3039
Mumbai,8,30.4,89.2,Ceiling Fan,2,7.4,0.9545
Satara,12,48.0,94.2,Washing Machine,1,15.1,12.9045
Satara,2,19.8,54.2,Ceiling Fan,4,6.6,0.4666
Satara,12,23.7,49.2,Iron,5,0.8,0.7426
Satara,9,33.3,41.8,Air Conditioner,1,4.4,14.0357
Mumbai,2,27.1,70.4,Water Heater (Geyser),5,17.7,36.1126
Satara,6,24.0,64.7,Iron,4,1.1,1.1216
Mumbai,7,29.6,87.9,Refrigerator,1,22.8,6.2716
Satara,9,24.2,67.9,Air Conditioner,5,2.4,4.1125
Mumbai,4,47.5,67.7,Iron,4,9.1,9.9414
Mumbai,8,17.2,72.3,Refrigerator,5,1.7,0.2046
Mumbai,2,23.5,69.6,Desktop Computer,4,4.9,1.2133
Satara,3,30.6,19.3,Desktop Computer,3,3.9,1.0407
Mumbai,12,28.4,52.8,Ceiling Fan,3,11.2,1.1079
Mumbai,4,29.8,69.1,LED TV,4,2.6,0.2133
Mumbai,9,14.0,19.0,LED TV,3,1.0,0.0773
Satara,1,21.5,53.6,Desktop Computer,5,5.3,1.0833
Mumbai,9,23.3,61.9,Ceiling Fan,2,3.8,0.4215
Mumbai,2,31.7,50.3,Iron,4,8.6,8.8305
Mumbai,6,34.3,81.8,Microwave Oven,5,0.4,0.4795
Mumbai,8,11.3,81.9,Water Heater (Geyser),3,21.6,46.4
Mumbai,12,26.7,67.4,LED TV,1,2.5,0.2661
Mumbai,7,22.0,65.3,Refrigerator,5,18.4,2.385
Mumbai,7,29.2,83.6,LED TV,1,3.1,0.3395
Mumbai,4,30.1,66.6,Room Heater,3,5.7,12.8988
Satara,12,18.7,42.9,Air Conditioner,5,10.6,15.214
Mumbai,3,41.4,53.8,Refrigerator,5,13.3,2.1205
Mumbai,6,28.4,83.6,Room Heater,5,4.4,8.4704
Satara,7,44.2,67.2,Refrigerator,3,5.0,1.2064
Mumbai,7,29.5,87.4,Room Heater,5,3.2,6.3069
Mumbai,1,25.8,54.5,Air Conditioner,4,11.4,22.5386
Satara,2,21.9,54.5,Air Conditioner,5,2.2,3.4788
Satara,11,19.1,68.1,Washing Machine,2,0.6,0.3762
Satara,6,27.1,80.4,Washing Machine,1,0.9,0.6666
Mumbai,7,29.1,88.8,Microwave Oven,1,0.6,0.9876
Satara,8,22.5,83.4,Ceiling Fan,5,6.6,0.4017
Satara,4,16.9,27.1,Room Heater,2,14.4,28.8754
Satara,7,33.3,33.6,Refrigerator,5,23.8,3.3841
Satara,5,30.0,58.8,Washing Machine,3,0.6,0.3448
Satara,11,24.1,59.9,Refrigerator,2,23.7,5.1899
Mumbai,5,30.3,59.3,Desktop Computer,3,6.3,1.7789
Mumbai,11,28.3,62.0,Air Conditioner,5,11.2,20.2401
Mumbai,11,32.2,69.2,Room Heater,5,2.7,5.4169
Satara,6,27.1,81.7,Iron,1,0.7,0.8996
Mumbai,10,30.3,71.5,Room Heater,2,3.5,8.6376
Satara,5,37.8,42.8,Iron,3,11.9,13.0302
Mumbai,2,25.4,67.3,LED TV,4,3.0,0.2359
Mumbai,10,31.0,69.4,Water Heater (Geyser),5,1.3,2.7322
Satara,3,25.1,37.8,Desktop Computer,4,9.9,2.3526
Mumbai,5,29.4,76.8,Microwave Oven,1,0.9,1.4278
Satara,1,22.8,58.3,Microwave Oven,1,0.8,1.2296
Mumbai,10,42.1,23.8,Refrigerator,2,1.4,0.3557
Satara,5,44.4,91.6,Washing Machine,2,21.8,16.4157
Mumbai,6,30.6,78.0,Water Heater (Geyser),1,1.3,4.1263
Satara,7,26.7,86.0,Refrigerator,3,23.6,4.8932
Satara,5,31.7,57.4,Refrigerator,3,7.5,1.5554
Satara,7,24.0,82.6,Ceiling Fan,1,15.4,1.9745
Mumbai,3,27.5,51.3,Air Conditioner,5,7.4,13.0736
Satara,3,32.6,27.4,Iron,5,9.4,8.7029
Mumbai,3,27.4,62.5,Water Heater (Geyser),2,2.7,7.5392
Satara,11,30.1,26.0,Ceiling Fan,2,10.3,1.1561
Satara,3,29.8,44.8,Refrigerator,1,20.7,5.4416
Mumbai,1,23.9,58.5,Water Heater (Geyser),3,1.9,4.5924
Mumbai,11,40.5,59.7,Refrigerator,4,16.5,3.2079
Satara,9,42.3,50.9,Water Heater (Geyser),3,11.6,32.9278
Satara,7,24.0,82.3,Desktop Computer,4,6.0,1.5407
Mumbai,5,35.6,82.5,Microwave Oven,4,1.0,1.3386
Mumbai,2,25.6,52.5,Refrigerator,3,22.7,4.2305
Mumbai,3,28.4,66.7,Desktop Computer,4,8.5,2.1308
Satara,7,24.9,82.8,Desktop Computer,4,9.3,2.3589
Mumbai,11,29.5,66.9,Microwave Oven,1,0.8,1.2639
Mumbai,11,27.9,67.8,Desktop Computer,5,9.2,2.0028
Mumbai,3,28.3,61.3,Air Conditioner,1,6.6,19.6758
Mumbai,10,10.5,80.2,Air Conditioner,5,17.2,20.7351
Satara,10,47.8,54.3,Refrigerator,3,10.4,2.5472
Mumbai,5,17.6,24.1,Refrigerator,2,20.3,3.7486
Mumbai,3,25.3,63.5,Ceiling Fan,4,7.8,0.614
Satara,8,23.6,79.1,Microwave Oven,4,0.5,0.6324
Mumbai,11,31.2,93.2,Room Heater,5,16.0,32.3815
Satara,9,38.1,46.1,LED TV,3,3.5,0.3128
Mumbai,1,25.0,64.2,Water Heater (Geyser),5,1.2,2.3915
Satara,8,26.9,80.6,Washing Machine,4,0.6,0.3033
Satara,9,26.0,90.4,Washing Machine,1,1.7,1.292
Satara,6,19.0,69.7,Water Heater (Geyser),4,11.7,23.8535
Mumbai,5,36.0,66.5,Desktop Computer,1,5.9,2.1925
Satara,9,25.5,75.7,Room Heater,3,1.9,4.2327
Mumbai,8,36.8,73.8,Iron,5,19.6,20.0502
Satara,11,24.9,43.2,LED TV,4,2.3,0.1757
Mumbai,8,29.9,86.5,Washing Machine,5,1.9,0.8034
Satara,11,22.1,54.9,Refrigerator,2,22.3,4.681
Mumbai,6,30.7,77.3,Washing Machine,2,1.9,1.2798
Satara,11,25.3,50.6,Air Conditioner,4,11.8,23.2171
Mumbai,11,42.0,79.6,LED TV,1,14.1,1.6386
Mumbai,6,34.2,79.2,Room Heater,1,1.5,4.1999
Satara,7,34.1,26.0,Air Conditioner,2,16.2,45.6812
Mumbai,2,29.7,65.7,Refrigerator,1,23.6,6.2958
Satara,10,29.8,65.4,Washing Machine,1,1.7,1.2617
Mumbai,10,32.1,72.2,Water Heater (Geyser),5,1.4,3.0159
Mumbai,5,32.3,71.4,Iron,2,0.9,1.0761
Mumbai,8,29.1,86.9,Washing Machine,4,1.7,0.8436
Mumbai,9,28.6,84.1,Water Heater (Geyser),4,1.2,2.8571
Satara,8,21.8,80.9,Desktop Computer,1,3.2,1.124
Mumbai,6,31.3,80.0,Ceiling Fan,1,15.4,2.1801
Mumbai,1,20.8,60.3,Microwave Oven,2,1.5,2.1272
Satara,2,20.4,37.9,Desktop Computer,3,9.3,2.4215
Mumbai,4,27.4,63.9,Washing Machine,1,1.9,1.3847
Mumbai,5,32.9,56.7,Ceiling Fan,4,8.8,0.7634
Mumbai,7,29.9,95.7,Washing Machine,4,1.6,0.8296
Mumbai,5,34.8,83.1,Microwave Oven,4,22.6,30.2595
Satara,3,12.1,76.4,Room Heater,2,10.1,20.8878
Mumbai,9,29.1,82.7,Room Heater,2,5.9,14.7483
Satara,7,23.4,75.8,Iron,3,1.4,1.5355
Mumbai,3,29.1,61.7,Room Heater,2,22.1,53.5711
Satara,11,19.9,20.9,Room Heater,1,2.3,5.1521
Mumbai,8,28.4,88.2,Desktop Computer,4,4.0,1.0375
Satara,1,21.5,56.9,LED TV,4,7.5,0.569
Mumbai,4,31.1,57.5,Refrigerator,5,23.8,3.4339
Satara,11,24.1,60.2,Desktop Computer,5,7.7,1.6455
Mumbai,5,32.5,64.0,LED TV,2,5.9,0.5969
Mumbai,5,29.4,74.7,Microwave Oven,5,1.2,1.4284
Mumbai,1,23.9,58.6,Room Heater,2,2.7,6.1585
Satara,8,36.5,58.9,Air Conditioner,2,17.8,55.5698
Mumbai,11,34.9,53.9,Washing Machine,4,18.3,9.1003
Mumbai,11,28.6,51.0,Refrigerator,2,22.4,5.0065
Mumbai,9,27.4,84.1,Air Conditioner,4,11.0,23.8263
Satara,6,30.8,74.6,Iron,4,1.2,1.2568
Mumbai,7,27.2,81.0,Air Conditioner,3,7.6,18.402
Satara,8,24.2,92.4,Desktop Computer,1,2.8,1.0173
Satara,5,30.9,35.8,Washing Machine,3,1.7,0.9538
Satara,7,31.8,42.8,Ceiling Fan,1,12.4,1.7439
Mumbai,11,29.9,81.2,Water Heater (Geyser),5,2.5,5.3096
Mumbai,8,23.9,60.1,Iron,3,15.9,17.2626
Mumbai,11,30.8,89.8,Microwave Oven,3,20.6,29.2518
Mumbai,9,30.2,80.1,Ceiling Fan,4,13.6,1.1809
Mumbai,2,22.2,67.6,Iron,3,0.8,0.8666
Satara,3,23.9,44.9,Water Heater (Geyser),5,2.0,3.7073
Satara,7,24.3,80.9,LED TV,3,4.6,0.4101
Mumbai,2,14.8,57.4,Iron,1,6.8,7.8609
Satara,8,30.6,72.5,Ceiling Fan,2,15.3,1.8568
Satara,8,15.7,70.0,Water Heater (Geyser),1,21.3,56.7838
Satara,8,25.4,83.4,Air Conditioner,5,10.7,19.1293
Satara,11,25.6,58.8,LED TV,2,5.7,0.5577
Mumbai,11,24.2,42.7,Air Conditioner,2,6.3,14.9668
Satara,12,25.8,48.4,LED TV,3,4.8,0.4092
Satara,7,26.4,79.3,LED TV,3,6.7,0.6144
Satara,3,22.1,28.3,Iron,5,1.4,1.2439
Mumbai,4,33.0,62.8,Ceiling Fan,5,4.5,0.3047
Mumbai,3,29.7,63.9,Water Heater (Geyser),5,2.6,5.3272
Mumbai,3,27.5,71.5,Microwave Oven,4,0.6,0.7706
Mumbai,4,41.2,37.1,Desktop Computer,4,19.2,4.9712
Mumbai,10,30.6,70.9,LED TV,3,3.8,0.3504
Satara,9,26.0,73.9,Washing Machine,3,0.9,0.5142
Mumbai,2,29.2,80.2,Microwave Oven,5,22.5,26.6861
Satara,3,21.2,23.5,Water Heater (Geyser),4,2.3,4.5662
Mumbai,10,29.9,69.6,Microwave Oven,3,0.4,0.5597
Satara,4,30.8,37.9,Desktop Computer,1,4.1,1.4075
Satara,5,12.2,53.2,LED TV,5,16.2,1.0579
Satara,12,40.0,36.6,Room Heater,3,7.1,16.8588
Satara,9,31.2,70.1,Room Heater,1,14.8,39.6577
Satara,7,27.4,75.2,Air Conditioner,5,11.6,21.2773
Mumbai,5,35.2,61.6,Iron,2,1.4,1.7047
Satara,4,29.4,45.2,LED TV,1,6.3,0.6657
Satara,9,16.7,50.9,Ceiling Fan,1,10.3,1.13
Satara,8,24.4,80.4,Water Heater (Geyser),4,0.7,1.5723
Mumbai,4,30.8,74.6,Desktop Computer,2,3.7,1.2263
Mumbai,6,33.9,91.5,Washing Machine,4,0.9,0.4695
Mumbai,2,25.6,48.3,Washing Machine,3,0.8,0.4398
Satara,3,26.7,24.7,Washing Machine,2,1.9,1.1436
Satara,5,34.1,42.7,Washing Machine,5,1.0,0.4045
Mumbai,4,28.8,73.5,Water Heater (Geyser),5,2.6,5.3956
Mumbai,8,34.1,27.5,Room Heater,5,5.0,9.3933
Satara,1,17.3,70.8,Desktop Computer,1,4.9,1.6345
Mumbai,2,46.1,47.7,Desktop Computer,4,11.5,3.1371
Mumbai,5,33.7,69.3,Water Heater (Geyser),2,12.0,35.8112
Mumbai,2,25.1,59.5,Room Heater,3,2.8,5.9955
Satara,3,28.8,38.7,Water Heater (Geyser),3,2.3,5.7089
Mumbai,3,29.4,67.0,Microwave Oven,4,1.1,1.3982
Mumbai,8,27.0,83.1,Refrigerator,2,24.0,5.5157
Satara,7,26.2,90.1,Refrigerator,3,22.9,4.5944
Mumbai,11,11.2,69.8,Desktop Computer,3,20.6,5.3247
Satara,4,29.6,52.9,Room Heater,3,2.3,5.1325
Mumbai,12,23.7,65.6,LED TV,5,7.0,0.4923
Satara,4,31.7,90.0,Microwave Oven,3,16.8,24.2927
Mumbai,4,30.8,72.9,Microwave Oven,2,1.2,1.8456
Satara,5,35.1,37.3,Washing Machine,1,2.0,1.4327
Satara,3,38.5,63.2,Iron,4,15.3,16.3874
Satara,8,25.5,84.7,LED TV,1,3.1,0.3386
Mumbai,2,25.0,51.3,Room Heater,1,3.0,7.2916
Mumbai,10,28.9,84.3,Room Heater,1,1.4,3.8242
Satara,10,26.7,71.8,Refrigerator,4,16.4,2.7325
Satara,9,24.6,88.7,Room Heater,1,5.5,14.449
Satara,10,25.4,64.8,Iron,3,0.7,0.766
Satara,12,22.5,62.8,Desktop Computer,5,4.6,0.9607
Satara,9,26.7,49.6,Desktop Computer,3,10.1,2.7818
Satara,7,25.2,88.2,LED TV,1,4.3,0.4738
Satara,4,30.8,52.3,Air Conditioner,2,2.0,5.6561
Satara,5,35.2,46.5,Refrigerator,1,24.0,6.5552
Mumbai,9,30.4,82.2,Iron,5,1.5,1.4896
Mumbai,6,31.1,79.9,Ceiling Fan,4,11.3,0.9761
Satara,10,26.2,70.5,LED TV,3,4.1,0.3718
Satara,6,29.6,71.4,Microwave Oven,5,1.5,1.7576
Satara,6,26.6,64.3,Ceiling Fan,3,12.8,1.2574
Satara,4,33.1,31.2,Room Heater,4,3.8,7.8297
Mumbai,9,31.2,93.1,Microwave Oven,4,1.1,1.4508
Mumbai,1,27.1,51.4,Ceiling Fan,5,5.1,0.3174
Satara,1,20.5,51.3,Iron,2,0.5,0.5504
Mumbai,5,28.3,19.5,Air Conditioner,4,23.5,46.8204
Satara,10,26.9,74.7,Desktop Computer,5,6.3,1.3941
Mumbai,3,30.0,69.7,LED TV,2,5.4,0.5375
Mumbai,5,32.2,66.7,Refrigerator,1,21.4,5.8686
Mumbai,8,29.8,87.6,Water Heater (Geyser),2,1.6,4.7681
Mumbai,9,29.6,80.3,Desktop Computer,4,4.5,1.1931
Mumbai,7,29.2,93.9,Desktop Computer,4,6.3,1.6865
Satara,5,25.8,37.6,LED TV,5,7.4,0.5024
Satara,10,26.9,59.7,Air Conditioner,1,11.3,32.4523
Satara,3,26.9,69.2,Refrigerator,2,18.8,4.2045
Mumbai,9,11.9,25.2,Microwave Oven,2,3.2,4.0769
Satara,7,27.4,83.3,Iron,1,1.2,1.5261
Mumbai,4,29.7,65.7,Water Heater (Geyser),3,0.7,1.8367
Mumbai,8,27.5,87.0,Air Conditioner,2,7.5,20.7884
Mumbai,1,24.9,63.8,Water Heater (Geyser),3,1.2,2.9643
Satara,5,33.6,64.7,Desktop Computer,4,10.8,2.84
Mumbai,5,19.5,33.8,Air Conditioner,4,5.0,8.211
Satara,7,23.1,86.4,Air Conditioner,1,10.4,28.6248
Satara,12,19.2,54.1,Refrigerator,5,20.0,2.4311
Mumbai,8,29.0,91.7,Room Heater,2,3.3,8.427
Satara,8,39.6,18.1,Iron,5,22.2,20.8562
Mumbai,9,27.8,85.3,Room Heater,5,3.6,6.847
Mumbai,2,25.2,53.8,Air Conditioner,5,4.8,8.233
Mumbai,7,29.8,87.3,Washing Machine,5,1.5,0.655
Satara,6,32.8,40.5,Desktop Computer,4,20.1,5.0962
Satara,6,29.7,71.4,Air Conditioner,1,6.4,20.4924
Satara,7,26.5,85.2,Room Heater,3,5.4,12.2293
Satara,12,20.9,53.7,Microwave Oven,5,1.4,1.5168
Satara,4,33.1,27.4,Refrigerator,2,22.5,5.1932
Mumbai,2,25.1,69.3,Desktop Computer,3,6.6,1.8484
Satara,10,29.0,76.8,Desktop Computer,4,7.0,1.8153
Satara,2,29.0,39.8,Ceiling Fan,5,14.8,0.926
Satara,4,18.1,38.0,LED TV,5,19.0,1.2283
Satara,5,31.8,74.5,Washing Machine,4,1.5,0.7809
Satara,3,26.5,32.2,Ceiling Fan,3,12.2,1.1351
Mumbai,9,27.7,87.2,Water Heater (Geyser),3,0.9,2.3562
Mumbai,6,43.5,81.3,Iron,4,15.8,17.5081
Mumbai,1,24.8,60.6,Ceiling Fan,4,6.9,0.5332
Satara,4,26.2,38.6,Iron,4,18.3,18.0726
Mumbai,6,32.4,81.8,LED TV,2,3.6,0.3675
Satara,3,28.9,42.5,Ceiling Fan,4,6.0,0.4737
Mumbai,7,10.8,43.4,Washing Machine,3,22.1,10.9933
Satara,7,35.2,84.6,Microwave Oven,3,17.7,26.2782
Satara,4,14.9,39.2,LED TV,5,13.5,0.8629
Mumbai,11,28.2,65.8,Microwave Oven,5,0.6,0.6714
Mumbai,2,23.5,55.8,Ceiling Fan,2,5.1,0.5494
Satara,12,19.6,45.1,Microwave Oven,4,1.0,1.1489
Mumbai,3,28.4,81.2,Iron,2,1.1,1.3157
Mumbai,9,20.9,33.7,Iron,5,8.6,7.6391
Mumbai,7,27.8,94.9,Air Conditioner,5,5.1,9.7439
Satara,7,33.5,36.3,Ceiling Fan,3,22.2,2.2678
Mumbai,5,35.0,72.7,Desktop Computer,2,7.8,2.6509
Mumbai,11,31.7,70.5,Refrigerator,4,21.8,3.892
Mumbai,7,30.6,90.8,Water Heater (Geyser),5,0.7,1.525
Satara,2,25.3,46.1,Washing Machine,4,1.6,0.7557
Mumbai,4,24.1,82.8,Air Conditioner,1,20.0,57.3919
Satara,7,46.8,48.1,Air Conditioner,2,18.8,68.4528
Mumbai,4,29.5,41.4,Air Conditioner,3,20.7,49.8665
Satara,10,46.2,76.8,Desktop Computer,4,16.8,4.8417
Mumbai,9,27.8,60.5,Washing Machine,4,11.1,5.417
Satara,4,31.8,48.8,LED TV,4,6.2,0.4901
Satara,6,23.3,73.4,Room Heater,3,5.1,11.0359
Mumbai,9,35.4,74.1,Desktop Computer,4,17.9,4.768
Mumbai,1,26.5,55.2,Microwave Oven,5,0.9,1.012
Satara,12,21.2,58.4,Room Heater,4,5.4,10.3523
Satara,3,32.5,66.1,Ceiling Fan,3,16.3,1.7313
Mumbai,12,27.3,60.9,Desktop Computer,2,6.7,2.1106
Satara,6,28.7,71.3,Refrigerator,5,21.4,3.0429
Mumbai,10,32.5,77.6,Room Heater,1,5.3,14.57
Satara,10,46.8,41.0,Washing Machine,4,12.2,6.4209
Satara,5,28.2,67.4,Washing Machine,4,0.8,0.396
Satara,5,28.9,58.3,Air Conditioner,5,5.0,9.2921
Satara,12,20.5,43.2,Washing Machine,4,0.6,0.2745
Mumbai,8,30.1,91.1,Iron,5,1.4,1.4143
Satara,11,25.2,49.5,Iron,1,1.0,1.2038
Satara,2,23.6,44.4,Ceiling Fan,1,8.8,1.0797
Mumbai,11,29.4,50.4,Room Heater,2,2.6,6.1855
Satara,12,24.9,50.9,Room Heater,1,5.2,12.5053
Satara,3,23.1,48.9,Ceiling Fan,2,6.8,0.7231
Mumbai,5,32.6,76.6,Desktop Computer,3,5.6,1.6538
Mumbai,12,27.8,59.9,Ceiling Fan,1,14.1,1.9019
Mumbai,4,29.1,63.7,Water Heater (Geyser),1,3.0,9.2436
Satara,10,14.4,88.9,Room Heater,1,2.4,5.6302
Satara,12,20.2,39.5,LED TV,1,3.8,0.3778
Mumbai,1,45.4,46.8,Room Heater,4,2.5,5.7683
Satara,5,34.7,24.4,Desktop Computer,1,0.7,0.245
Mumbai,3,28.5,72.2,Room Heater,5,2.8,5.2796
Satara,11,43.8,69.5,Iron,1,6.7,8.7604
Satara,4,28.6,34.9,Iron,4,0.9,0.8944
Mumbai,8,39.3,66.7,Ceiling Fan,5,7.4,0.5532
Mumbai,1,24.6,57.6,Room Heater,3,5.2,11.0915
Satara,10,27.4,68.1,Refrigerator,5,21.3,2.9984
Mumbai,7,29.6,88.2,Air Conditioner,1,7.2,22.6373
Satara,2,25.9,44.3,Iron,2,0.6,0.6717
Mumbai,9,39.3,16.6,Refrigerator,5,17.3,2.5665
Satara,8,31.8,56.7,Room Heater,3,4.6,10.5585
Mumbai,5,35.6,67.0,Room Heater,3,6.0,14.6249
Satara,2,47.0,34.5,LED TV,2,21.2,2.1551
Satara,3,23.9,40.9,Air Conditioner,1,9.4,24.7398
Mumbai,9,22.4,20.6,LED TV,5,21.4,1.388
Mumbai,8,29.4,79.3,Air Conditioner,5,7.1,13.6448
Satara,8,21.8,91.5,LED TV,1,5.8,0.6279
Satara,5,32.0,38.4,Microwave Oven,2,0.9,1.3056
Mumbai,9,27.1,88.8,Washing Machine,1,1.6,1.2005
Satara,11,21.6,62.8,LED TV,2,6.8,0.6309
Satara,10,30.8,67.9,Washing Machine,2,1.5,0.9978
Satara,1,24.9,47.2,LED TV,4,3.8,0.2892
Mumbai,4,31.6,78.5,Ceiling Fan,4,15.1,1.3392
Satara,7,23.4,79.9,Ceiling Fan,4,6.6,0.5075
Mumbai,1,44.3,55.4,Refrigerator,2,19.9,5.4789
Mumbai,3,27.5,59.5,Washing Machine,5,1.2,0.4882
Mumbai,12,28.1,77.5,Water Heater (Geyser),2,0.9,2.5677
Mumbai,11,27.0,61.1,Ceiling Fan,4,5.8,0.4699
Mumbai,5,29.0,83.4,Room Heater,5,14.3,27.2192
Mumbai,5,31.0,72.2,Ceiling Fan,3,4.5,0.4733
Mumbai,4,39.9,93.7,Air Conditioner,3,1.0,3.0916
Satara,4,31.0,51.6,Ceiling Fan,2,14.7,1.7828
Mumbai,1,43.1,16.7,LED TV,1,21.1,2.2549
Mumbai,1,28.0,64.0,Iron,4,1.4,1.4381
Satara,1,22.4,54.4,Ceiling Fan,3,5.2,0.4667
Satara,4,47.1,37.8,LED TV,3,1.7,0.1565
Satara,3,47.9,91.5,Ceiling Fan,1,3.6,0.6749
Mumbai,4,33.9,65.4,Water Heater (Geyser),2,23.7,69.2855
Satara,6,29.3,75.7,Desktop Computer,5,3.3,0.7383
Satara,4,31.4,56.6,Washing Machine,2,1.6,1.0559
Satara,8,35.4,73.3,Iron,3,14.0,16.2305
Satara,10,27.8,46.5,Microwave Oven,4,1.3,1.5736
Satara,3,25.5,59.4,Iron,3,12.6,13.7383
Satara,1,21.3,32.0,Washing Machine,2,1.3,0.7738
Mumbai,10,32.4,81.5,Microwave Oven,1,0.6,0.9989
Mumbai,6,34.7,81.2,Washing Machine,2,0.9,0.6384
Satara,2,23.1,42.2,Water Heater (Geyser),2,2.2,5.6093
Mumbai,9,32.1,36.7,LED TV,1,10.5,1.1016
Mumbai,3,24.0,71.4,Room Heater,4,4.2,8.2899
Satara,11,34.1,56.2,Water Heater (Geyser),4,3.3,7.8385
Satara,5,29.3,52.1,Microwave Oven,3,1.2,1.6057
Satara,7,23.5,82.8,Room Heater,3,5.6,12.2222
Satara,11,24.7,49.6,Water Heater (Geyser),2,2.3,5.9577
Satara,12,10.6,92.2,Ceiling Fan,5,16.6,0.8016
Satara,9,28.5,85.4,Water Heater (Geyser),1,0.9,2.8605
Satara,10,31.9,64.9,Desktop Computer,4,3.5,0.9004
Mumbai,8,27.6,79.0,Microwave Oven,1,1.5,2.4285
Satara,5,30.3,53.8,Room Heater,5,4.6,8.7393
Mumbai,9,27.9,82.1,Ceiling Fan,3,13.8,1.4131
Satara,10,24.5,92.0,Washing Machine,5,18.7,7.8961
Mumbai,10,30.4,73.6,Water Heater (Geyser),4,2.4,5.8325
Mumbai,6,32.2,69.2,Microwave Oven,2,23.9,36.1154
Mumbai,3,30.3,59.1,Microwave Oven,4,1.1,1.406
Mumbai,12,15.0,86.3,Desktop Computer,5,21.6,4.5454
Mumbai,7,29.9,55.7,Refrigerator,2,7.9,1.7861
Satara,10,20.6,54.3,Microwave Oven,1,0.5,0.7468
Mumbai,8,29.8,89.8,Ceiling Fan,3,5.0,0.541
Satara,11,23.4,36.4,Room Heater,5,1.2,2.0484
Satara,10,33.2,34.5,Washing Machine,3,22.5,12.7396
Mumbai,7,12.6,15.6,Air Conditioner,3,22.0,33.4704
Mumbai,6,22.2,42.4,Iron,2,21.6,23.38
Satara,8,43.4,20.8,Desktop Computer,1,8.5,3.0481
Satara,6,27.2,79.2,Ceiling Fan,5,14.8,0.9508
Satara,1,26.0,40.6,Ceiling Fan,4,13.5,1.0318
Satara,6,29.8,81.3,Room Heater,1,4.1,11.1038
Mumbai,9,24.3,58.3,Water Heater (Geyser),2,2.2,5.7867
Mumbai,2,29.2,20.0,Ceiling Fan,5,2.2,0.1324
Satara,12,14.5,38.2,Refrigerator,4,20.0,2.7185
Mumbai,5,42.2,54.4,Refrigerator,3,19.8,4.6062
Mumbai,1,25.1,66.6,Room Heater,5,2.5,4.6339
Satara,5,25.6,51.8,Air Conditioner,5,4.7,8.1532
Mumbai,4,27.5,73.5,Ceiling Fan,3,4.3,0.4331
Satara,3,26.0,31.9,Ceiling Fan,5,15.0,0.8689
Mumbai,12,28.9,65.2,Water Heater (Geyser),5,1.7,3.4597
Satara,3,12.6,42.0,LED TV,4,2.4,0.1721
Satara,11,40.2,69.1,LED TV,4,20.0,1.7132
Satara,5,35.4,47.3,Washing Machine,4,1.0,0.5048
Mumbai,11,30.2,88.3,Iron,3,21.9,25.0484
Satara,9,25.7,76.4,Water Heater (Geyser),4,1.7,3.8613
Satara,9,25.1,75.8,Microwave Oven,2,1.4,2.0649
Satara,11,22.1,53.8,Ceiling Fan,1,15.0,1.7885
Mumbai,1,22.0,64.2,Refrigerator,3,23.3,4.3211
Satara,12,23.2,40.6,Microwave Oven,3,1.4,1.7892
Satara,9,26.4,79.4,Water Heater (Geyser),2,2.9,8.226
Satara,6,11.7,33.0,Ceiling Fan,4,12.0,0.69
Satara,11,24.6,53.2,Refrigerator,3,20.9,3.8565
Mumbai,5,44.9,68.6,Refrigerator,1,0.8,0.2529
Mumbai,6,32.0,72.8,Air Conditioner,5,3.0,5.9382
Mumbai,3,25.1,28.6,Room Heater,1,6.5,15.3445
Mumbai,12,26.5,51.9,Microwave Oven,3,0.6,0.7963
Satara,3,24.9,30.2,Microwave Oven,2,1.4,1.9478
Mumbai,3,29.8,76.3,Room Heater,1,3.4,9.0696
Satara,5,33.8,79.6,Desktop Computer,3,16.0,4.8664
Satara,10,15.2,58.1,Desktop Computer,1,11.7,3.8053
Mumbai,6,29.8,85.8,Refrigerator,5,21.4,3.222
Mumbai,6,30.2,70.1,Refrigerator,3,22.1,4.6056
Mumbai,7,44.4,40.0,LED TV,4,3.6,0.2974
Mumbai,6,32.8,85.1,Water Heater (Geyser),2,0.9,2.7058
Mumbai,10,28.0,84.4,Room Heater,4,4.1,8.5915
Mumbai,9,19.8,49.1,Washing Machine,3,21.4,11.5405
Satara,12,20.0,39.2,Refrigerator,4,23.8,3.5004
Mumbai,5,18.3,20.2,Ceiling Fan,1,18.8,2.0253
Mumbai,6,10.6,21.1,LED TV,3,14.1,1.0795
Mumbai,3,27.3,54.0,Microwave Oven,4,1.1,1.3422
Satara,10,32.0,78.6,Washing Machine,1,1.8,1.3821
Satara,12,17.7,43.7,Refrigerator,5,23.6,2.77
Satara,3,27.2,30.1,Refrigerator,4,21.3,3.3765
Mumbai,3,11.3,47.7,Water Heater (Geyser),3,7.3,14.6309
Mumbai,2,42.1,51.8,Room Heater,1,5.6,16.3125
Mumbai,4,32.9,63.8,Refrigerator,1,20.1,5.4603
Satara,11,37.2,51.6,Microwave Oven,4,21.0,27.2848
Mumbai,10,30.8,33.0,Refrigerator,2,2.4,0.5423
Satara,12,11.4,70.6,Ceiling Fan,1,6.6,0.6584
Mumbai,10,30.8,77.1,Room Heater,5,5.8,11.3533
Mumbai,8,28.5,81.6,Refrigerator,5,22.1,3.1677
Satara,1,20.1,51.6,Air Conditioner,4,3.7,6.472
Satara,2,23.7,41.6,Microwave Oven,1,1.3,1.8931
Satara,9,22.9,87.4,Ceiling Fan,2,11.2,1.2624
Satara,6,26.6,73.5,Washing Machine,1,0.6,0.4369
Mumbai,9,29.0,79.0,LED TV,3,5.6,0.5184
Mumbai,3,17.7,47.2,Room Heater,1,20.4,46.8108
Satara,7,46.8,69.6,Ceiling Fan,1,1.0,0.1734
Mumbai,7,28.1,66.8,Iron,1,1.8,2.2081
Mumbai,8,12.7,70.5,LED TV,5,12.1,0.7998
Mumbai,9,28.9,82.5,Washing Machine,5,1.4,0.5966
Mumbai,5,12.6,35.6,LED TV,5,13.3,0.8478
Satara,6,31.9,81.8,Iron,2,3.4,4.1913
Mumbai,9,12.8,44.9,Desktop Computer,3,12.2,3.1073
Satara,1,22.8,46.1,LED TV,1,2.9,0.2919
Mumbai,2,25.3,69.0,Desktop Computer,5,7.3,1.5752
Mumbai,2,26.7,58.8,Room Heater,3,1.1,2.4174
Mumbai,11,39.3,75.1,Air Conditioner,1,20.3,75.0307
Satara,2,30.0,21.2,Ceiling Fan,2,4.2,0.481
Satara,5,30.5,44.2,Microwave Oven,1,0.4,0.6192
Mumbai,12,20.9,93.0,Ceiling Fan,2,8.7,0.9336
Mumbai,10,28.3,88.1,Air Conditioner,5,19.1,36.5987
Mumbai,6,18.1,47.7,Air Conditioner,4,23.8,39.5647
Satara,8,24.6,84.9,Air Conditioner,1,5.8,16.6288
Mumbai,11,31.5,67.6,Washing Machine,1,0.7,0.5192
Satara,11,22.9,57.2,Desktop Computer,2,4.8,1.4748
Satara,10,14.8,74.2,Room Heater,1,23.7,53.6098
Mumbai,7,28.1,82.0,Refrigerator,1,23.4,6.3141
Mumbai,8,27.3,89.7,LED TV,3,3.1,0.2877
Satara,4,41.3,16.4,Water Heater (Geyser),3,19.2,51.1261
Satara,3,11.7,44.3,Washing Machine,2,19.0,10.9106
Satara,2,23.4,44.5,Washing Machine,3,1.5,0.8033
Mumbai,7,29.9,89.4,Room Heater,1,4.6,12.4677
Mumbai,7,47.5,41.6,Room Heater,2,14.3,39.7323
Satara,3,45.2,72.1,Washing Machine,3,21.6,13.7257
Satara,6,40.1,33.5,Air Conditioner,2,10.6,33.9044
Satara,10,32.0,57.7,LED TV,4,3.7,0.2996
Mumbai,12,27.6,73.1,Iron,1,0.5,0.6161
Mumbai,2,32.3,82.2,Room Heater,4,0.9,1.9768
Mumbai,7,42.2,58.8,Iron,2,22.2,26.9348
Satara,11,23.4,59.8,LED TV,5,3.6,0.2472
Satara,4,30.0,35.8,Ceiling Fan,5,11.8,0.7488
Mumbai,1,22.0,69.7,Refrigerator,1,22.6,5.4926
Mumbai,7,20.6,22.5,Iron,1,7.1,7.9064
Satara,1,19.2,42.9,Room Heater,1,5.5,12.3974
Satara,9,24.3,78.2,Refrigerator,5,21.4,2.9267
Mumbai,3,30.5,66.3,Iron,4,1.0,1.0285
Mumbai,10,14.6,88.9,Microwave Oven,3,16.1,21.142
Satara,5,32.6,45.0,Air Conditioner,4,8.5,19.3254
Mumbai,7,28.6,84.1,Room Heater,4,2.4,5.0953
Satara,1,27.8,46.9,Air Conditioner,2,2.7,6.9186
Mumbai,10,15.3,31.7,Desktop Computer,3,13.5,3.3838
Satara,7,25.7,95.5,Ceiling Fan,4,7.0,0.5845
Mumbai,12,10.3,83.1,Water Heater (Geyser),5,9.1,15.407
Satara,9,27.2,83.1,Microwave Oven,1,1.1,1.7821
Satara,12,21.6,55.7,Water Heater (Geyser),5,0.7,1.3243
Mumbai,11,11.0,44.2,Refrigerator,4,1.6,0.2033
Satara,2,21.8,50.2,Ceiling Fan,5,9.4,0.5303
Mumbai,11,30.2,59.4,Iron,5,1.2,1.1644
Mumbai,2,24.4,51.5,Water Heater (Geyser),2,2.3,6.0853
Mumbai,5,14.5,23.2,Refrigerator,2,2.3,0.41
Satara,11,26.6,53.5,Microwave Oven,5,0.9,0.9989
Satara,3,24.5,39.4,Room Heater,2,2.8,6.2762
Satara,5,29.8,31.2,Iron,3,0.7,0.7482
Satara,12,32.5,28.9,Desktop Computer,3,19.6,5.4965
Mumbai,10,29.2,86.2,Air Conditioner,3,2.8,7.2237
Satara,10,28.1,69.2,Air Conditioner,3,7.9,19.3951
Mumbai,6,32.2,77.4,Washing Machine,2,1.8,1.2182
Mumbai,5,28.0,75.4,Refrigerator,3,23.9,4.9326
Satara,6,31.2,71.7,Desktop Computer,2,2.4,0.7907
Mumbai,2,25.7,60.2,Iron,1,1.5,1.8438
Satara,5,34.4,55.5,Refrigerator,1,20.2,5.5706
Mumbai,5,14.1,59.0,Iron,4,14.4,13.9655
Satara,9,27.5,78.7,Iron,1,0.5,0.6315
Satara,7,24.9,86.4,LED TV,4,5.9,0.4835
Mumbai,4,30.7,73.6,Water Heater (Geyser),1,2.2,7.0074
Satara,8,26.7,84.0,Iron,4,1.1,1.1565
Mumbai,9,45.3,16.8,Desktop Computer,3,22.1,6.5537
Satara,2,23.9,42.9,Washing Machine,1,1.7,1.1603
Satara,8,22.1,87.5,Desktop Computer,2,5.1,1.6577
Mumbai,11,18.4,84.9,LED TV,4,23.7,1.8883
Satara,6,28.8,74.7,Air Conditioner,4,9.9,21.8394
Mumbai,8,28.0,77.5,Washing Machine,1,1.5,1.1205
Mumbai,9,33.1,82.0,Washing Machine,5,0.5,0.2185
Mumbai,2,41.9,68.7,LED TV,4,16.9,1.4658
Mumbai,7,30.6,90.7,Desktop Computer,4,9.5,2.5646
Mumbai,10,30.8,67.6,Desktop Computer,5,10.0,2.233
Mumbai,2,27.2,56.8,Iron,2,1.2,1.3682
Satara,11,24.4,52.0,Microwave Oven,3,0.7,0.9207
Satara,9,25.1,82.4,Microwave Oven,5,0.8,0.9173
Mumbai,6,21.7,62.8,Washing Machine,2,4.5,2.8416
Mumbai,10,32.9,85.9,Water Heater (Geyser),1,2.6,8.4394
Satara,12,24.6,54.2,Refrigerator,2,21.3,4.5529
Satara,1,20.6,41.3,Room Heater,3,1.5,2.995
Mumbai,12,26.1,51.8,Iron,3,0.9,0.9523
Mumbai,8,33.3,64.7,Refrigerator,3,1.6,0.3356
Mumbai,11,30.7,21.3,Water Heater (Geyser),5,13.0,25.2201
Mumbai,4,32.7,68.6,Iron,5,0.6,0.5949
Mumbai,3,31.3,56.2,Washing Machine,1,0.9,0.6758
Mumbai,10,27.0,72.9,Iron,3,0.5,0.5495
Satara,12,26.3,31.5,LED TV,2,3.7,0.3384
Satara,2,21.1,22.4,Water Heater (Geyser),4,2.3,4.6097
Mumbai,8,31.1,92.6,Ceiling Fan,1,4.7,0.6842
Satara,1,23.1,41.6,Iron,5,1.3,1.1796
Satara,6,27.3,72.0,Ceiling Fan,1,5.1,0.6998
Satara,12,22.5,58.7,Iron,3,0.7,0.7351
Satara,5,26.3,43.7,Refrigerator,3,10.7,2.0024
Satara,6,18.0,85.8,Refrigerator,3,7.5,1.3472
Satara,4,34.3,54.0,Iron,3,0.3,0.3267
Satara,11,22.0,56.5,LED TV,2,2.9,0.2718
Mumbai,4,30.2,60.4,Ceiling Fan,3,7.8,0.8067
Mumbai,2,28.5,49.4,Air Conditioner,4,14.5,30.679
Satara,6,30.8,77.2,Water Heater (Geyser),2,1.5,4.3865
Satara,4,32.7,45.0,Iron,3,0.9,0.9674
Mumbai,9,29.9,82.7,Washing Machine,2,0.5,0.3403
Satara,1,25.5,30.0,Iron,1,16.9,19.2282
Mumbai,8,30.2,84.1,Air Conditioner,1,2.5,7.9675
Satara,5,37.2,59.8,Microwave Oven,5,1.1,1.2914
Satara,8,27.3,78.3,Air Conditioner,3,3.7,8.8806
Satara,3,23.7,27.5,Ceiling Fan,2,12.0,1.2147
Mumbai,6,30.9,82.7,Washing Machine,1,1.9,1.4482
Mumbai,11,40.1,64.6,Air Conditioner,4,5.0,13.3286
Satara,2,23.5,89.5,Air Conditioner,2,17.5,45.2018
Mumbai,10,32.5,71.6,LED TV,2,3.9,0.3937
Mumbai,9,26.9,81.9,Air Conditioner,3,4.6,11.168
Mumbai,4,30.2,66.0,Microwave Oven,1,0.5,0.8104
Satara,11,27.7,51.0,Room Heater,1,1.1,2.7212
Mumbai,6,32.9,82.7,Microwave Oven,3,1.4,1.9574
Mumbai,7,28.8,84.8,Air Conditioner,4,4.8,10.7431
Satara,7,39.8,72.7,Microwave Oven,5,16.7,20.5729
Mumbai,4,41.1,94.7,Ceiling Fan,5,8.2,0.6643
Mumbai,7,31.4,93.6,Desktop Computer,2,6.0,2.0426
Mumbai,7,29.6,92.2,Iron,3,0.7,0.8017
Satara,11,44.7,88.2,Iron,2,14.1,18.0311
Mumbai,4,12.8,38.1,Water Heater (Geyser),5,15.2,25.242
Mumbai,8,29.1,78.8,Water Heater (Geyser),5,2.3,4.7881
Mumbai,7,43.0,68.7,Microwave Oven,2,2.8,4.5258
Satara,3,25.3,19.9,LED TV,5,6.8,0.4439
Satara,12,20.7,55.5,Refrigerator,2,20.3,4.0931
Mumbai,11,27.0,69.7,Ceiling Fan,1,7.5,1.0059
Satara,1,20.4,31.8,Air Conditioner,3,10.1,19.4421
Satara,6,28.2,66.2,Water Heater (Geyser),5,1.4,2.8818
Satara,11,20.1,36.3,Ceiling Fan,5,6.0,0.317
Mumbai,1,11.4,52.8,Ceiling Fan,3,13.8,1.0136
Mumbai,12,25.5,73.2,Iron,1,0.4,0.4943
Mumbai,8,12.2,64.5,Microwave Oven,3,19.2,23.6195
Mumbai,9,25.2,81.8,Iron,1,14.1,17.5706
Satara,3,26.4,33.3,Ceiling Fan,5,13.1,0.7784
Mumbai,8,29.0,84.6,Air Conditioner,4,4.9,10.9273
Mumbai,2,24.0,68.8,Room Heater,3,2.3,5.008
Satara,8,24.8,81.9,Room Heater,4,5.4,11.0847
Satara,4,30.8,66.7,Water Heater (Geyser),5,8.2,17.1373
Mumbai,2,24.7,71.7,Iron,4,0.5,0.5263
Satara,4,27.1,34.4,Water Heater (Geyser),4,2.8,6.0934
Satara,9,17.6,67.5,Microwave Oven,4,22.2,26.4365
Satara,11,25.5,56.1,Iron,5,1.4,1.328
Mumbai,5,33.3,65.1,Desktop Computer,5,9.2,2.057
Satara,6,18.9,72.6,Refrigerator,1,1.7,0.3856
Satara,10,26.5,61.1,Air Conditioner,5,5.5,9.879
Mumbai,1,25.4,66.2,Room Heater,5,4.1,7.52
Mumbai,2,26.9,65.0,Room Heater,2,1.5,3.5959
Satara,1,21.5,53.9,LED TV,2,4.2,0.3969
Satara,10,22.4,52.8,Microwave Oven,3,1.0,1.2942
Mumbai,12,27.5,48.8,Water Heater (Geyser),3,1.7,4.1773
Mumbai,5,32.9,76.8,Ceiling Fan,2,13.1,1.6961
Satara,9,24.6,79.4,Air Conditioner,3,5.5,12.6059
Mumbai,2,27.1,73.1,Water Heater (Geyser),5,1.8,3.6827
Satara,12,20.5,40.4,Desktop Computer,4,6.4,1.4657
Satara,2,23.0,45.2,Microwave Oven,5,0.7,0.7589
Mumbai,6,29.0,71.5,LED TV,3,2.5,0.2299
Mumbai,1,24.0,53.5,Refrigerator,5,20.1,2.6006
Mumbai,9,27.4,86.1,Washing Machine,3,1.5,0.8887
Mumbai,8,30.0,89.3,Water Heater (Geyser),1,0.8,2.5886
Mumbai,6,35.3,86.6,Microwave Oven,5,16.6,20.4962
Mumbai,5,32.4,83.6,Microwave Oven,3,0.8,1.1571
Satara,11,21.8,62.0,Water Heater (Geyser),2,1.7,4.4284
Mumbai,7,22.6,17.5,Washing Machine,3,14.8,7.5372
Satara,4,35.7,50.6,Microwave Oven,2,0.6,0.9006
Satara,1,23.2,39.1,Microwave Oven,1,1.5,2.208
Satara,11,20.3,67.5,Air Conditioner,4,6.0,10.8179
Satara,3,26.3,38.9,Room Heater,3,2.1,4.446
Satara,1,19.1,41.7,Air Conditioner,3,4.1,7.7908
Mumbai,4,29.4,66.8,Microwave Oven,2,1.0,1.5051
Mumbai,10,27.9,65.1,Ceiling Fan,2,10.6,1.2514
Satara,9,23.3,86.5,Air Conditioner,5,10.6,18.2825
Mumbai,6,29.0,83.4,Ceiling Fan,5,13.4,0.8751
Mumbai,5,31.5,54.3,Washing Machine,5,1.7,0.7024
Mumbai,11,22.1,57.2,Microwave Oven,3,0.9,1.1728
Mumbai,5,34.1,73.0,Room Heater,4,3.5,7.7129
Mumbai,2,25.5,67.3,Iron,1,0.5,0.6157
Mumbai,3,29.6,59.3,Ceiling Fan,3,12.4,1.2768
Satara,10,24.9,51.8,Water Heater (Geyser),4,0.9,1.9404
Mumbai,5,29.0,71.5,Washing Machine,1,0.7,0.5217
Mumbai,1,25.6,56.6,Desktop Computer,2,9.2,2.8357
Mumbai,2,29.3,62.1,Desktop Computer,3,8.1,2.3402
Satara,7,26.2,88.1,Desktop Computer,5,5.7,1.2542
Satara,6,20.0,82.5,LED TV,2,13.3,1.2593
Satara,9,25.2,78.7,Washing Machine,3,0.9,0.5194
Mumbai,11,32.3,67.6,Desktop Computer,1,7.6,2.7843
Mumbai,12,24.4,63.9,Water Heater (Geyser),4,1.3,2.7979
Mumbai,12,28.5,41.1,Washing Machine,5,1.2,0.4787
Satara,4,35.4,42.7,LED TV,2,12.3,1.1802
Mumbai,12,27.7,60.0,Refrigerator,2,21.4,4.904
Satara,5,28.4,51.9,Ceiling Fan,4,12.2,0.9689
Mumbai,3,43.6,84.0,Washing Machine,1,10.9,9.0353
Satara,10,29.9,43.9,Room Heater,2,3.3,7.8201
Mumbai,12,17.4,82.3,Water Heater (Geyser),2,16.5,42.2733
Satara,5,37.3,55.3,Microwave Oven,4,0.8,1.0403
Mumbai,4,28.7,38.7,Iron,3,8.2,8.6629
Mumbai,9,29.0,96.1,Air Conditioner,2,9.2,26.5137
Satara,9,25.3,75.4,Room Heater,5,3.3,6.1423
Mumbai,8,30.7,85.7,LED TV,4,3.5,0.2956
Mumbai,4,34.9,67.2,Iron,5,0.6,0.5979
Mumbai,9,29.5,85.1,Air Conditioner,4,6.0,13.3884
Mumbai,3,26.0,62.0,Washing Machine,5,0.6,0.2473
Mumbai,5,35.7,48.2,LED TV,5,3.4,0.2416
Mumbai,6,31.0,87.7,Washing Machine,2,0.8,0.5486
Satara,7,26.7,73.8,LED TV,4,2.2,0.1746
Mumbai,5,30.4,76.4,LED TV,5,4.8,0.3599
Mumbai,10,10.8,70.0,LED TV,3,12.9,1.0692
Mumbai,11,30.3,68.3,Ceiling Fan,5,14.6,0.9784
Mumbai,12,25.5,64.5,Iron,4,1.2,1.2234
Satara,2,28.8,37.1,Refrigerator,2,20.7,4.5443
Satara,4,36.5,60.2,Room Heater,1,23.2,63.9099
Satara,2,23.8,43.9,Desktop Computer,5,4.8,0.9751
Satara,8,25.8,89.7,Air Conditioner,2,6.3,16.9198
Satara,9,23.0,76.0,Refrigerator,1,21.3,5.3156
Satara,10,27.4,55.0,Air Conditioner,4,9.4,19.3063
Satara,10,29.5,76.5,Ceiling Fan,5,8.2,0.5446
Mumbai,5,31.4,77.9,Ceiling Fan,4,15.2,1.3309
Mumbai,3,45.5,29.7,Refrigerator,2,6.4,1.6943
Mumbai,2,28.3,51.8,Ceiling Fan,1,11.1,1.4908
Mumbai,9,27.4,84.8,Washing Machine,3,2.5,1.467
Satara,10,26.6,68.3,Room Heater,2,1.9,4.5492
Satara,4,33.2,61.2,Refrigerator,3,12.6,2.7318
Mumbai,1,27.6,52.4,Refrigerator,3,20.2,3.9103
Satara,4,47.4,62.6,Air Conditioner,5,18.4,46.9906
Mumbai,6,30.5,83.1,Microwave Oven,5,1.0,1.2099
Mumbai,10,31.2,77.7,Room Heater,3,4.3,10.1723
Satara,8,18.8,32.8,Air Conditioner,1,8.2,19.034
Satara,11,23.9,50.5,LED TV,1,4.1,0.4192
Satara,1,21.5,52.2,Desktop Computer,2,7.3,2.1875
Satara,7,22.2,57.9,Desktop Computer,5,10.8,2.2443
Satara,7,28.0,84.8,Refrigerator,2,23.6,5.6024
Satara,5,31.8,39.6,Air Conditioner,1,10.4,32.7649
Mumbai,11,29.0,74.0,Iron,2,0.6,0.708
Mumbai,12,27.3,55.8,Iron,1,7.8,9.3759
Mumbai,7,36.0,38.6,Microwave Oven,5,0.7,0.8087
Mumbai,11,29.4,59.3,Desktop Computer,2,8.8,2.8154
Mumbai,6,32.6,78.5,Refrigerator,2,21.1,5.1794
Satara,12,20.4,45.2,Microwave Oven,2,0.7,0.956
Satara,5,47.0,85.5,LED TV,2,10.0,1.1093
Mumbai,6,31.8,85.2,Ceiling Fan,4,6.8,0.6037
Mumbai,11,26.9,64.3,Water Heater (Geyser),1,2.8,8.4368
Mumbai,8,29.9,91.5,Air Conditioner,4,9.6,21.8711
Satara,6,28.3,77.2,Refrigerator,2,21.9,5.1611
Mumbai,4,13.2,42.2,Desktop Computer,1,7.8,2.4445
Satara,11,24.0,60.6,Ceiling Fan,1,4.2,0.5295
Mumbai,1,40.4,33.7,Washing Machine,4,13.2,6.6352
Mumbai,4,23.3,82.0,Ceiling Fan,1,2.1,0.27
Satara,4,31.4,37.8,Iron,4,1.5,1.5044
Satara,7,27.1,87.3,Room Heater,2,3.9,9.7347
Mumbai,7,28.1,92.1,Iron,5,0.6,0.6041
Satara,12,21.3,15.3,Room Heater,2,20.6,42.7891
Mumbai,4,29.8,58.0,Iron,5,1.2,1.1708
Mumbai,6,30.7,80.1,Room Heater,3,3.0,6.9667
Satara,11,20.5,51.3,Ceiling Fan,4,12.1,0.8704
Satara,10,13.9,67.6,Refrigerator,2,13.8,2.668
Mumbai,3,31.7,60.4,Room Heater,5,1.5,2.8652
Satara,6,26.0,40.7,Air Conditioner,2,19.3,48.0149
Mumbai,4,27.0,76.1,Ceiling Fan,2,11.9,1.407
Mumbai,11,27.8,70.1,Water Heater (Geyser),4,2.5,5.7667
Mumbai,5,19.1,88.4,Refrigerator,2,2.3,0.4904
Satara,12,24.9,42.8,Desktop Computer,5,5.0,1.0556
Mumbai,5,32.4,80.6,Washing Machine,2,1.1,0.7592
Satara,8,25.2,86.8,Microwave Oven,2,0.3,0.4541
Satara,1,19.2,44.4,Air Conditioner,4,7.5,12.6929
Mumbai,1,23.8,48.3,Water Heater (Geyser),2,2.5,6.5685
Satara,11,24.4,50.7,Washing Machine,4,1.2,0.5705
Satara,9,24.6,85.6,Washing Machine,4,1.8,0.9085
Satara,7,22.7,95.6,Refrigerator,5,22.1,2.9633
Mumbai,8,24.8,71.6,Washing Machine,5,23.3,9.5037
Mumbai,5,32.4,65.3,Air Conditioner,3,4.5,11.7743
Satara,2,23.4,42.9,Iron,4,1.4,1.3638
Mumbai,9,29.9,69.0,Washing Machine,4,3.2,1.6055
Mumbai,4,28.7,63.1,Desktop Computer,2,4.5,1.4597
Mumbai,4,29.0,78.5,Room Heater,3,4.0,9.0796
Satara,8,23.9,88.2,Water Heater (Geyser),2,1.3,3.6171
Satara,1,20.6,45.2,Washing Machine,4,0.9,0.4095
Satara,11,25.2,46.9,LED TV,5,6.5,0.4426
Satara,1,10.7,61.5,Water Heater (Geyser),4,19.1,35.1044
Mumbai,9,28.5,83.2,Washing Machine,1,2.0,1.501
Mumbai,1,22.4,61.4,Washing Machine,3,0.9,0.497
Satara,6,27.3,68.3,Desktop Computer,2,4.1,1.3161
Satara,9,21.7,77.9,Air Conditioner,1,9.8,26.117
Satara,7,24.9,81.2,Room Heater,4,5.6,11.6611
Satara,1,21.9,46.5,Iron,2,0.8,0.8925
Satara,11,20.2,54.5,Water Heater (Geyser),5,0.6,1.098
Satara,10,22.9,61.2,Iron,1,0.4,0.4785
Mumbai,2,27.9,59.2,Room Heater,5,3.8,7.1246
Mumbai,9,27.1,89.1,Water Heater (Geyser),4,2.1,4.882
Mumbai,12,24.7,61.0,Refrigerator,2,23.6,5.04
Mumbai,6,25.5,56.3,Refrigerator,1,18.0,4.5129
Mumbai,1,23.2,51.3,Ceiling Fan,2,9.5,1.0264
Satara,6,27.0,75.5,Room Heater,4,4.2,8.7022
Mumbai,12,26.0,62.2,Iron,2,1.3,1.5175
Satara,5,31.9,65.6,LED TV,5,7.3,0.5239
Satara,6,25.0,73.1,LED TV,1,5.8,0.6241
Satara,3,32.7,40.7,Iron,4,0.4,0.4058
Mumbai,1,24.5,58.4,Air Conditioner,1,3.0,8.3298
Mumbai,11,29.8,63.0,Room Heater,5,2.2,4.2027
Satara,7,26.2,78.9,Ceiling Fan,2,5.0,0.591
Satara,10,29.0,58.1,Water Heater (Geyser),4,1.1,2.5247
Mumbai,9,28.8,74.0,Room Heater,3,5.2,11.936
Mumbai,3,30.9,80.5,Refrigerator,2,22.2,5.4179
Mumbai,6,29.3,90.2,Refrigerator,5,21.9,3.2298
Satara,5,29.1,83.2,Desktop Computer,4,22.8,5.9569
Satara,7,28.9,86.7,Microwave Oven,1,0.7,1.147
Mumbai,8,30.6,90.0,Washing Machine,4,1.2,0.6275
Satara,10,31.6,72.1,Refrigerator,4,20.7,3.7048
Mumbai,8,43.8,89.5,Air Conditioner,2,14.3,52.6698
Satara,2,21.5,49.1,Iron,4,1.2,1.1613
Satara,10,27.8,61.9,Water Heater (Geyser),1,2.0,6.1011
Satara,2,18.5,46.1,Water Heater (Geyser),2,3.1,7.5473
Mumbai,12,26.4,62.8,Ceiling Fan,3,9.5,0.9123
Mumbai,4,29.6,75.7,Ceiling Fan,1,11.2,1.5722
Mumbai,4,16.6,86.2,Washing Machine,4,14.8,7.1071
Satara,10,29.7,46.9,Air Conditioner,2,2.2,5.8527
Satara,10,41.1,92.5,Desktop Computer,1,17.3,6.9245
Satara,11,26.7,51.9,Washing Machine,1,1.6,1.15
Satara,8,26.3,86.8,Air Conditioner,1,2.1,6.1101
Mumbai,8,28.1,89.2,Room Heater,2,3.4,8.7769
Satara,12,22.5,42.2,Air Conditioner,5,6.1,9.7017
Satara,10,17.0,83.0,Refrigerator,1,5.6,1.296
Satara,9,27.0,81.5,LED TV,2,3.6,0.3604
Mumbai,4,30.8,55.0,Water Heater (Geyser),2,2.5,7.1157
Mumbai,11,28.5,61.2,Desktop Computer,1,3.3,1.183
Mumbai,6,33.6,78.9,Washing Machine,4,1.4,0.7401
Satara,12,21.1,51.6,Refrigerator,1,23.1,5.3149
Mumbai,5,45.0,29.2,Iron,3,12.9,14.1332
Satara,2,21.8,39.9,Washing Machine,4,1.2,0.5407
Satara,2,21.0,56.3,Microwave Oven,5,0.4,0.4313
Satara,4,26.3,48.5,Desktop Computer,5,10.4,2.1919
Satara,8,24.5,82.9,LED TV,4,4.9,0.4008
Mumbai,9,29.4,82.7,Washing Machine,1,1.4,1.0601
Satara,1,20.4,38.5,Microwave Oven,3,17.9,22.5078
Satara,9,26.4,85.7,Microwave Oven,1,0.9,1.4701
Satara,7,28.5,85.9,Microwave Oven,2,0.4,0.6058
Satara,9,38.6,36.1,Room Heater,5,19.2,37.5901
Mumbai,1,27.1,75.3,Washing Machine,4,0.8,0.3984
Satara,5,32.7,47.4,Water Heater (Geyser),1,2.3,7.1302
Satara,4,33.9,37.8,Refrigerator,2,22.5,5.3307
Satara,8,25.5,86.8,Water Heater (Geyser),5,1.6,3.2709
Satara,1,21.4,56.0,LED TV,2,5.9,0.5513
Mumbai,8,30.6,92.0,Refrigerator,5,20.3,3.0604
Satara,1,22.9,42.1,Water Heater (Geyser),4,2.3,4.7403
Mumbai,10,34.6,85.7,Ceiling Fan,4,7.0,0.6543
Mumbai,1,23.4,77.4,Ceiling Fan,3,4.8,0.4528
Satara,4,29.7,46.4,Ceiling Fan,5,11.5,0.7363
Satara,1,38.5,62.9,Washing Machine,3,2.3,1.4144
Mumbai,3,27.6,51.6,Water Heater (Geyser),5,1.5,2.9491
Mumbai,4,42.1,80.0,Iron,3,11.7,13.7753
Satara,11,26.0,57.2,Microwave Oven,3,0.7,0.9346
Satara,11,29.3,51.0,Room Heater,3,5.1,11.3353
Satara,9,25.0,88.3,Water Heater (Geyser),2,1.8,5.0041
Mumbai,12,27.4,55.6,Water Heater (Geyser),1,2.2,6.4611
Satara,5,33.6,44.3,LED TV,1,7.0,0.7577
Mumbai,7,45.2,19.3,Refrigerator,4,20.8,4.0965
Satara,11,23.0,59.4,Ceiling Fan,3,4.0,0.3676
Satara,2,23.7,45.3,Microwave Oven,4,0.5,0.5887
Satara,11,24.3,60.1,LED TV,2,7.3,0.6836
Satara,4,34.6,45.0,LED TV,3,2.5,0.2247
Mumbai,7,30.1,84.2,Room Heater,5,2.7,5.2532
Satara,5,32.3,63.4,LED TV,3,2.7,0.247
Satara,11,25.9,57.7,Room Heater,1,2.2,5.4872
Mumbai,12,45.3,56.6,Microwave Oven,3,15.7,22.9418
Satara,2,27.8,38.0,Air Conditioner,1,10.1,28.65
Mumbai,6,31.6,79.5,Water Heater (Geyser),5,0.5,1.0764
Mumbai,2,25.3,62.6,Desktop Computer,2,4.9,1.5483
Mumbai,4,33.2,59.1,Ceiling Fan,5,12.6,0.8617
Mumbai,11,30.1,70.1,Ceiling Fan,3,12.3,1.2631
Mumbai,11,27.1,69.7,Ceiling Fan,3,9.8,0.9604
Mumbai,10,29.7,75.5,Ceiling Fan,3,9.2,0.9593
Satara,2,22.8,38.1,Room Heater,1,3.1,7.2068
Mumbai,1,40.0,25.0,Microwave Oven,2,19.2,28.3629
Mumbai,5,30.1,85.8,Ceiling Fan,3,8.1,0.8542
Satara,5,30.8,48.0,LED TV,1,6.5,0.6858
Satara,6,30.5,64.5,Washing Machine,2,0.7,0.4617
Mumbai,1,12.6,23.1,Refrigerator,1,0.9,0.175
Mumbai,2,24.8,57.2,Ceiling Fan,4,9.3,0.7092
Mumbai,1,24.1,62.4,Room Heater,1,3.6,8.8692
Satara,10,31.4,58.3,Iron,1,0.8,0.9527
Mumbai,12,25.8,57.2,Room Heater,2,1.9,4.4199
Mumbai,3,28.1,63.2,Water Heater (Geyser),3,1.6,4.0117
Satara,9,24.6,84.0,Washing Machine,5,1.4,0.5762
Mumbai,9,28.9,77.8,Desktop Computer,4,3.7,0.9502
Mumbai,8,30.0,88.0,Ceiling Fan,5,8.0,0.5411
Mumbai,9,28.4,85.4,Ceiling Fan,5,13.5,0.8941
Mumbai,6,26.2,79.8,Microwave Oven,3,0.3,0.4199
Satara,1,19.6,38.7,Iron,5,0.5,0.4502
Satara,9,22.0,78.5,Iron,3,1.2,1.3204
Satara,9,24.4,79.0,Iron,1,0.7,0.8709
Mumbai,11,15.7,26.7,Washing Machine,5,22.9,8.3
Satara,11,23.3,43.2,Water Heater (Geyser),4,2.4,4.9816
Satara,9,27.7,78.4,Iron,4,0.6,0.636
Satara,2,22.7,34.3,Desktop Computer,4,19.2,4.4493
Satara,3,19.7,59.1,Washing Machine,5,2.3,0.9084
Satara,8,23.4,46.9,Desktop Computer,5,4.1,0.8422
Satara,9,25.7,79.6,LED TV,2,7.3,0.7159
Mumbai,6,33.0,77.4,Refrigerator,5,21.6,3.2682
Mumbai,5,30.6,50.2,Microwave Oven,5,9.7,10.9923
Mumbai,2,25.1,59.2,Air Conditioner,3,6.6,14.7549
Satara,1,45.0,72.0,Microwave Oven,3,8.4,12.5998
Satara,2,24.8,40.0,Iron,4,0.9,0.8873
Satara,2,45.5,24.4,LED TV,3,6.4,0.5796
Mumbai,8,29.7,85.8,Desktop Computer,1,4.7,1.7555
Satara,12,19.2,73.7,Refrigerator,2,23.7,4.8675
Mumbai,12,43.3,77.1,Refrigerator,4,20.2,4.211
Satara,11,24.2,33.2,Washing Machine,4,1.3,0.5945
Satara,4,12.1,91.9,Iron,1,20.3,24.0786
Satara,4,29.5,62.7,Refrigerator,3,10.3,2.1215
Satara,2,21.2,48.1,Water Heater (Geyser),3,2.0,4.6478
Satara,9,23.5,83.6,LED TV,2,7.4,0.7222
Mumbai,2,27.5,63.4,LED TV,3,8.0,0.7123
Mumbai,9,29.4,79.6,LED TV,4,3.8,0.32
Mumbai,2,27.9,61.3,LED TV,2,5.6,0.5551
Mumbai,7,45.0,49.2,Water Heater (Geyser),2,14.3,45.0605
Mumbai,4,13.5,75.0,Microwave Oven,4,4.6,5.3896
Satara,5,34.6,45.9,Iron,3,0.8,0.8598
Satara,8,22.9,79.3,Desktop Computer,2,4.9,1.5745
Satara,7,33.7,37.0,Refrigerator,5,10.6,1.5478
Satara,4,34.1,45.7,LED TV,4,7.3,0.5923
Satara,1,22.1,47.9,Air Conditioner,4,6.8,12.2157
Satara,1,20.7,52.0,Refrigerator,5,23.2,2.8585
Satara,1,17.8,59.2,Washing Machine,4,1.4,0.634
Satara,3,23.8,54.3,Microwave Oven,1,1.2,1.8174
Satara,4,10.8,59.2,Room Heater,4,3.6,5.9215
Mumbai,2,10.6,92.1,Water Heater (Geyser),2,9.4,22.0854
Satara,1,17.4,67.7,Water Heater (Geyser),1,20.4,55.918
Mumbai,4,30.0,73.3,Desktop Computer,1,2.6,0.9665
Mumbai,8,25.8,39.9,Room Heater,2,19.0,42.5698
Satara,1,14.2,83.8,Water Heater (Geyser),2,6.0,14.7823
Mumbai,9,37.3,59.7,Room Heater,1,11.9,33.4926
Mumbai,12,25.9,60.2,Refrigerator,2,21.5,4.774
Satara,4,30.2,41.4,Desktop Computer,5,2.5,0.5268
Satara,10,27.4,55.8,Water Heater (Geyser),4,1.4,3.1716
Mumbai,9,29.2,91.7,LED TV,2,2.1,0.2195
Mumbai,12,24.8,57.9,Iron,3,1.4,1.4853
Mumbai,8,14.9,23.5,Refrigerator,3,14.3,2.1966
Mumbai,6,31.7,76.3,Room Heater,4,2.7,5.7853
Mumbai,11,35.7,51.0,Desktop Computer,5,6.0,1.3241
Mumbai,7,29.7,85.8,Iron,3,1.5,1.715
Satara,1,21.7,47.2,Room Heater,3,4.3,8.9705
Mumbai,1,24.0,63.2,Ceiling Fan,4,7.3,0.5522
Satara,3,28.1,41.1,Air Conditioner,5,9.4,16.8294
Mumbai,10,31.0,88.5,Microwave Oven,5,1.1,1.3245
Mumbai,5,28.9,86.7,LED TV,4,6.6,0.5459
Satara,9,25.8,68.5,Room Heater,3,3.1,6.9251
Satara,4,27.4,48.1,Washing Machine,4,1.0,0.4738
Mumbai,7,27.5,85.6,LED TV,3,3.1,0.2879
Mumbai,10,24.9,81.2,Microwave Oven,1,4.0,6.4145
Mumbai,10,29.1,78.7,Ceiling Fan,4,13.4,1.1502
Mumbai,11,44.4,39.7,Ceiling Fan,2,16.9,2.3509
Satara,11,20.9,48.5,LED TV,1,6.5,0.6518
Satara,4,29.9,43.2,Ceiling Fan,5,13.2,0.8411
Mumbai,9,29.5,84.8,Water Heater (Geyser),2,1.5,4.3329
Mumbai,3,31.2,67.9,Room Heater,4,14.4,30.0682
Satara,9,25.9,77.6,Washing Machine,1,0.6,0.4353
Satara,10,28.1,54.7,LED TV,3,3.6,0.3172
Satara,3,23.9,41.7,Air Conditioner,1,2.3,6.1434
Satara,8,23.6,92.3,Refrigerator,1,21.1,5.4275
Satara,2,21.9,40.7,Desktop Computer,5,4.5,0.9086
Satara,5,31.4,37.3,Air Conditioner,2,3.0,8.1826
Satara,1,16.9,89.7,Washing Machine,5,4.4,1.7781
Satara,8,43.1,77.2,Air Conditioner,3,1.9,6.0464
Satara,12,16.1,30.2,Iron,4,1.9,1.7968
Satara,2,23.8,53.4,Microwave Oven,4,0.3,0.3657
Satara,9,23.9,82.6,Room Heater,5,3.8,7.1106
Mumbai,10,30.6,83.7,Air Conditioner,4,7.6,17.406
Satara,9,27.8,84.0,Room Heater,2,3.7,9.2649
Mumbai,10,29.9,77.4,LED TV,3,6.3,0.5723
Satara,2,23.5,53.7,Iron,5,1.1,1.0251
Mumbai,3,39.9,68.9,Water Heater (Geyser),1,3.2,11.0063
Mumbai,7,30.4,82.6,Microwave Oven,3,1.4,1.9721
Mumbai,6,42.9,80.8,Room Heater,2,3.4,9.7404
Mumbai,10,28.1,80.4,Washing Machine,2,1.1,0.7296
Satara,2,20.4,36.4,Air Conditioner,5,11.4,16.8858
Satara,9,22.9,30.4,Air Conditioner,5,15.3,23.5367
Mumbai,10,28.4,68.3,Microwave Oven,1,1.1,1.7398
Satara,4,30.7,38.1,Desktop Computer,1,9.4,3.2566
Satara,6,37.8,75.3,Refrigerator,4,4.1,0.793
Satara,5,36.2,42.4,Desktop Computer,3,10.0,2.8896
Mumbai,3,28.9,62.6,Refrigerator,3,23.5,4.7107
Satara,9,38.7,20.4,LED TV,3,17.5,1.5448
Mumbai,9,30.3,86.6,Microwave Oven,2,1.0,1.5198
Mumbai,2,28.4,56.5,Water Heater (Geyser),3,1.6,3.9993
Satara,9,28.0,70.7,Microwave Oven,1,1.1,1.732
Satara,6,15.9,77.4,Microwave Oven,2,11.6,16.578
Mumbai,1,11.0,25.8,Washing Machine,5,23.1,8.0227
Satara,8,24.4,81.9,Water Heater (Geyser),2,2.8,7.7281
Satara,3,27.6,38.3,Washing Machine,4,0.7,0.3311
Mumbai,7,23.6,48.0,Desktop Computer,2,20.1,6.1501
Satara,9,26.6,80.1,Water Heater (Geyser),3,2.6,6.6615
Satara,9,44.9,53.8,Air Conditioner,2,12.4,43.5052
Mumbai,10,30.6,70.5,Iron,3,0.3,0.34
Mumbai,10,31.9,75.2,Air Conditioner,5,9.7,19.4752
Mumbai,12,26.2,66.0,Refrigerator,2,22.1,4.9259
Satara,4,27.6,53.6,Desktop Computer,4,6.6,1.6629
Mumbai,2,24.3,57.2,Washing Machine,2,1.4,0.8756
Satara,12,15.2,78.0,Refrigerator,4,23.4,3.4093
Mumbai,5,34.4,76.2,Air Conditioner,5,4.6,9.8292
Mumbai,12,28.6,67.6,Iron,5,0.8,0.7754
Satara,2,26.9,52.0,Ceiling Fan,1,10.5,1.3645
Satara,3,23.1,27.9,Washing Machine,5,1.0,0.3745
Mumbai,9,29.3,78.7,LED TV,3,4.0,0.3675
Mumbai,10,32.5,74.3,Room Heater,1,4.0,11.0433
Satara,10,24.5,66.8,Desktop Computer,2,5.5,1.7086
Satara,11,24.8,41.3,Microwave Oven,3,0.4,0.5221
Satara,3,30.0,20.8,Ceiling Fan,5,15.4,0.933
Satara,3,26.9,30.6,LED TV,5,2.4,0.1632
Mumbai,3,29.8,57.9,Iron,2,1.4,1.6063
Mumbai,12,28.4,53.6,Iron,4,0.6,0.6125
Satara,8,23.6,86.3,Microwave Oven,2,0.4,0.6005
Satara,10,22.5,52.3,Desktop Computer,5,4.0,0.8246
Mumbai,5,28.4,61.5,Air Conditioner,1,5.0,14.8862
Satara,5,35.8,48.8,LED TV,3,8.0,0.7246
Mumbai,1,10.3,65.5,Desktop Computer,1,11.0,3.4453
Mumbai,1,27.2,58.0,Microwave Oven,4,1.4,1.723
Satara,11,20.6,45.9,Room Heater,4,2.9,5.4279
Satara,11,21.2,53.5,Microwave Oven,4,1.3,1.541
Satara,9,14.6,25.4,Room Heater,5,20.3,31.0362
Mumbai,4,32.1,69.2,Ceiling Fan,4,7.1,0.624
Satara,11,24.0,44.3,Iron,2,0.6,0.6583
Mumbai,10,31.6,70.2,Water Heater (Geyser),4,1.5,3.5822
Satara,11,22.0,43.0,Room Heater,5,2.3,3.893
Satara,2,26.4,45.0,Iron,3,0.3,0.3109
Mumbai,8,28.9,86.6,Desktop Computer,3,3.6,1.0796
Mumbai,9,30.4,77.7,LED TV,1,6.2,0.6681
Satara,3,26.7,36.8,Desktop Computer,5,2.1,0.4354
Satara,5,31.8,55.7,Desktop Computer,2,7.4,2.4074
Mumbai,5,31.3,59.4,LED TV,5,6.4,0.454
Satara,9,23.7,91.1,Air Conditioner,2,6.4,16.343
Mumbai,3,28.8,54.7,Air Conditioner,2,7.8,20.9788
Mumbai,11,21.5,68.9,Ceiling Fan,3,4.0,0.3618
Satara,3,28.4,24.3,Desktop Computer,2,3.8,1.1365
Satara,3,31.2,44.4,Desktop Computer,1,22.2,7.8517
Satara,6,27.9,79.5,Iron,4,1.2,1.2886
Mumbai,6,31.5,73.7,Microwave Oven,3,1.2,1.698
Mumbai,1,40.5,21.0,Air Conditioner,1,23.7,81.9092
Satara,9,45.2,71.4,Ceiling Fan,4,10.7,1.1358
Mumbai,4,13.8,24.0,Room Heater,4,14.0,23.0675
Mumbai,10,37.5,36.6,Room Heater,1,20.6,55.3404
Mumbai,1,43.7,51.0,Water Heater (Geyser),1,5.1,18.1749
Satara,3,26.9,54.9,Air Conditioner,3,9.4,21.9168
Mumbai,12,25.9,49.1,Washing Machine,2,1.5,0.9515
Mumbai,7,29.8,87.5,Room Heater,3,4.3,10.2255
Satara,4,32.5,41.9,Washing Machine,2,1.6,1.0464
Mumbai,4,28.2,70.4,Refrigerator,4,21.8,3.7365
Satara,11,25.7,88.9,Ceiling Fan,5,11.7,0.7452
Mumbai,2,30.2,66.3,Desktop Computer,3,7.3,2.117
Mumbai,6,39.3,32.4,Water Heater (Geyser),3,5.8,15.5792
Satara,10,28.8,58.6,Washing Machine,1,1.5,1.093
Satara,4,27.3,39.3,Microwave Oven,5,0.8,0.8803
Satara,1,26.4,57.6,Ceiling Fan,4,6.8,0.5361
Mumbai,11,29.5,64.3,Room Heater,3,5.1,11.4272
Satara,3,28.8,73.6,Room Heater,2,15.9,39.7807
Satara,3,24.3,23.6,Ceiling Fan,1,7.6,0.9109
Satara,1,46.0,83.5,Air Conditioner,5,20.0,51.2396
Mumbai,8,28.6,81.6,Water Heater (Geyser),3,0.6,1.5998
Mumbai,10,29.3,86.2,Room Heater,4,1.2,2.6376
Mumbai,10,34.1,77.5,Iron,2,0.5,0.5959
Satara,10,25.6,59.5,Iron,3,0.6,0.649
Mumbai,2,37.5,23.9,Air Conditioner,4,14.8,34.8738
Satara,3,10.9,24.3,Iron,4,22.7,20.6358
Mumbai,6,31.3,80.4,Washing Machine,5,1.6,0.6939
Mumbai,8,30.8,89.3,Washing Machine,2,1.2,0.8312
Satara,2,17.9,42.1,Room Heater,2,2.0,4.1746
Satara,7,28.6,79.7,Room Heater,4,2.7,5.6895
Mumbai,9,15.4,44.5,Iron,2,20.2,21.2525
Mumbai,2,17.5,34.7,LED TV,2,7.7,0.6915
Satara,4,26.5,34.6,Refrigerator,3,21.6,4.0228
Satara,11,24.7,66.4,Washing Machine,2,0.9,0.5796
Satara,6,27.4,73.7,Air Conditioner,5,4.9,9.0831
Mumbai,11,29.3,68.0,Refrigerator,2,21.4,5.0531
Satara,11,21.1,57.1,Air Conditioner,3,7.6,15.6974
Satara,10,25.7,51.6,Iron,3,1.2,1.2498
Mumbai,3,21.1,26.6,Microwave Oven,1,19.6,28.308
Satara,3,22.8,47.0,Ceiling Fan,2,8.1,0.8421
Satara,12,18.4,50.0,Washing Machine,3,1.6,0.839
Satara,6,28.7,80.9,LED TV,2,4.8,0.4897
Mumbai,6,15.5,39.5,Washing Machine,1,18.5,12.3096
Mumbai,7,29.8,90.6,Room Heater,4,2.5,5.4017
Satara,5,25.5,32.1,Refrigerator,1,23.1,5.6413
Satara,8,23.0,80.4,Refrigerator,4,23.2,3.8061
Mumbai,8,26.7,88.1,Refrigerator,4,22.6,3.9
Satara,11,42.4,67.9,Room Heater,3,5.1,12.9106
Mumbai,12,28.1,71.2,Ceiling Fan,5,13.4,0.8586
Mumbai,7,29.6,93.6,Microwave Oven,3,1.1,1.582
Mumbai,3,30.1,68.4,Water Heater (Geyser),1,0.7,2.1786
Satara,1,21.1,57.8,LED TV,5,5.2,0.3543
Satara,7,23.9,85.8,Desktop Computer,5,2.0,0.4448
Mumbai,11,37.6,33.7,Room Heater,5,14.8,28.8502
Satara,11,26.8,42.6,Air Conditioner,1,3.0,8.4472
Satara,11,11.0,88.3,Ceiling Fan,3,16.9,1.2975
Mumbai,9,30.5,85.7,LED TV,3,5.4,0.5042
Mumbai,10,37.4,70.2,Desktop Computer,2,16.7,5.7158
Mumbai,4,42.0,66.9,Microwave Oven,1,10.0,17.0491
Satara,1,25.8,56.3,Room Heater,2,2.1,4.7932
Satara,12,23.5,39.2,Room Heater,3,2.9,5.9466
Mumbai,5,34.8,85.1,Ceiling Fan,1,4.8,0.7382
Mumbai,1,33.7,47.8,Ceiling Fan,4,13.5,1.1522
Mumbai,11,29.7,67.2,Air Conditioner,3,3.2,8.0215
Mumbai,2,26.6,68.8,Desktop Computer,3,8.1,2.3243
Mumbai,2,27.1,69.3,Room Heater,3,1.6,3.6083
Satara,4,26.6,42.1,Refrigerator,3,22.0,4.1681
Mumbai,4,31.1,66.6,Air Conditioner,4,5.2,11.7557
Mumbai,3,28.1,72.9,Washing Machine,2,0.9,0.5902
Mumbai,2,26.6,67.3,Air Conditioner,1,7.8,22.6671
Satara,9,23.2,32.2,LED TV,4,23.6,1.726
Satara,2,24.9,47.4,Air Conditioner,4,6.5,12.6262
Mumbai,7,28.9,89.2,Refrigerator,3,21.6,4.5831
Satara,9,32.4,88.5,LED TV,1,13.0,1.4721
Satara,8,22.5,84.0,Refrigerator,3,21.9,4.2212
Satara,7,26.1,92.3,Refrigerator,4,21.8,3.829
Satara,6,26.3,63.0,Ceiling Fan,5,5.4,0.333
Satara,2,25.7,32.0,Ceiling Fan,2,7.0,0.7585
Satara,7,25.6,84.6,Water Heater (Geyser),3,1.0,2.5467
Mumbai,8,29.3,90.8,Washing Machine,1,1.3,1.0024
Satara,12,22.7,49.9,Air Conditioner,1,9.8,25.7703
Mumbai,10,34.0,69.0,Room Heater,5,12.8,25.5984
Mumbai,10,30.3,67.3,Washing Machine,5,2.0,0.8519
Mumbai,9,28.2,90.9,Water Heater (Geyser),2,1.4,4.0626
Satara,12,21.0,58.1,Microwave Oven,1,1.0,1.4692
Satara,6,13.1,59.2,Desktop Computer,1,4.5,1.4249
Mumbai,9,28.9,82.2,LED TV,4,4.4,0.3657
Satara,9,27.2,75.5,Desktop Computer,1,9.5,3.4066
Mumbai,11,26.5,73.4,Room Heater,1,1.9,4.9489
Mumbai,6,29.3,98.0,Desktop Computer,3,7.5,2.2779
Satara,2,38.7,19.8,Refrigerator,4,4.0,0.7239
Mumbai,4,10.5,86.9,Room Heater,2,14.2,29.0443
Mumbai,7,30.1,88.3,Iron,4,1.5,1.6091
Satara,3,32.2,49.1,Desktop Computer,2,6.8,2.1852
Mumbai,7,43.1,75.6,Ceiling Fan,5,17.5,1.3856
Satara,9,39.3,55.0,Air Conditioner,2,23.5,76.5206
Satara,7,23.7,86.5,Room Heater,5,5.9,10.7817
Mumbai,3,27.8,71.8,Room Heater,3,3.9,8.783
Mumbai,9,32.0,57.7,Room Heater,2,5.4,13.4092
Satara,3,26.4,37.4,Iron,5,1.3,1.1996
Satara,6,44.6,33.1,Washing Machine,1,5.8,4.4512
Satara,8,37.6,55.1,Microwave Oven,3,0.7,0.9982
Satara,6,30.8,69.0,LED TV,5,3.4,0.2477
Satara,11,30.2,54.6,Desktop Computer,1,7.3,2.6149
Satara,9,26.8,78.4,Air Conditioner,5,2.7,4.9891
Satara,8,23.9,81.6,Refrigerator,4,15.4,2.5067
Satara,10,27.6,62.6,Refrigerator,3,21.7,4.2976
Mumbai,12,25.4,77.4,Air Conditioner,5,5.3,9.3244
Satara,1,21.9,56.4,LED TV,3,3.4,0.2908
Mumbai,4,29.1,67.3,Air Conditioner,5,9.9,18.6624
Satara,7,25.3,80.3,Desktop Computer,1,6.6,2.3423
Mumbai,6,30.8,77.7,LED TV,4,2.3,0.1909
Satara,12,20.8,40.3,Microwave Oven,1,0.9,1.3351
Satara,11,23.1,48.6,LED TV,4,5.6,0.4288
Satara,1,20.1,46.2,Room Heater,2,5.8,12.4229
Mumbai,3,31.3,57.3,LED TV,5,7.4,0.5418
Mumbai,11,45.1,16.4,Water Heater (Geyser),5,9.8,21.9674
Mumbai,4,31.9,66.5,Air Conditioner,5,7.0,13.8706
Satara,3,46.8,29.0,Refrigerator,1,15.4,4.6935
Mumbai,6,29.8,79.0,Air Conditioner,4,3.5,7.7014
Mumbai,2,23.1,61.4,Iron,1,1.4,1.682
Satara,3,30.1,50.5,Washing Machine,5,1.0,0.4099
Satara,2,25.1,45.2,Washing Machine,4,1.9,0.8853
Mumbai,10,32.3,72.6,Room Heater,5,2.4,4.7091
Satara,2,22.0,49.4,Room Heater,1,3.4,8.0993
Satara,5,29.7,58.8,Air Conditioner,2,8.7,24.0721
Mumbai,9,18.1,21.8,Room Heater,4,21.6,37.44
Satara,6,19.7,28.4,Desktop Computer,3,14.7,3.8449
Mumbai,11,30.6,65.0,Room Heater,4,23.6,49.6452
Satara,3,27.8,30.4,Room Heater,4,3.0,5.7969
Satara,7,25.7,81.5,Room Heater,5,3.1,5.8576
Mumbai,10,31.6,72.6,Washing Machine,3,1.7,0.9976
Satara,2,21.0,71.0,Air Conditioner,5,23.7,37.7683
Satara,11,25.4,64.8,LED TV,3,4.9,0.4258
Mumbai,11,32.3,68.2,Room Heater,1,5.4,14.6042
Mumbai,11,15.1,61.3,LED TV,2,12.1,1.1191
Satara,4,11.9,35.0,Microwave Oven,2,17.5,22.2965
Mumbai,5,25.5,70.9,LED TV,1,15.5,1.6827
Mumbai,3,25.6,77.4,Refrigerator,2,18.6,4.1469
Satara,10,26.6,50.4,Room Heater,1,5.1,12.9446
Mumbai,3,28.8,48.7,LED TV,2,10.1,0.9599
Mumbai,8,28.4,91.5,Ceiling Fan,4,20.2,1.7486
Satara,4,32.6,55.6,LED TV,1,2.9,0.3128
Mumbai,12,27.5,64.8,Refrigerator,4,21.3,3.5424
Satara,11,30.1,44.3,Ceiling Fan,4,9.4,0.766
Satara,3,28.8,36.9,LED TV,5,5.8,0.4007
Mumbai,9,29.8,83.9,Iron,5,0.7,0.6954
Satara,3,25.6,31.2,Water Heater (Geyser),2,2.4,6.1831
Satara,11,27.5,52.3,Room Heater,4,3.3,6.6036
Mumbai,10,28.9,72.0,Iron,4,1.4,1.4623
Satara,5,32.4,59.9,Room Heater,4,5.0,10.4922
Satara,12,21.2,39.2,Desktop Computer,4,8.3,1.9444
Mumbai,10,15.8,94.5,Desktop Computer,5,8.3,1.7652
Mumbai,6,33.4,84.3,Water Heater (Geyser),4,2.4,6.0447
Mumbai,2,25.5,55.7,Washing Machine,2,0.9,0.5671
Satara,9,17.5,22.9,Air Conditioner,2,17.7,35.192
Mumbai,6,29.2,81.5,Air Conditioner,1,4.0,12.5921
Mumbai,9,36.8,43.7,Microwave Oven,2,5.0,7.5203
Mumbai,9,47.6,33.3,LED TV,3,15.4,1.4251
Satara,5,21.8,92.6,Refrigerator,4,13.6,2.2366
Satara,12,19.6,52.5,Washing Machine,1,1.7,1.1629
Mumbai,1,26.8,61.9,Microwave Oven,5,1.5,1.6916
Satara,3,32.2,50.6,LED TV,4,7.4,0.5955
Satara,12,42.2,45.7,Water Heater (Geyser),4,5.0,12.9037
Mumbai,9,30.2,86.0,Iron,5,0.4,0.4076
Mumbai,3,27.5,58.7,Microwave Oven,2,1.3,1.8745
Satara,12,22.3,45.8,LED TV,4,7.2,0.5446
Satara,6,26.1,88.7,Water Heater (Geyser),4,1.6,3.7073
Mumbai,12,42.0,68.1,Desktop Computer,2,11.0,3.917
Mumbai,10,40.2,60.2,Iron,2,19.2,23.2137
Mumbai,6,30.6,82.1,Desktop Computer,2,9.6,3.2365
Satara,10,28.3,79.9,Air Conditioner,2,9.8,27.2559
Mumbai,12,26.3,67.1,Ceiling Fan,5,11.4,0.7101
Mumbai,8,28.4,87.5,Water Heater (Geyser),2,3.0,8.747
Mumbai,7,26.7,88.0,Desktop Computer,5,7.1,1.5612
Satara,3,11.9,76.1,Microwave Oven,1,7.4,10.8445
Satara,2,28.9,49.3,Room Heater,1,4.9,12.2922
Satara,8,20.8,43.9,Microwave Oven,3,16.7,21.2526
Mumbai,5,27.3,81.3,Ceiling Fan,5,11.9,0.7849
Mumbai,11,26.4,68.9,Ceiling Fan,1,9.8,1.3256
Mumbai,11,27.3,62.1,Refrigerator,3,23.8,4.6792
Mumbai,4,30.1,68.3,Refrigerator,3,23.4,4.817
Mumbai,9,29.4,83.5,Refrigerator,3,22.5,4.6919
Mumbai,3,29.9,71.6,Ceiling Fan,3,5.4,0.5651
Mumbai,6,31.5,77.2,Water Heater (Geyser),4,2.2,5.3852
Mumbai,6,28.3,84.7,Iron,2,0.5,0.5957
Mumbai,6,31.8,91.7,Air Conditioner,1,4.4,14.4817
Mumbai,12,26.5,70.2,Iron,4,0.7,0.7286
Satara,6,26.2,72.3,Microwave Oven,2,1.2,1.734
Satara,11,39.7,73.6,Air Conditioner,1,1.5,5.6278
Satara,3,23.5,55.8,LED TV,2,14.2,1.3342
Mumbai,2,27.4,58.2,Washing Machine,3,1.4,0.7872
Satara,4,22.3,72.1,Refrigerator,4,21.0,3.3377
Satara,4,32.5,26.5,Air Conditioner,5,4.6,8.6716
Mumbai,1,23.1,65.6,Desktop Computer,2,4.6,1.4287
Satara,11,24.2,46.3,Room Heater,4,4.9,9.3598
Satara,8,26.4,71.8,Washing Machine,1,7.1,5.1438
Mumbai,12,24.8,76.9,Washing Machine,5,1.6,0.6628
Satara,4,20.6,70.2,LED TV,2,15.8,1.5179
Mumbai,2,29.6,59.3,Room Heater,3,3.3,7.3599
Mumbai,7,40.0,83.4,Water Heater (Geyser),2,22.1,70.9485
Mumbai,8,30.3,87.5,Iron,3,0.7,0.8071
Satara,6,45.2,23.8,Room Heater,1,16.7,47.1232
Satara,5,28.7,55.5,Room Heater,1,1.4,3.5447
Mumbai,1,16.7,84.3,Desktop Computer,2,7.1,2.1915
Satara,11,28.7,54.0,Water Heater (Geyser),2,2.5,6.8295
Satara,8,38.9,23.1,Room Heater,2,16.6,41.1053
Satara,2,23.9,39.1,Washing Machine,5,0.9,0.3471
Satara,6,26.4,81.4,Iron,2,0.7,0.842
Satara,11,20.2,56.9,Refrigerator,4,21.4,3.2174
Satara,12,20.1,54.0,Refrigerator,3,22.8,4.0001
Mumbai,5,47.5,17.5,Refrigerator,4,16.1,3.2083
Satara,6,42.6,34.1,Desktop Computer,5,23.4,5.317
Satara,10,24.1,55.5,Washing Machine,4,1.1,0.5205
Mumbai,7,20.1,25.5,Microwave Oven,3,7.4,9.1389
Mumbai,12,25.6,63.8,Washing Machine,3,1.0,0.5651
Mumbai,9,29.5,83.2,Ceiling Fan,1,6.3,0.8934
Satara,10,27.7,54.2,Ceiling Fan,4,11.1,0.8896
Mumbai,9,31.0,83.9,Microwave Oven,4,1.3,1.7178
Satara,4,29.5,39.2,Washing Machine,3,0.6,0.3374
Mumbai,3,24.8,53.4,Refrigerator,2,23.2,4.9894
Mumbai,8,22.4,50.9,Desktop Computer,2,4.9,1.4715
Mumbai,12,25.7,63.3,Air Conditioner,4,3.3,6.6321
Satara,5,33.5,51.4,Air Conditioner,1,6.9,22.6534
Mumbai,11,30.2,72.5,Microwave Oven,4,0.7,0.9155
Mumbai,12,26.9,57.0,Washing Machine,4,0.5,0.2408
Mumbai,6,34.7,82.6,Washing Machine,4,1.3,0.6779
Mumbai,11,29.5,78.4,Refrigerator,1,22.1,5.9378
Mumbai,9,11.7,23.5,Air Conditioner,1,0.5,0.9438
Satara,8,23.5,90.0,Water Heater (Geyser),2,1.6,4.423
Mumbai,5,29.5,60.1,Desktop Computer,3,5.0,1.443
Satara,2,44.6,45.4,Room Heater,4,5.5,12.6717
Satara,9,22.9,81.7,Ceiling Fan,3,10.8,1.016
Mumbai,4,32.1,66.4,LED TV,4,7.2,0.589
Mumbai,2,34.8,47.4,Microwave Oven,1,14.5,23.1741
Satara,1,25.0,69.1,Room Heater,1,21.2,52.2225
Satara,7,24.2,84.6,Refrigerator,4,23.0,3.8943
Mumbai,12,26.8,62.4,Microwave Oven,3,1.0,1.363
Satara,6,24.4,69.3,Air Conditioner,3,7.0,15.8444
Mumbai,6,30.8,85.3,Room Heater,4,3.3,7.0847
Satara,11,21.1,93.0,Water Heater (Geyser),3,10.1,24.7788
Mumbai,10,31.1,79.4,Ceiling Fan,2,8.8,1.1061
Satara,8,21.7,82.0,Air Conditioner,5,9.6,15.9079
Satara,7,22.8,84.5,Washing Machine,1,1.5,1.1071
Satara,11,24.3,47.3,Air Conditioner,1,10.6,28.2829
Satara,8,25.0,83.5,Room Heater,3,1.5,3.3745
Mumbai,5,32.7,88.3,Iron,4,0.4,0.437
Satara,2,25.8,29.5,Desktop Computer,1,7.4,2.4621
Satara,3,25.8,49.5,Microwave Oven,5,1.0,1.0996
Satara,11,44.3,81.0,Desktop Computer,5,0.9,0.2229
Mumbai,6,29.2,75.4,Room Heater,5,4.7,9.0498
Satara,2,24.1,31.7,LED TV,2,6.6,0.6015
Mumbai,12,27.3,56.2,Microwave Oven,4,0.6,0.7394
Satara,9,24.8,74.0,Water Heater (Geyser),2,2.2,6.0004
Mumbai,9,15.5,21.6,Iron,1,22.5,24.403
Satara,8,37.5,23.2,Desktop Computer,5,20.7,4.4355
Satara,3,27.0,39.2,Desktop Computer,3,6.4,1.7277
Satara,8,21.2,89.0,Room Heater,3,2.0,4.2451
Satara,1,24.1,41.9,Iron,4,0.7,0.6932
Mumbai,5,33.3,74.2,Iron,3,1.5,1.7074
Satara,2,23.7,40.3,Ceiling Fan,2,14.6,1.5257
Satara,9,35.1,31.0,Iron,1,8.0,9.6268
Satara,11,24.3,52.6,LED TV,1,5.3,0.5495
Satara,11,24.3,54.7,Water Heater (Geyser),1,2.2,6.4542
Mumbai,5,43.0,41.2,Ceiling Fan,5,8.2,0.6238
Satara,11,23.7,62.0,Room Heater,2,1.9,4.4645
Mumbai,11,30.7,64.5,LED TV,4,5.3,0.4394
Satara,12,21.1,57.2,Ceiling Fan,5,15.6,0.8835
Mumbai,6,30.8,74.5,Washing Machine,5,1.0,0.4207
Satara,3,30.2,41.8,Water Heater (Geyser),1,8.6,25.5286
Mumbai,8,26.1,88.6,Air Conditioner,1,4.9,14.3651
Mumbai,4,27.0,72.2,LED TV,3,3.9,0.3563
Mumbai,9,28.7,78.9,Washing Machine,5,1.7,0.7289
Mumbai,7,29.1,87.9,Ceiling Fan,5,15.4,1.0117
Satara,5,29.2,40.6,Ceiling Fan,4,7.1,0.5651
Satara,9,27.7,80.3,Iron,4,0.9,0.9566
Satara,3,26.1,39.7,Air Conditioner,1,5.3,14.8909
Mumbai,2,26.9,51.9,Refrigerator,4,20.9,3.3487
Satara,8,18.4,60.4,LED TV,2,14.4,1.3358
Mumbai,9,30.6,40.7,Refrigerator,3,12.9,2.5386
Mumbai,7,31.1,89.4,Room Heater,5,3.8,7.6588
Satara,3,22.6,30.1,Desktop Computer,1,3.2,1.0635
Mumbai,8,28.6,87.4,LED TV,3,6.6,0.6122
Mumbai,2,26.2,61.8,Refrigerator,1,21.2,5.2829
Mumbai,11,30.4,59.6,Washing Machine,4,1.0,0.497
Satara,4,34.7,81.0,Room Heater,1,4.2,11.7242
Satara,11,27.4,48.7,Air Conditioner,5,15.2,26.9497
Mumbai,2,21.3,57.9,Air Conditioner,2,3.5,8.1162
Mumbai,3,25.7,72.7,Refrigerator,4,20.5,3.3711
Mumbai,4,31.8,64.9,LED TV,2,4.0,0.4057
Satara,7,45.9,44.0,Washing Machine,1,12.0,9.3282
Mumbai,4,29.0,66.4,Desktop Computer,4,7.1,1.8283
Satara,12,22.5,39.0,Refrigerator,5,20.2,2.5501
Mumbai,3,29.2,57.9,LED TV,1,3.8,0.4001
Mumbai,6,46.4,36.3,Room Heater,4,7.5,17.2504
Mumbai,12,26.7,76.0,Desktop Computer,5,5.6,1.2552
Satara,5,30.0,37.9,Room Heater,1,3.0,7.5432
Satara,6,29.7,74.0,Desktop Computer,4,2.3,0.5911
Satara,12,24.9,60.6,Washing Machine,5,1.1,0.4422
Mumbai,11,31.1,61.9,LED TV,3,4.4,0.399
Mumbai,2,44.6,80.6,Room Heater,4,18.4,43.9954
Satara,5,28.8,48.2,Room Heater,2,3.2,7.6783
Mumbai,10,31.7,80.0,Water Heater (Geyser),1,1.7,5.6077
Satara,12,18.9,94.2,Washing Machine,1,15.3,11.2945
Satara,12,21.3,45.6,LED TV,2,4.7,0.4506
Mumbai,2,28.9,75.9,Ceiling Fan,4,13.9,1.1665
Mumbai,9,29.5,89.9,Iron,2,0.5,0.5992
Satara,2,23.1,34.6,Water Heater (Geyser),5,1.3,2.3874
Satara,4,30.8,45.2,Iron,4,0.9,0.9255
Satara,3,31.2,40.6,Refrigerator,3,22.8,4.5479
Satara,2,23.7,42.5,Iron,2,0.4,0.4449
Mumbai,9,44.0,27.2,Ceiling Fan,5,5.0,0.3736
Satara,3,27.4,41.7,Air Conditioner,3,4.4,10.1235
Satara,7,25.7,83.5,LED TV,4,4.4,0.3598
Mumbai,2,22.6,34.9,Microwave Oven,3,23.7,30.2901
Mumbai,10,47.2,87.1,Microwave Oven,2,21.5,35.9028
Mumbai,11,30.6,58.0,Room Heater,2,2.7,6.4637
Mumbai,11,36.1,92.0,Washing Machine,3,7.8,4.8943
Mumbai,1,24.3,65.6,Air Conditioner,1,7.1,19.689
Mumbai,7,30.1,88.1,Refrigerator,1,23.8,6.5624
Mumbai,12,30.2,71.0,LED TV,5,4.8,0.3501
Mumbai,7,47.8,84.6,Ceiling Fan,3,11.4,1.5508
Satara,10,26.2,68.2,Microwave Oven,1,1.0,1.5704
Mumbai,5,35.4,55.5,Iron,5,1.5,1.4857
Mumbai,8,27.1,83.1,Microwave Oven,1,0.4,0.647
Mumbai,10,30.2,68.0,Water Heater (Geyser),3,0.7,1.8142
Satara,8,12.8,88.1,Desktop Computer,1,4.3,1.449
Satara,4,28.4,36.6,Air Conditioner,1,9.4,27.2341
Satara,1,25.4,55.0,Iron,1,1.1,1.3234
Satara,1,20.0,58.0,Water Heater (Geyser),5,2.8,5.1448
Mumbai,3,27.9,56.9,Ceiling Fan,5,15.2,0.9446
Satara,11,23.1,58.0,Iron,1,1.1,1.3224
Mumbai,2,28.7,70.0,Refrigerator,3,21.6,4.4731
Mumbai,8,29.5,84.2,Water Heater (Geyser),2,2.9,8.3188
Mumbai,9,25.8,45.3,Ceiling Fan,5,22.4,1.3336
Mumbai,2,24.5,61.6,Microwave Oven,1,1.4,2.1593
Satara,9,23.5,81.7,LED TV,3,7.7,0.6975
Satara,10,26.2,55.8,Iron,2,1.1,1.2607
Mumbai,12,34.9,26.4,Desktop Computer,2,9.7,3.0589
Satara,7,15.6,78.4,Microwave Oven,1,2.0,2.9861
Satara,2,21.7,48.8,Ceiling Fan,2,5.4,0.5639
Satara,1,18.4,94.7,Air Conditioner,1,18.6,46.9137
Satara,7,26.4,84.9,LED TV,2,7.3,0.7528
Satara,10,28.4,58.9,Microwave Oven,5,0.7,0.7922
Mumbai,9,28.7,83.0,Iron,5,0.4,0.4073
Satara,5,30.4,76.4,LED TV,3,3.4,0.3132
Satara,2,22.9,48.6,LED TV,1,3.6,0.3669
Mumbai,5,33.2,60.6,Microwave Oven,2,1.5,2.2496
Mumbai,10,29.5,67.0,Water Heater (Geyser),4,11.3,25.8155
Satara,4,26.1,41.4,Iron,5,13.1,12.0468
Mumbai,6,29.8,86.6,Iron,1,1.1,1.3926
Mumbai,12,26.9,59.1,Ceiling Fan,3,4.9,0.4762
Satara,2,25.8,41.1,Iron,3,1.1,1.146
Satara,6,25.8,73.5,Washing Machine,2,0.6,0.3927
Satara,10,26.3,59.5,Ceiling Fan,5,10.9,0.6787
Mumbai,4,28.1,68.9,Room Heater,5,2.3,4.3817
Mumbai,12,46.5,94.7,Iron,4,13.6,15.7413
Mumbai,2,25.4,55.8,Air Conditioner,4,7.1,13.9156
Mumbai,6,30.4,82.0,Room Heater,1,4.1,11.1408
Mumbai,12,44.7,75.4,Room Heater,1,9.2,28.5518
Mumbai,12,25.8,59.9,Refrigerator,5,23.5,3.1207
Satara,3,30.8,43.9,Washing Machine,1,0.8,0.5726
Satara,3,27.0,39.1,Room Heater,5,5.0,8.7276
Satara,4,29.6,53.0,Refrigerator,2,23.0,5.3914
Satara,5,33.1,37.9,Refrigerator,5,20.7,2.9261
Satara,11,23.1,47.9,Microwave Oven,2,1.2,1.6744
Mumbai,2,10.8,77.0,Water Heater (Geyser),4,3.7,7.1868
Mumbai,3,21.1,64.1,Desktop Computer,1,19.4,6.6459
Satara,10,22.6,65.8,Washing Machine,3,1.1,0.6107
Mumbai,1,26.7,62.3,LED TV,1,6.8,0.7301
Satara,4,34.0,92.9,Room Heater,1,18.6,53.0197
Mumbai,7,36.9,58.1,Air Conditioner,1,20.6,71.9027
Mumbai,4,27.6,58.7,LED TV,4,3.0,0.2375
Satara,11,28.5,47.5,Refrigerator,5,21.9,3.0254
Mumbai,9,29.5,76.7,Air Conditioner,2,8.7,24.9865
Satara,3,24.7,40.1,Iron,1,0.7,0.8157
Mumbai,8,27.3,90.4,Microwave Oven,2,1.0,1.5188
Mumbai,6,31.2,84.3,Washing Machine,4,0.7,0.3668
Mumbai,4,30.3,67.5,Microwave Oven,5,1.1,1.2955
Mumbai,11,39.7,71.0,Desktop Computer,5,2.6,0.6174
Mumbai,2,27.0,58.5,Refrigerator,2,22.2,4.95
Satara,2,17.2,70.2,Washing Machine,1,16.8,11.8073
Mumbai,12,27.0,70.9,Microwave Oven,1,0.9,1.4549
Mumbai,4,32.5,72.1,Room Heater,2,4.9,12.5036
Satara,9,26.1,61.1,Water Heater (Geyser),1,1.4,4.1909
Satara,5,32.0,29.4,Room Heater,2,4.9,11.7546
Mumbai,7,30.9,85.4,Microwave Oven,5,0.8,0.962
Mumbai,7,30.0,83.8,Room Heater,3,3.2,7.4333
Satara,12,21.3,35.0,Iron,3,1.3,1.3472
Satara,1,20.6,33.6,Ceiling Fan,1,10.0,1.1421
Mumbai,6,34.0,79.3,Iron,3,1.4,1.5999
Mumbai,2,27.5,60.4,Iron,4,0.7,0.7102
Satara,9,26.2,67.5,Iron,5,0.9,0.8755
Mumbai,1,25.1,25.6,LED TV,5,13.8,0.9218
Satara,7,25.1,83.7,Room Heater,4,3.8,7.9976
Mumbai,11,25.0,45.8,Refrigerator,4,7.2,1.1276
Mumbai,2,23.3,55.9,LED TV,5,2.2,0.1521
Satara,12,20.9,58.4,Washing Machine,1,1.8,1.2688
Mumbai,2,37.2,38.5,Ceiling Fan,1,12.8,1.9125
Mumbai,1,25.3,59.3,Room Heater,1,3.1,7.8973
Mumbai,7,31.6,88.4,Desktop Computer,3,2.2,0.6666
Satara,12,21.9,63.6,Water Heater (Geyser),2,21.1,55.1345
Mumbai,3,24.8,60.9,Refrigerator,2,21.0,4.5822
Satara,10,28.5,48.8,Water Heater (Geyser),1,1.8,5.4024
Mumbai,7,30.2,92.4,Desktop Computer,5,5.3,1.221
Mumbai,3,27.4,67.4,Refrigerator,2,23.9,5.4492
Satara,10,25.4,54.3,Washing Machine,2,0.8,0.504
Mumbai,5,39.8,41.6,Washing Machine,1,14.4,10.8504
Satara,7,25.9,88.5,Desktop Computer,4,7.7,1.9918
Satara,3,32.4,39.5,Room Heater,4,2.6,5.3137
Satara,5,36.3,58.0,Washing Machine,1,0.8,0.617
Satara,4,27.7,38.0,LED TV,3,6.4,0.5618
Satara,11,24.5,50.3,Room Heater,2,4.5,10.1596
Mumbai,10,23.4,40.7,Ceiling Fan,5,22.5,1.304
Satara,4,14.8,48.6,LED TV,4,8.3,0.6077
Satara,7,20.5,41.9,Air Conditioner,1,11.8,29.055
Satara,4,29.3,59.0,Iron,5,1.0,0.948
Satara,11,35.4,72.5,Water Heater (Geyser),1,3.5,11.6253
Mumbai,12,46.8,79.2,Ceiling Fan,1,15.3,2.7163
Satara,7,45.2,71.3,LED TV,1,6.6,0.7586
Satara,3,24.8,35.8,Air Conditioner,3,13.0,28.1734
Mumbai,10,30.7,70.7,Microwave Oven,5,0.4,0.4749
Mumbai,1,25.7,24.8,Washing Machine,3,4.8,2.5043
Mumbai,7,21.9,24.5,Microwave Oven,1,11.2,15.7919
Mumbai,12,27.2,60.7,Microwave Oven,5,0.5,0.5754
Satara,10,28.5,52.7,LED TV,3,2.3,0.2042
Satara,6,28.9,83.1,Water Heater (Geyser),1,2.5,7.9232
Mumbai,7,20.3,33.6,Desktop Computer,4,9.9,2.2518
Mumbai,4,32.1,67.1,LED TV,5,2.3,0.1649
Satara,2,21.9,44.5,Microwave Oven,5,1.0,1.0964
Mumbai,3,29.1,29.6,Air Conditioner,5,14.0,24.2922
Mumbai,7,10.8,25.9,Desktop Computer,5,16.0,2.8996
Satara,5,10.2,43.1,Refrigerator,1,19.2,3.7451
Satara,7,26.0,84.4,Ceiling Fan,5,7.6,0.4827
Satara,12,20.3,49.3,Iron,3,1.3,1.3443
Satara,10,25.3,77.8,Desktop Computer,3,3.1,0.8847
Satara,11,25.4,49.7,Water Heater (Geyser),5,2.5,4.8491
Mumbai,10,29.4,80.6,Washing Machine,4,0.8,0.4069
Mumbai,9,30.7,84.9,Iron,5,1.0,0.9911
Mumbai,3,29.5,62.0,Washing Machine,2,1.1,0.718
Satara,1,26.4,56.2,Air Conditioner,2,10.4,26.9125
Satara,8,25.6,84.8,Washing Machine,2,1.3,0.8608
Mumbai,8,28.6,91.8,Iron,4,0.4,0.4324
Mumbai,10,44.7,20.9,Desktop Computer,2,16.9,5.4803
Satara,7,24.4,77.4,Iron,5,1.3,1.2716
Mumbai,9,29.5,98.0,Iron,5,0.4,0.4109
Satara,2,24.3,49.4,Desktop Computer,5,8.1,1.7086
Mumbai,12,21.6,65.3,LED TV,5,4.2,0.2988
Satara,5,26.3,79.9,Microwave Oven,1,2.3,3.6577
Mumbai,2,33.4,47.5,Iron,1,1.5,1.8065
Satara,11,28.8,59.9,Desktop Computer,3,4.8,1.3543
Mumbai,6,39.4,39.8,Microwave Oven,2,1.4,2.0675
Mumbai,9,31.0,79.1,Desktop Computer,4,5.1,1.3462
Mumbai,10,31.7,68.9,Iron,3,1.4,1.5419
Mumbai,6,29.6,83.1,Iron,2,0.6,0.7195
Mumbai,5,32.3,84.1,Washing Machine,1,1.6,1.2413
Mumbai,1,19.3,27.9,Refrigerator,5,4.9,0.5685
Satara,12,22.1,36.2,Room Heater,2,4.8,10.4957
Mumbai,6,28.6,88.9,Refrigerator,1,22.0,5.9981
Satara,11,25.0,73.5,Microwave Oven,3,0.8,1.0863
Satara,5,31.2,46.9,Desktop Computer,5,2.1,0.4556
Mumbai,9,27.9,81.6,LED TV,5,3.5,0.2584
Satara,8,23.6,71.7,Ceiling Fan,4,6.4,0.4902
Mumbai,12,25.5,69.2,Air Conditioner,4,2.9,5.9066
Mumbai,4,30.3,66.4,Ceiling Fan,5,9.6,0.6411
Satara,8,21.7,82.6,Microwave Oven,4,0.7,0.8816
Satara,11,19.4,63.8,Microwave Oven,4,1.3,1.5593
Satara,1,21.7,39.9,LED TV,5,6.8,0.4595
Satara,1,24.4,35.9,Water Heater (Geyser),5,1.5,2.7849
Mumbai,9,11.2,63.5,Iron,5,7.8,7.0139
Mumbai,3,30.5,73.5,LED TV,1,3.7,0.4076
Mumbai,5,32.8,79.1,Water Heater (Geyser),1,2.2,7.1723
Satara,8,22.0,85.4,Microwave Oven,3,3.9,5.3243
Mumbai,7,41.6,82.0,LED TV,3,20.1,1.9649
Satara,3,25.9,65.3,Desktop Computer,1,16.8,5.853
Satara,9,26.9,78.9,Washing Machine,5,0.9,0.3776
Satara,3,31.7,30.5,LED TV,1,9.1,0.9463
Mumbai,7,28.3,84.5,Ceiling Fan,1,15.0,2.1126
Mumbai,10,29.8,74.9,Air Conditioner,5,8.4,16.0658
Mumbai,11,25.6,64.8,Desktop Computer,3,4.7,1.309
Mumbai,5,31.6,79.2,Air Conditioner,5,10.8,21.4034
Satara,7,22.7,88.3,Washing Machine,1,1.6,1.1878
Satara,6,27.3,76.4,Room Heater,2,5.4,13.1163
Satara,12,23.8,38.6,Water Heater (Geyser),1,1.9,5.2178
Mumbai,1,26.7,63.8,Water Heater (Geyser),2,2.1,5.7753
Satara,12,44.5,66.9,Refrigerator,2,7.3,2.0238
Mumbai,9,29.8,80.3,Refrigerator,2,23.0,5.561
Mumbai,12,32.2,52.5,Air Conditioner,4,12.0,27.4177
Satara,2,21.3,46.0,Ceiling Fan,2,11.2,1.1514
Satara,5,21.3,94.3,Ceiling Fan,3,10.7,0.995
Satara,5,19.1,17.4,LED TV,1,16.7,1.5834
Mumbai,4,29.8,64.6,Room Heater,1,3.1,8.1872
Mumbai,10,29.2,76.4,Washing Machine,4,1.2,0.6087
Satara,12,16.7,42.3,Iron,4,0.9,0.8595
Mumbai,5,31.1,64.0,Microwave Oven,4,1.4,1.8003
Satara,2,25.8,30.5,LED TV,5,7.7,0.5182
Mumbai,12,21.6,73.7,Water Heater (Geyser),1,21.2,61.489
Mumbai,4,28.3,78.6,Iron,1,0.8,1.0043
Mumbai,6,34.3,73.7,Iron,3,1.2,1.3647
Satara,6,26.2,78.6,LED TV,4,5.7,0.462
Mumbai,4,29.9,68.0,Room Heater,5,6.0,11.4748
Mumbai,4,27.9,62.5,Washing Machine,4,1.8,0.8944
Mumbai,6,31.2,89.0,Desktop Computer,2,7.0,2.3375
Satara,11,29.2,46.4,Desktop Computer,2,5.1,1.5976
Satara,5,13.7,65.7,Room Heater,4,9.1,16.0998
Mumbai,4,30.1,74.7,Iron,4,0.8,0.8461
Satara,8,29.5,38.3,Refrigerator,2,2.4,0.5305
Satara,2,21.4,54.5,Air Conditioner,5,3.6,5.5946
Satara,3,23.3,37.8,Refrigerator,5,21.8,2.7288
Mumbai,6,33.1,83.9,Room Heater,2,1.7,4.4669
Mumbai,2,22.8,51.7,LED TV,1,4.8,0.4929
Satara,8,24.9,79.7,Iron,4,1.0,1.0408
Mumbai,6,33.2,80.3,Air Conditioner,2,11.7,35.5192
Satara,12,23.6,46.6,Refrigerator,4,20.7,3.1796
Mumbai,9,28.6,74.5,Water Heater (Geyser),4,1.5,3.5168
Satara,7,25.7,78.3,Room Heater,4,5.2,10.5037
Satara,11,32.7,29.3,Iron,2,11.6,12.8692
Satara,6,30.1,67.1,Room Heater,1,3.1,8.1688
Satara,1,20.7,37.9,Water Heater (Geyser),4,3.0,6.0347
Mumbai,4,11.6,68.9,Desktop Computer,4,13.1,3.0624
Satara,3,24.9,42.1,Ceiling Fan,3,4.9,0.4412
Mumbai,1,19.8,52.0,LED TV,5,20.9,1.3932
Satara,4,32.5,35.0,Water Heater (Geyser),3,1.9,4.855
Mumbai,6,31.0,61.3,Desktop Computer,4,10.5,2.6602
Satara,5,29.2,51.5,Air Conditioner,1,3.4,9.9642
Mumbai,5,35.9,35.2,Room Heater,3,9.7,22.2176
Mumbai,9,30.2,85.9,Microwave Oven,4,1.0,1.3086
Satara,6,11.6,49.3,Iron,1,19.7,22.4702
Mumbai,9,28.3,80.1,Washing Machine,2,0.5,0.3335
Satara,11,29.4,71.6,Desktop Computer,5,23.6,5.2201
Mumbai,1,43.1,50.6,Washing Machine,1,12.6,9.9661
Mumbai,8,29.5,86.4,Air Conditioner,2,4.8,13.7631
Mumbai,10,28.4,78.0,Desktop Computer,4,4.6,1.1813
Mumbai,12,35.1,24.4,Air Conditioner,4,4.9,10.9162
Satara,8,20.8,77.5,Desktop Computer,3,4.6,1.3098
Mumbai,12,13.0,90.7,Water Heater (Geyser),5,21.3,38.1953
Satara,10,23.0,68.8,Iron,2,0.6,0.6911
Mumbai,4,32.5,70.2,Washing Machine,1,1.1,0.8455
Mumbai,11,27.2,45.2,LED TV,3,7.4,0.6453
Mumbai,11,27.8,77.6,Washing Machine,5,2.0,0.8276
Satara,12,20.1,46.8,LED TV,2,2.1,0.1941
Satara,2,32.4,51.8,Air Conditioner,3,5.8,15.0135
Satara,12,39.3,36.0,Room Heater,2,13.6,34.6141
Mumbai,12,29.8,49.1,Microwave Oven,1,0.9,1.3852
Satara,5,35.7,43.2,LED TV,2,3.7,0.3616
Mumbai,2,25.4,62.2,Microwave Oven,1,1.5,2.3137
Mumbai,10,27.8,60.6,Washing Machine,4,0.6,0.2866
Satara,9,28.3,84.8,Microwave Oven,1,1.4,2.3166
Mumbai,2,24.2,58.7,LED TV,5,5.1,0.3595
Satara,11,26.2,71.1,Room Heater,5,2.8,5.2287
Satara,11,21.2,60.2,LED TV,5,8.0,0.5456
Mumbai,8,30.1,88.1,LED TV,5,6.4,0.4781
Mumbai,4,31.4,69.2,Ceiling Fan,4,8.8,0.7618
Satara,3,32.0,32.1,Water Heater (Geyser),4,2.4,5.5201
Satara,4,32.2,49.9,Refrigerator,1,22.6,6.0288
Satara,12,20.1,31.9,Ceiling Fan,5,8.3,0.4403
Mumbai,8,27.1,87.1,Refrigerator,4,20.3,3.5099
Mumbai,3,37.5,79.5,Water Heater (Geyser),5,7.3,16.7212
Satara,2,18.6,51.1,Refrigerator,4,21.8,3.1831
Mumbai,4,30.1,60.8,Microwave Oven,1,0.5,0.797
Mumbai,11,16.0,64.4,Washing Machine,4,14.6,6.7994
Mumbai,8,29.8,86.3,Water Heater (Geyser),2,2.2,6.3757
Mumbai,7,28.4,89.2,Room Heater,1,3.6,9.7789
Mumbai,3,33.0,73.5,Iron,5,0.9,0.8948
Satara,12,46.6,62.4,Ceiling Fan,4,7.3,0.7662
Satara,4,27.6,44.9,Iron,5,1.2,1.1273
Mumbai,4,29.5,65.8,Iron,5,1.3,1.2668
Mumbai,2,32.2,90.3,LED TV,2,4.6,0.4786
Mumbai,8,20.0,61.4,Washing Machine,5,17.1,6.6908
Mumbai,9,29.0,84.1,Desktop Computer,2,7.8,2.6181
Mumbai,12,27.0,77.8,Air Conditioner,4,5.1,10.7643
Mumbai,12,24.1,73.6,Refrigerator,3,22.0,4.2199
Satara,6,29.2,81.6,Desktop Computer,1,4.1,1.4721
Satara,4,31.4,47.6,Air Conditioner,3,2.5,6.2925
Satara,7,28.0,87.0,Iron,3,1.4,1.5949
Mumbai,12,23.8,63.7,Microwave Oven,2,1.0,1.4382
Satara,10,28.0,70.1,Microwave Oven,2,0.6,0.8938
Satara,2,26.8,48.7,Water Heater (Geyser),3,2.2,5.3234
Mumbai,3,28.2,55.1,Room Heater,1,1.6,4.0513
Satara,3,29.9,35.4,Microwave Oven,5,1.2,1.33
Satara,9,27.3,70.0,Desktop Computer,3,7.7,2.1884
Satara,11,23.9,57.6,Iron,5,1.3,1.2411
Mumbai,12,28.4,61.6,Refrigerator,5,20.4,2.8836
Satara,9,25.8,65.6,Washing Machine,4,1.5,0.7323
Satara,8,23.2,83.3,Washing Machine,3,1.4,0.8055
Mumbai,4,17.9,64.7,LED TV,2,3.5,0.3232
Mumbai,11,37.9,29.6,Iron,1,8.5,10.319
Satara,12,22.3,41.6,Desktop Computer,2,3.7,1.0972
Satara,12,31.4,85.0,Desktop Computer,4,7.2,1.9058
Mumbai,8,28.6,91.9,Ceiling Fan,3,4.4,0.4513
Mumbai,6,29.7,78.7,LED TV,5,7.5,0.5542
Satara,11,23.4,44.7,Water Heater (Geyser),1,0.5,1.4024
Satara,8,23.2,80.2,Water Heater (Geyser),4,2.7,5.9962
Satara,10,25.2,65.3,Desktop Computer,3,8.9,2.4733
Satara,10,26.7,61.7,Room Heater,2,2.3,5.4033
Mumbai,12,27.1,61.5,Desktop Computer,2,5.4,1.7139
Mumbai,7,40.4,24.6,LED TV,1,3.4,0.3624
Satara,12,22.4,49.5,Air Conditioner,1,7.9,20.5429
Satara,8,27.7,66.7,Desktop Computer,2,2.0,0.6381
Satara,2,25.1,34.3,LED TV,2,4.5,0.4137
Mumbai,3,25.8,70.5,Refrigerator,1,20.2,5.1915
Mumbai,10,32.7,73.9,Ceiling Fan,4,15.7,1.391
Mumbai,7,28.2,84.9,Washing Machine,5,1.0,0.4197
Mumbai,4,29.1,73.2,LED TV,3,3.5,0.3158
Satara,2,25.4,41.9,Microwave Oven,5,1.3,1.4191
Satara,1,47.8,53.1,Microwave Oven,3,17.4,25.9194
Satara,4,30.2,57.5,Refrigerator,3,23.9,4.8118
Mumbai,4,28.2,67.7,Water Heater (Geyser),1,2.5,7.6232
Satara,1,18.3,43.8,Air Conditioner,2,7.7,16.4429
Mumbai,11,27.7,54.5,Ceiling Fan,2,6.8,0.7828
Satara,6,26.3,81.0,Water Heater (Geyser),1,1.4,4.2619
Satara,3,25.2,35.0,Desktop Computer,1,5.5,1.8114
Mumbai,6,33.6,86.3,Water Heater (Geyser),5,2.6,5.8335
Mumbai,2,28.3,51.2,Microwave Oven,2,1.5,2.1621
Satara,4,32.4,35.1,Microwave Oven,1,1.0,1.5552
Mumbai,3,25.4,72.1,Iron,4,1.0,1.0136
Satara,3,29.7,38.2,Air Conditioner,4,11.0,22.8853
Satara,4,31.3,39.1,Washing Machine,3,0.9,0.5145
Mumbai,12,26.6,35.1,Iron,3,6.5,6.7561
Mumbai,11,44.0,23.0,Ceiling Fan,4,15.0,1.4462
Mumbai,1,27.6,61.5,Washing Machine,1,1.7,1.2343
Mumbai,9,29.1,88.2,Iron,4,1.4,1.5173
Satara,2,23.1,43.3,Desktop Computer,4,7.6,1.8056
Satara,7,44.1,61.5,Refrigerator,2,22.1,6.0866
Satara,2,24.8,40.0,Desktop Computer,2,6.6,1.9995
Mumbai,2,26.7,70.0,Air Conditioner,1,5.1,15.0597
Satara,3,29.1,40.5,Microwave Oven,4,5.5,6.609
Mumbai,3,23.0,54.0,Air Conditioner,3,2.1,4.5029
Mumbai,8,29.0,80.7,Room Heater,5,5.9,11.3398
Satara,10,24.9,51.5,Microwave Oven,4,17.9,21.6954
Satara,5,28.2,51.3,Ceiling Fan,2,5.9,0.687
Mumbai,11,43.4,71.5,Refrigerator,1,21.1,6.606
Satara,8,39.1,74.6,Water Heater (Geyser),2,19.8,62.7888
Satara,5,29.0,57.6,LED TV,1,4.7,0.5041
Satara,10,46.2,50.7,Iron,2,1.2,1.4527
Mumbai,6,30.8,76.0,Washing Machine,4,1.3,0.6618
Satara,6,29.3,86.3,Iron,5,0.6,0.5948
Satara,12,30.3,69.2,Room Heater,4,4.8,10.1433
Mumbai,5,33.2,79.4,Iron,1,0.6,0.7613
Satara,3,26.9,50.1,Washing Machine,2,1.7,1.0654
Mumbai,7,30.1,92.9,Ceiling Fan,1,10.2,1.4942
Satara,5,33.7,69.9,Microwave Oven,5,1.0,1.171
Satara,1,37.2,70.2,Water Heater (Geyser),3,21.3,61.0521
Mumbai,7,31.6,83.8,Refrigerator,5,21.3,3.231
Satara,1,25.6,55.6,LED TV,4,7.5,0.5968
Satara,9,24.5,75.4,Iron,3,0.7,0.7735
Mumbai,8,28.4,81.4,Refrigerator,2,23.5,5.4745
Mumbai,12,28.1,65.1,Microwave Oven,5,1.3,1.4839
Mumbai,1,23.5,52.7,Microwave Oven,5,0.5,0.5517
Satara,2,13.4,62.2,Washing Machine,4,23.0,10.3601
Mumbai,12,25.5,53.1,Ceiling Fan,2,11.0,1.2395
Mumbai,11,29.2,67.1,Water Heater (Geyser),1,2.0,6.1344
Satara,8,24.0,80.3,LED TV,4,3.1,0.2499
Mumbai,6,31.7,85.8,LED TV,5,4.7,0.3566
Mumbai,5,18.0,59.6,Air Conditioner,3,19.0,36.0875
Mumbai,11,29.4,64.0,Iron,2,4.3,5.0598
Mumbai,6,33.1,78.7,Refrigerator,2,22.5,5.5828
Satara,5,33.8,48.3,Air Conditioner,1,2.4,7.7731
Mumbai,1,25.5,57.9,Refrigerator,2,21.8,4.7522
Mumbai,5,29.2,66.0,Refrigerator,2,22.3,5.1326
Mumbai,11,31.6,68.2,Water Heater (Geyser),3,1.9,5.1109
Satara,3,26.6,36.4,Washing Machine,1,1.2,0.8428
Satara,6,26.4,74.1,LED TV,4,3.7,0.302
Satara,6,18.7,40.4,Refrigerator,3,18.7,3.1859
Satara,1,21.0,49.1,Room Heater,4,4.3,8.1485
Mumbai,10,33.3,75.2,Microwave Oven,1,1.4,2.2835
Mumbai,10,28.9,78.3,Microwave Oven,4,0.4,0.5186
Satara,7,21.2,88.1,Water Heater (Geyser),2,2.8,7.635
Mumbai,2,23.7,51.3,Microwave Oven,3,0.3,0.3893
Satara,6,26.9,76.5,Air Conditioner,3,3.8,8.9929
Satara,4,22.8,72.3,Desktop Computer,2,6.0,1.8876
Satara,2,25.8,22.8,Microwave Oven,2,1.0,1.356
Satara,4,28.1,38.7,Microwave Oven,5,0.6,0.6629
Satara,1,20.3,50.8,Desktop Computer,4,2.9,0.685
Satara,4,28.9,74.6,Microwave Oven,2,19.5,29.3072
Mumbai,3,26.5,63.0,Air Conditioner,2,8.2,21.3663
Satara,7,27.6,34.1,Iron,2,2.4,2.707
Satara,4,30.3,52.6,Ceiling Fan,3,7.0,0.7166
Satara,12,18.3,61.2,Air Conditioner,4,9.1,15.452
Mumbai,2,27.2,65.4,Iron,5,1.3,1.2406
Satara,9,26.2,75.0,LED TV,3,6.1,0.543
Mumbai,9,23.6,82.9,Water Heater (Geyser),5,9.5,19.2441
Mumbai,1,23.3,66.8,LED TV,2,2.9,0.2824
Mumbai,12,15.2,64.2,LED TV,3,3.0,0.2527
Satara,2,22.9,46.7,Microwave Oven,3,1.3,1.6734
Satara,8,23.8,84.5,LED TV,5,7.1,0.5067
Satara,4,31.5,54.8,Iron,4,1.2,1.2302
Mumbai,8,28.7,87.9,Room Heater,5,2.4,4.6868
Satara,10,28.3,59.1,Room Heater,1,2.8,7.2848
Satara,12,19.4,50.4,LED TV,1,5.7,0.5812
Mumbai,3,18.2,38.3,Air Conditioner,3,4.6,8.4842
Mumbai,7,43.2,75.2,Refrigerator,3,6.0,1.4527
Satara,4,30.2,53.7,Refrigerator,1,20.3,5.4041
Mumbai,8,30.3,89.3,Desktop Computer,5,5.3,1.2227
Mumbai,4,10.1,34.6,Refrigerator,4,17.1,2.1515
Satara,9,24.5,74.3,Ceiling Fan,5,9.7,0.5894
Mumbai,7,31.6,92.2,LED TV,1,2.2,0.2465
Satara,5,38.2,63.4,Washing Machine,3,5.7,3.459
Mumbai,2,26.1,67.5,Water Heater (Geyser),3,0.6,1.5175
Satara,10,29.7,49.6,Washing Machine,5,1.9,0.7895
Satara,8,24.7,83.2,LED TV,3,8.0,0.7238
Satara,3,40.2,37.7,Refrigerator,5,15.7,2.4142
Mumbai,11,29.1,74.6,Iron,4,1.0,1.0356
Satara,1,20.1,42.3,Washing Machine,4,1.6,0.7244
Satara,8,27.5,90.8,Refrigerator,1,1.0,0.267
Satara,3,22.7,33.3,Air Conditioner,5,4.1,6.3617
Mumbai,6,35.6,84.8,Ceiling Fan,2,5.0,0.6736
Satara,4,32.5,38.8,Air Conditioner,2,6.9,19.4159
Satara,11,26.9,55.4,Air Conditioner,2,5.0,13.0422
Satara,9,27.0,79.9,Washing Machine,4,1.0,0.5108
Satara,5,32.4,74.3,Desktop Computer,4,14.8,3.879
Satara,9,23.3,96.1,Water Heater (Geyser),1,1.3,4.0074
Satara,10,22.9,78.8,Refrigerator,1,20.8,5.1626
Satara,6,14.2,89.7,Water Heater (Geyser),5,4.1,7.3651
Satara,10,12.9,87.5,Ceiling Fan,3,12.3,0.9647
Mumbai,11,23.4,80.0,Microwave Oven,5,4.6,5.3409
Satara,11,22.5,50.3,Refrigerator,4,20.1,3.1495
Satara,6,26.6,84.2,Room Heater,4,2.5,5.2006
Mumbai,8,40.3,41.2,Microwave Oven,5,8.9,10.4512
Mumbai,8,27.7,82.7,Refrigerator,1,20.8,5.4202
Satara,11,24.5,51.8,Microwave Oven,5,1.1,1.2161
Mumbai,4,31.1,67.7,Air Conditioner,3,2.9,7.6354
Mumbai,3,28.3,53.3,Water Heater (Geyser),2,0.7,1.8958
Satara,4,33.5,46.4,Washing Machine,4,1.4,0.6927
Mumbai,4,24.2,48.4,Microwave Oven,5,7.6,8.2695
Mumbai,10,31.2,72.9,LED TV,1,3.1,0.3399
Mumbai,7,30.9,80.0,Air Conditioner,1,6.0,19.3553
Mumbai,6,31.7,88.6,Washing Machine,4,0.7,0.3662
Mumbai,1,27.0,60.7,LED TV,4,4.0,0.3179
Satara,8,23.3,89.7,Iron,5,1.1,1.1013
Satara,7,25.4,82.6,LED TV,2,6.8,0.6799
Mumbai,6,34.4,87.6,Washing Machine,5,0.6,0.2657
Mumbai,5,21.6,85.8,Air Conditioner,5,17.5,29.0311
Satara,4,31.0,59.3,Room Heater,5,11.1,21.314
Mumbai,6,31.2,90.9,Refrigerator,1,22.4,6.1937
Satara,7,24.9,83.4,Water Heater (Geyser),3,2.8,7.0126
Satara,6,26.2,70.4,LED TV,2,7.9,0.776
Satara,11,15.7,18.8,Refrigerator,5,4.2,0.4576
Satara,1,28.4,55.5,Microwave Oven,5,1.0,1.1325
Mumbai,7,29.0,84.7,Microwave Oven,4,0.5,0.6628
Mumbai,10,25.6,31.2,Refrigerator,1,16.9,3.9959
Mumbai,3,26.1,65.9,LED TV,4,7.4,0.5951
Satara,1,33.6,82.1,Desktop Computer,3,21.0,6.3244
Mumbai,11,29.8,73.1,Refrigerator,1,21.3,5.7743
Mumbai,11,28.2,61.4,Room Heater,2,5.2,12.4685
Mumbai,5,31.5,70.9,Desktop Computer,4,7.0,1.838
Satara,2,17.4,23.3,Desktop Computer,5,20.2,3.8698
Satara,10,29.9,73.6,Refrigerator,4,21.1,3.6914
Mumbai,2,27.6,58.9,Water Heater (Geyser),2,1.2,3.2853
Mumbai,4,31.4,57.1,LED TV,4,3.1,0.2515
Satara,5,31.1,56.9,Room Heater,3,3.9,9.0692
Satara,11,22.0,32.6,Ceiling Fan,2,15.1,1.5215
Satara,11,23.9,44.6,Microwave Oven,2,1.4,1.9867
Satara,12,21.4,41.7,Ceiling Fan,4,10.5,0.7403
Mumbai,12,25.4,55.1,Refrigerator,3,21.2,4.0441
Mumbai,9,29.9,84.6,Desktop Computer,3,4.6,1.354
Mumbai,1,16.1,20.6,Iron,2,4.9,5.1105
Satara,1,45.6,74.4,Water Heater (Geyser),2,16.6,56.8168
Mumbai,12,27.0,75.7,Washing Machine,4,1.4,0.6888
Satara,11,12.2,90.3,Water Heater (Geyser),4,3.3,6.5711
Satara,12,20.3,44.2,Iron,2,1.0,1.1195
Mumbai,11,31.1,75.0,LED TV,5,6.3,0.458
Mumbai,11,37.3,59.0,Microwave Oven,5,13.6,16.282
Mumbai,2,26.1,61.1,Microwave Oven,2,1.3,1.8883
Satara,3,28.9,46.9,Water Heater (Geyser),3,2.2,5.5316
